company_name,legal_name,uid_che,che_confidence,street,postal_code,city,canton
A-Z Immodienste GmbH,A-Z Immodienste GmbH,CHE-340.395.485,confirme,Manessestrasse 2,8003,Zürich,ZH
A. Bill AG,A. Bill AG,CHE-107.146.970,confirme,Seftigenstrasse 315,3084,Wabern,BE
A. Bill AG — Immobilien,A. Bill AG,CHE-107.146.970,confirme,Seftigenstrasse 315,3084,Wabern,BE
A. Güntensperger AG,A. Güntensperger AG,CHE-107.301.207,confirme,Dörflistrasse 14,8057,Zürich,ZH
AARBRUGG AG,Aarbrugg AG,CHE-106.327.888,confirme,Seidenstrasse 3,5200,Brugg AG,AG
Abimmoway GmbH,Abimmoway GmbH,CHE-486.439.461,confirme,Hirzbodenweg 95,4052,Basel,BS
Abt & Domb AG,Abt & Domb AG,CHE-330.108.655,confirme,Bächliackerstrasse 4a,4402,Frenkendorf,BL
Achesa Lifestyle AG,Achesa Lifestyle AG,CHE-106.058.808,confirme,Hamelirainstrasse 5,8302,Kloten,ZH
Ackermann Immobilien AG,Ackermann Immobilien AG,CHE-103.158.098,confirme,Rütistrasse 3a,5400,Baden,AG
Activ Immotreuhand AG,ACTIV IMMOTREUHAND AG,CHE-416.599.906,confirme,Ringstrasse 9,4123,Allschwil,BL
Adimmo AG,Adimmo AG,CHE-105.526.333,confirme,Engelgasse 12,4052,Basel,BS
ADOWIA Immobilien AG,Adowia Immobilien AG,CHE-310.389.965,confirme,Neufeldstrasse 56,3604,Thun,BE
Advendis AG,Advendis AG,CHE-114.397.980,confirme,Artherstrasse 7,6301,Zug,ZG
AGENCE REMICOM GENEVE,REMICOM IMMOBILIER SA,CHE-112.458.240,confirme,route de Frontenex 58 bis,1207,Genève,GE
AGMENTO Immobilien AG,Agmento Immobilien AG,CHE-109.084.400,confirme,Eichengasse 3,4702,Oensingen,SO
Agora Immobilien AG,Agora Schweiz GmbH,CHE-206.114.844,confirme,Viaduktstrasse 93,8005,Zürich,ZH
Akiba GmbH Immobilien,Akiba GmbH,CHE-417.451.637,confirme,Einsiedlerstrasse 25,8820,Wädenswil,ZH
AKINETA Immobilien AG,AKINETA Immobilien AG,CHE-112.351.234,confirme,Dornacherstrasse 24,4600,Olten,SO
allcap AG,allcap AG,CHE-114.564.516,confirme,Vorstadt 12,8200,Schaffhausen,SH
Alliance Immobilière Genevoise,Alliance Immobilière Genevoise Sàrl,CHE-278.422.405,confirme,chemin J.-Ph.-De-Sauvage 37,1219,Châtelaine,GE
Allianz Suisse Immobilien AG,Allianz Suisse Immobilien AG,CHE-105.837.520,confirme,Richtiplatz 1,8304,Wallisellen,ZH
Allod Immobilien AG,Allod Immobilien AG,CHE-104.680.865,confirme,Rätusstrasse 22,7000,Chur,GR
Alloggi Ticino SA,Alloggi Ticino SA,CHE-100.885.842,confirme,Via della Posta 21,6934,Bioggio,TI
Allreal Generalunternehmung AG,Allreal Generalunternehmung AG,CHE-105.977.687,confirme,Lindbergh-Allee 1,8152,Glattpark (Opfikon),ZH
Alpine Immobilien AG,Alpine Immobilien AG,CHE-101.495.099,confirme,Sägereistrasse 25,8152,Glattbrugg,ZH
Alpstyle Immobilien AG,Alpstyle Immobilien AG,CHE-321.508.984,confirme,Dorfstrasse 22,3714,Frutigen,BE
Altitude Immobilier Sàrl,Altitude Immobilier Sàrl,CHE-112.017.870,confirme,Rue Centrale 19,3963,Crans-Montana,VS
Ambühl Immobilien AG,Ambühl Immobilien AG,CHE-407.587.181,confirme,Landstrasse 36,7252,Klosters Dorf,GR
ANIMMO Verwaltung GmbH,Animmo Verwaltung GmbH,CHE-189.964.466,confirme,Solothurnerstrasse 235,4600,Olten,SO
ANTERIM GmbH,Anterim GmbH,CHE-365.172.582,confirme,Bahnhofstrasse 3b,5504,Othmarsingen,AG
Architekturbüro Oskar Meier AG,Architekturbüro Oskar Meier AG,CHE-107.896.350,confirme,Kasernenstrasse 19,8180,Bülach,ZH
Arealis AG,Arealis AG,CHE-365.320.977,confirme,Stadtturmstrasse 10,5400,Baden,AG
Arimo Bewirtschaftung AG,Arimo Bewirtschaftung AG,CHE-185.306.726,confirme,Hauptstrasse 37,5070,Frick,AG
Arnold Riedo Immobilien AG,Arnold Riedo Holding AG,CHE-103.357.841,confirme,Warpelstrasse 12,3186,Düdingen,FR
Artemis Immobilien AG,Artemis Immobilien AG,CHE-101.785.812,confirme,Gishalde 1,4663,Aarburg,AG
Artisa Developer AG,Artisa Developer SA,CHE-361.167.889,confirme,Via Catonale 36,6928,Manno,TI
Assofide SA,Assofide SA,CHE-103.793.225,confirme,Via Luini 3,6600,Locarno,TI
Autocenter Macinko AG,Autocenter Macinko AG,CHE-246.422.163,confirme,Grabenstrasse 10,3600,Thun,BE
Auwiesen Immobilien AG,AUWIESEN IMMOBILIEN AG,CHE-105.788.910,confirme,Klosterstrasse 17,8406,Winterthur,ZH
Avaro AG,AVARO AG,CHE-337.623.409,confirme,Oberstrasse 32,9000,St. Gallen,SG
AVBTrade GmbH,AVBTrade GmbH,CHE-231.821.293,confirme,Via delle Scuole 3b,6900,Paradiso,TI
AVIDA,Avida Immobilien-Treuhand AG,CHE-103.803.119,confirme,Ringstrasse 14,4600,Olten,SO
Axim SA,Axim SA,CHE-113.941.958,confirme,Corso Elvezia 4,6900,Lugano,TI
B. Fronczek Immobilien GmbH,B. Fronczek Immobilien GmbH,CHE-109.040.331,confirme,Löwengartenstrasse 10,9400,Rorschach,SG
B2P SA,B2P SA,CHE-175.376.004,confirme,rue du Château 2,2013,Colombier NE,NE
Baltrusch Immobilien GmbH,Baltrusch Immobilien GmbH,CHE-307.559.037,confirme,Chapfstrasse 10,8906,Bonstetten,ZH
BARNES | Verbier,Barnes Verbier SA,CHE-401.654.896,confirme,Rue du Centre Sportif 22,1936,Verbier,VS
Baschung Immobilien GmbH,Baschung Immobilien GmbH,CHE-165.966.546,confirme,Hauptstrasse 54,4566,Kriegstetten,SO
Batag Treuhand  AG,Batag Treuhand AG,CHE-107.946.901,confirme,Thurbruggstrasse 11A,9215,Schönenberg an der Thur,TG
bauatelier - fuhrer. ag,bauatelier - fuhrer. ag,CHE-150.692.110,confirme,Emmentalstrasse 55,3432,Lützelflüh-Goldbach,BE
Baugenossenschaft berufstätiger Frauen — BBF,Baugenossenschaft berufstätiger Frauen,CHE-103.885.666,confirme,Wasserwerkstrasse 116,8037,Zürich,ZH
BaumannPlus GmbH,BaumannPlus GmbH,CHE-449.748.018,confirme,Allmendweg 2,3662,Seftigen,BE
Baurealit GmbH,Baurealit GmbH,CHE-110.169.457,confirme,Hüttlenen 6,6173,Flühli,LU
bavivi AG,bavivi AG,CHE-188.917.719,confirme,Pfingstweidstrasse 98,8005,Zürich,ZH
BCN Immo Sàrl,BCN Immo Sàrl,CHE-147.208.904,confirme,"c/o Nathalie Bulliard
Chemin de Fin-Derrey 21",1636,Broc,FR
belleREAL SA,belleREAL SA,CHE-101.638.594,confirme,Schlossmühlestrasse 9,8500,Frauenfeld,TG
Bellevia Immobilien AG,Bellevia Immobilien AG,CHE-446.946.007,confirme,Auenstrasse 8,8600,Dübendorf,ZH
Bellezza Immobilien GmbH,Bellezza Immobilien GmbH,CHE-112.498.699,confirme,Bahnhofstrasse 30,4543,Deitingen,SO
Belmont Residences AG,Belmont Residences AG,CHE-323.697.465,confirme,Zahnradstrasse 22,8005,Zürich,ZH
BEREUTER Totalunternehmung AG,BEREUTER TOTALUNTERNEHMUNG AG,CHE-115.160.883,confirme,Bahnhofstrasse 21,8307,Effretikon,ZH
Bernard Nicod SA,Bernard Nicod Nyon SA,CHE-108.023.494,confirme,Chemin d'Eysins 51,1260,Nyon,VD
Bernard Nicod | Lausanne Gérance,Bernard Nicod SA,CHE-105.851.230,confirme,Avenue de la Gare 26,1003,Lausanne,VD
Bernard Nicod | Montreux Gérance,Bernard Nicod Montreux SA,CHE-107.941.507,confirme,Rue du Théâtre 5,1820,Montreux,VD
Bernard Nicod | Morges Gérance,Bernard Nicod Morges SA,CHE-105.963.834,confirme,Rue de la Gare 11,1110,Morges,VD
Bernard Nicod | Nyon Gérance,Bernard Nicod Nyon SA,CHE-108.023.494,confirme,Chemin d'Eysins 51,1260,Nyon,VD
besser.verwalten ag,besser.verwalten ag,CHE-400.385.185,confirme,"c/o Dr. iur. Ronald Pedergnana, Rechtsanwälte und Notare
Rorschacher Strasse 21",9000,St. Gallen,SG
BETTERHOMES (Schweiz) AG,BETTERHOMES AG,CHE-112.567.225,confirme,Flurstrasse 55,8048,Zürich,ZH
BeVe Immobilien-Treuhand AG,BeVe Immobilien-Treuhand AG,CHE-113.060.259,confirme,Lange Gasse 15,4052,Basel,BS
Bewy AG,Bewy AG,CHE-141.728.559,confirme,"c/o Marcandrea Hunkeler
Hotzestrasse 16",8006,Zürich,ZH
BlatterIMMO AG,BlatterIMMO AG,CHE-104.536.843,confirme,Schaffhauserstrasse 66a,8451,Kleinandelfingen,ZH
Blattmann Immobilien-Treuhand,Blattmann Immobilien-Treuhand,CHE-107.388.266,confirme,"null
Imbisbühlstrasse 2",8049,Zürich,ZH
BODAG Immobilien AG,BODAG Immobilien AG,CHE-107.163.388,confirme,Bleichestrasse 32,8400,Winterthur,ZH
BODAG Immobilien AG — BODAG Immobilien AG,BODAG Immobilien AG,CHE-107.163.388,confirme,Bleichestrasse 32,8400,Winterthur,ZH
Bolliger Immobilier SA,Bolliger Immobilier SA,CHE-107.913.244,confirme,avenue Léopold-Robert 12,2300,La Chaux-de-Fonds,NE
Bolsinger Immobilien GmbH,Bolsinger Immobilien GmbH,CHE-164.796.483,confirme,Lautengartenstrasse 7,4052,Basel,BS
Bredella AG,Bredella AG,CHE-109.436.410,confirme,Hohenrainstrasse 10,4133,Pratteln,BL
Breitenmoser-Edelmann Treuhand AG,Breitenmoser-Edelmann Treuhand AG,CHE-103.476.262,confirme,Wassergasse 39,9000,St. Gallen,SG
Brixel AG,Brixel AG,CHE-359.870.695,confirme,Ernastrasse 22,8004,Zürich,ZH
Broggi SA,Broggi SA,CHE-464.257.816,confirme,rue des Epancheurs 6,2000,Neuchâtel,NE
BRUN AG Luzern,BRUN AG,CHE-100.459.161,confirme,Emmenweidstrasse 58A,6020,Emmenbrücke,LU
Brunner Verwaltungen AG,Brunner AG Thun,CHE-103.664.266,confirme,Bierigutstrasse 1A,3608,Thun,BE
Bucher,Bucher und Partner AG,CHE-101.090.756,confirme,Christoph-Schnyderstrasse 46,6210,Sursee,LU
Bujar Immobilier SA,Bujar Immobilier SA,CHE-445.747.801,confirme,Route des Vernettes 7,1566,St-Aubin FR,FR
BULWARK Real Estate AG,BULWARK Real Estate AG,CHE-176.859.877,confirme,Lindenstrasse 11,6340,Baar,ZG
bumbacher immobilien gmbh,bumbacher immobilien gmbh,CHE-114.396.012,confirme,Willestrasse 3,8957,Spreitenbach,AG
By Birnstiel GmbH,By Birnstiel GmbH,CHE-379.424.910,confirme,Kreuzstrasse 15,5726,Unterkulm,AG
BZImmobilier Sàrl,BZImmobilier Sàrl,CHE-246.742.886,confirme,"c/o Davina Burelli
Rue de l'Epervier 15",2053,Cernier,NE
Bächtiger Liwoba Immobilien AG,Bächtiger Liwoba Immobilien AG,CHE-107.439.113,confirme,St. Alban-Anlage 46,4052,Basel,BS
Bärtschiger Immobilien AG,Bärtschiger Immobilien AG,CHE-101.254.880,confirme,Roggenstrasse 3,4665,Oftringen,AG
Bättig Immobilienberatung GmbH,Bättig Immobilienberatung GmbH,CHE-115.433.621,confirme,Zürcherstrasse 7,8107,Buchs ZH,ZH
Capifid Immobiliare SA,Capifid Holding SA,CHE-102.132.529,confirme,"c/o Capifid SA
Via Bossi 50",6830,Chiasso,TI
CARANCI IMMOBILIEN,Caranci Immobilien,CHE-350.880.960,confirme,Im Geerig 71,5507,Mellingen,AG
Casareo AG,Casareo AG,CHE-276.301.529,confirme,Uttewil 813,3178,Bösingen,FR
Case Bertolotti Immobiliare GmbH,Case Bertolotti Immobiliare Sagl,CHE-195.404.773,confirme,Via Bartolomeo Rusca 2,6600,Locarno,TI
Catena Realty GmbH,Catena Realty GmbH,CHE-409.589.630,confirme,Spiserstrasse 6d,8047,Zürich,ZH
Cathrein Immobilien AG,Cathrein Immobilien AG,CHE-114.029.944,confirme,Dorfstrasse 2,8630,Rüti ZH,ZH
CBRE (Zürich) AG,CBRE (Zürich) AG,CHE-106.059.044,confirme,Bärengasse 29,8001,Zürich,ZH
Cedrico SA,Cedrico SA,CHE-105.763.005,confirme,Avenue du Léman 20,1025,St-Sulpice VD,VD
Cerfeda Immobilien AG,CERFEDA IMMOBILIEN AG,CHE-289.611.778,confirme,Turmhaldenstrasse 6,8400,Winterthur,ZH
Certimo AG - Zürcher Unterland,Certimo AG - Zürcher Unterland,CHE-112.877.536,confirme,Gewerbestrasse 7,8162,Steinmaur,ZH
Certimo AG - Zürich,Certimo AG - Zürich,CHE-104.933.032,confirme,Stampfenbachstrasse 57,8006,Zürich,ZH
Chreisel AG,Chreisel AG,CHE-334.004.440,confirme,Opfikonerstrasse 1,8304,Wallisellen,ZH
Chüestall Blausee AG,Chüestall Blausee AG,CHE-114.929.322,confirme,"c/o Alpgeteilschaft Greicheralp, Mathias Lorenz
Briggerstrasse 26",3987,Riederalp,VS
Circum Real Estate AG,Circum Real Estate AG,CHE-183.189.349,confirme,Sandgrubenstrasse 44,4058,Basel,BS
City Residence GmbH,City Residence GmbH,CHE-100.657.293,confirme,Neptunstrasse 14,8032,Zürich,ZH
Claras Immobilien AG,Claras Immobilien AG,CHE-105.952.173,confirme,Steinackerstrasse 29,8302,Kloten,ZH
Claridenhof AG,Claridenhof AG,CHE-105.935.252,confirme,Gotthardstrasse 6,8002,Zürich,ZH
Cofimo & Co SA,Cofimo & Co SA,CHE-383.313.165,confirme,Avenue des Alpes 3,1820,Montreux,VD
COGERIM,COGERIM Société Coopérative de Gérance Immobilière,CHE-106.016.129,confirme,avenue de Châtelaine 81 B,1219,Châtelaine,GE
COGERIM Société Coopérative de Gérance Immobilière,COGERIM Société Coopérative de Gérance Immobilière,CHE-106.016.129,confirme,avenue de Châtelaine 81 B,1219,Châtelaine,GE
Collofunda AG,Collofunda AG,CHE-102.359.501,confirme,Rämistrasse 7,8001,Zürich,ZH
Comptoir Immobilier SA,COMPTOIR IMMOBILIER SA,CHE-105.855.268,confirme,Cours de Rive 7,1204,Genève,GE
Concento Immobilien GmbH,Concento Immobilien GmbH,CHE-230.770.954,confirme,Stadthausstrasse 14,8400,Winterthur,ZH
Confimo AG,Confimo AG,CHE-110.348.416,confirme,Dornacherstrasse 279,4053,Basel,BS
Conrad + Magnin AG,Conrad + Magnin AG,CHE-114.714.649,confirme,Albulastrasse 37,7000,Chur,GR
Corti Felger Trust GmbH,Corti Felger Trust GmbH,CHE-108.642.378,confirme,Seestrasse 69,8806,Bäch SZ,SZ
Cosmopolitan Apartments AG,Cosmopolitan Apartments AG,CHE-206.614.561,confirme,Kantonsstrasse 157,8807,Freienbach,SZ
Crownhouse Immobilienagentur GmbH,Crownhouse Immobilienagentur GmbH,CHE-308.927.942,confirme,Hegnaustrasse 60,8602,Wangen b. Dübendorf,ZH
CSL Immobilien AG,CSL Immobilien AG,CHE-116.056.685,confirme,Schärenmoosstrasse 77,8052,Zürich,ZH
Curtet Immobilier Sàrl,Curtet Immobilier Sàrl,CHE-377.064.640,confirme,Rue de la Plaine 34,1400,Yverdon-les-Bains,VD
de Rham SA — de Rham SA,de Rham SA,CHE-107.969.871,confirme,Avenue Mon-Repos 14,1005,Lausanne,VD
de Rham SA — SA,de Rham SA,CHE-107.969.871,confirme,Avenue Mon-Repos 14,1005,Lausanne,VD
de — de Rham SA,de Rham SA,CHE-107.969.871,confirme,Avenue Mon-Repos 14,1005,Lausanne,VD
Deck AG,Deck AG,CHE-102.651.108,confirme,Aeschenvorstadt 25,4051,Basel,BS
DEFLORIN AG,DEFLORIN AG,CHE-221.978.533,confirme,Rheinstrasse 63a,7012,Felsberg,GR
DELTA Immobilien,Delta Treuhand AG,CHE-100.541.041,confirme,"c/o Ruben Dellers
Alpenstrasse 9",3073,Gümligen,BE
Densa Immobilien AG,Densa Immobilien AG,CHE-102.655.023,confirme,Schäferweg 16,4057,Basel,BS
Diatimis Sàrl,Diatimis Sàrl,CHE-392.125.496,confirme,rue de la Musinière 15,2072,St-Blaise,NE
Die Immobilien-Treuhänder — Straub & Partner AG,Die Immobilien-Treuhänder Straub & Partner AG,CHE-107.721.696,confirme,Schafisheimerstrasse 14,5603,Staufen,AG
Domum,Domum GmbH,CHE-222.664.652,confirme,Bergstrasse 177,8707,Uetikon am See,ZH
Domusdea Immobiliare,Domusdea SA,CHE-106.829.658,confirme,Viale Giovacchino Respini 10,6600,Locarno,TI
Domusdea SA,Domusdea SA,CHE-106.829.658,confirme,Viale Giovacchino Respini 10,6600,Locarno,TI
Dreieck Immobiliare SA,Dreieck Immobiliare SA,CHE-113.761.907,confirme,Via Cantonale 19,6900,Lugano,TI
Easyhomes Immobilien AG,Easyhomes Immobilien AG,CHE-472.601.956,confirme,Neueneggstrasse 4,3175,Flamatt,FR
Eckstein Planung + Bau GmbH,Eckstein Planung + Bau GmbH,CHE-197.777.759,confirme,Brüschstrasse 92,8708,Männedorf,ZH
Ecoimmobilia AG,Ecoimmobilia AG,CHE-114.595.563,confirme,Turmhaldenstrasse 6,8400,Winterthur,ZH
Ehrler & Partner AG,Ehrler & Partner AG,CHE-105.627.218,confirme,Vogelsangstrasse 48,8006,Zürich,ZH
Eigenheim Schweiz GmbH,Eigenheim Schweiz GmbH,CHE-113.766.218,confirme,Poststrasse 6,8610,Uster,ZH
Eisenegger Immobilien & Treuhand AG,Eisenegger Immobilien & Treuhand AG,CHE-150.492.077,confirme,Althardstrasse 46,8105,Regensdorf,ZH
Elliscasis Immobilien GmbH,Elliscasis Immobilien GmbH,CHE-104.510.393,confirme,Schlossbachstrasse 2,8620,Wetzikon ZH,ZH
Elron Club AG,Elron Club AG,CHE-222.173.578,confirme,Tribschenstrasse 62a,6005,Luzern,LU
EMPERIO AG,emperio AG,CHE-161.377.121,confirme,Poststrasse 1,8954,Geroldswil,ZH
Engel & Völkers Schweiz Invest AG,Engel&Völkers Schweiz Invest AG,CHE-374.251.571,confirme,Zugerstrasse 77,6340,Baar,ZG
entrée Generalunternehmung AG,entrée Generalunternehmung AG,CHE-103.017.411,confirme,Hinterbergstrasse 49,6312,Steinhausen,ZG
Erich Weber AG,Erich Weber AG,CHE-100.606.344,confirme,Bundesgasse 26,3011,Bern,BE
Erich Weber AG Immobilien,Erich Weber AG,CHE-100.606.344,confirme,Bundesgasse 26,3011,Bern,BE
Erop Real Estate & Partners AG,EROP REAL ESTATE & PARTNERS AG,CHE-214.294.949,confirme,Via Emilio Bossi 9,6900,Lugano,TI
Euro Estates GmbH,Euro Estates GmbH,CHE-109.902.027,confirme,Räffelstrasse 10,8045,Zürich,ZH
Exclusive Homes Gränacher GmbH,Exclusive Homes Gränacher GmbH,CHE-311.658.725,confirme,Bleumatthalde 3,5073,Gipf-Oberfrick,AG
Exzellent AG,Exzellent AG,CHE-112.866.722,confirme,Allmendingen-Allee 2,3608,Thun,BE
F. Brändle Immo AG,F. Brändle Immo AG,CHE-115.797.980,confirme,Goethestrasse 50,9008,St. Gallen,SG
Familia Plan SA,Familia Plan SA,CHE-103.538.420,confirme,Route de Cugy 104,1052,Mont-sur-Lausanne,VD
Fehr Immobilien AG,Fehr Immobilien AG,CHE-114.920.031,confirme,"c/o Tobias Fehr
Chemin des Britanières 30",2533,Evilard,BE
Felder Immobilientreuhand AG,Felder Immobilientreuhand AG,CHE-113.311.817,confirme,Badenerstrasse 41,8004,Zürich,ZH
Felsenberg AG,Felsenberg AG,CHE-110.162.521,confirme,Bahnhofstrasse 4,6340,Baar,ZG
Fideconto gestioni immobiliari SA,Fideconto gestioni immobiliari SA,CHE-112.299.332,confirme,Via Cancelliere Molo 11,6500,Bellinzona,TI
Fischer AG Immobilienmanagement,Fischer AG Immobilienmanagement,CHE-202.924.206,confirme,Lessingstrasse 15,8002,Zürich,ZH
FlexOffice (Schweiz) AG,Flexoffice (Schweiz) AG,CHE-325.324.472,confirme,Talacker 21,8001,Zürich,ZH
"Fontana & Partner AG, Immobilien","Fontana & Partner AG, Immobilien",CHE-108.639.229,confirme,Gewerbestrasse 5b,8708,Männedorf,ZH
Formbau AG,Formbau AG,CHE-106.305.510,confirme,Fischmarkt 18,4410,Liestal,BL
Fortenia Immobilien-Treuhand GmbH,Fortenia Immobilien- Treuhand GmbH,CHE-239.833.207,confirme,Thurgauerstrasse 105,8152,Glattpark (Opfikon),ZH
Fortimo AG,Fortimo AG,CHE-109.090.582,confirme,Rorschacher Strasse 286,9016,St. Gallen,SG
Fortimo Invest AG,Fortimo Invest AG,CHE-109.704.645,confirme,Rorschacher Strasse 286,9016,St. Gallen,SG
FOTI Immobilier,Foti Immobilier Sàrl,CHE-130.909.364,confirme,Rue de Venise 8,1870,Monthey,VS
Futurehomes GmbH,Futurehomes GmbH,CHE-302.493.833,confirme,Hauptbahnhofstrasse 7,4500,Solothurn,SO
Futuro Immobilien AG,Futuro Immobilien AG,CHE-101.669.040,confirme,Postplatz 1,4144,Arlesheim,BL
Förderstiftung TECHNOPARK® Aargau,Förderstiftung Technopark Aargau,CHE-113.184.476,confirme,Badenerstrasse 13,5200,Brugg AG,AG
G3D Immobilien AG,G3D Immobilien AG,CHE-497.681.977,confirme,Mühlegasse 18,6340,Baar,ZG
Ganija Immobilien AG,Ganija Immobilien AG,CHE-112.508.518,confirme,Schaffhauserstrasse 73,8472,Seuzach,ZH
Gastroconsult,Gastroconsult AG,CHE-106.027.162,confirme,Blumenfeldstrasse 20,8046,Zürich,ZH
Gastroconsult AG,Gastroconsult AG,CHE-284.424.401,confirme,Weltpoststrasse 5,3015,Bern,BE
GBV Treuhand GmbH,GBV Treuhand GmbH,CHE-114.279.010,confirme,Bahnhofstrasse 60,4132,Muttenz,BL
Geiser Immobilien und Treuhand AG,Geiser Immobilien und Treuhand AG,CHE-107.225.279,confirme,Glockentalstrasse 6,3612,Steffisburg,BE
Gerama S.A.,Gerama S.A.,CHE-331.483.854,confirme,Place de la Gare 5,1700,Fribourg,FR
Gerber + Partner AG,Gerber + Partner AG,CHE-105.815.487,confirme,Hauptstrasse 42,4105,Biel-Benken BL,BL
Gestina SA,Gestina SA Régie immobilière,CHE-104.988.116,confirme,Rue de Locarno 3,1700,Fribourg,FR
Gidaboll AG,Gidaboll AG,CHE-100.834.655,confirme,Binzstrasse 15,8045,Zürich,ZH
Gilliand Immobilier,Gilliand Immobilier,CHE-264.788.171,confirme,Place du Marché 10,1530,Payerne,VD
Glandon Apartments AG,GLANDON Apartments AG,CHE-113.334.617,confirme,Luzernerstrasse 8,6045,Meggen,LU
GLOBOHOME AG,GLOBOHOME AG,CHE-318.257.356,confirme,Toggenburgerstrasse 23,9500,Wil SG,SG
GMÜNDER & GAMMA AG,GMÜNDER & GAMMA AG,CHE-390.891.697,confirme,St. Gallerstrasse 66b,9500,Wil SG,SG
Goda Verwaltung,Goda Verwaltung AG,CHE-115.427.081,confirme,Untermüli 9,6302,Zug,ZG
Goda Verwaltung AG,Goda Verwaltung AG,CHE-115.427.081,confirme,Untermüli 9,6302,Zug,ZG
Goldinger Immobilien AG,GOLDINGER Immobilien AG,CHE-388.999.492,confirme,Walenbüchelstrasse 3,9000,St. Gallen,SG
Gomo Company GmbH,Gomo Group GmbH,CHE-412.203.836,confirme,In Huebwiesen 11,8600,Dübendorf,ZH
Gomo Group GmbH,Gomo Group GmbH,CHE-412.203.836,confirme,In Huebwiesen 11,8600,Dübendorf,ZH
Graf Immobilien AG,Graf Immobilien AG,CHE-107.950.564,confirme,Schönaustrasse 59,5430,Wettingen,AG
grebimmo GmbH,grebimmo GmbH,CHE-209.264.888,confirme,Luzernerstrasse 20,8903,Birmensdorf ZH,ZH
Greenbrix Anlagestiftung,Greenbrix Anlagestiftung,CHE-329.949.257,confirme,Kolinplatz 2,6300,Zug,ZG
Gribimmo GmbH,Gribimmo GmbH,CHE-296.891.270,confirme,Herrenweg 8,5734,Reinach AG,AG
Grieder Immobilien AG,Grieder Immobilien AG,CHE-335.019.467,confirme,Loostrasse 5,8803,Rüschlikon,ZH
Grivag AG,Grivag AG,CHE-396.981.873,confirme,Klausstrasse 43,8008,Zürich,ZH
Groupe Prisme SA,Prisme Immobilier SA,CHE-347.634.604,confirme,En Chamard 61,1442,Montagny-Yverdon,VD
Grundeigentümer Verband Schweiz,Grundeigentümer Verband Schweiz,CHE-331.856.599,confirme,Laupenstrasse 1,3008,Bern,BE
Gérance Immobilière Leuba SA,Groupe Leuba SA,CHE-105.753.716,confirme,Route de Cossonay 101,1020,Renens VD,VD
Gérofinance-Régie du Rhône SA,Gerofinance - Régie du Rhône SA,CHE-107.758.802,confirme,Avenue de l'Etang 57,1219,Châtelaine,GE
H.P. Burkhalter + Partner AG,H.P. Burkhalter + Partner AG,CHE-106.109.854,confirme,Könizstrasse 161,3097,Liebefeld,BE
Habitrust Real Estate,Habitrust Group SA,CHE-100.578.156,confirme,Via Cantonale 19,6900,Lugano,TI
Hadira Immobilien GmbH,Hadira Immobilien GmbH,CHE-443.282.263,confirme,Elisabethenstrasse 54,4051,Basel,BS
Haffer Immobilien AG,Haffer Immobilien AG,CHE-230.111.214,confirme,Hertensteinstrasse 51,6004,Luzern,LU
Halter AG,Halter AG,CHE-107.831.385,confirme,Zürcherstrasse 39,8952,Schlieren,ZH
HattemerPartner GmbH,HattemerPartner GmbH,CHE-112.864.249,confirme,Holbeinstr. 102,4051,Basel,BS
Haussener Verwaltungen AG,Haussener Verwaltungen AG,CHE-184.936.669,confirme,Monbijoustrasse 22,3011,Bern,BE
Hauswirth Immobilien GmbH,Hauswirth Immobilien GmbH,CHE-114.861.380,confirme,Marktgasse 37,8400,Winterthur,ZH
Hauswirth Immobilien GmbH — Hauswirth Immobilien GmbH,Hauswirth Immobilien GmbH,CHE-114.861.380,confirme,Marktgasse 37,8400,Winterthur,ZH
hegibau liegenschaften ag,hegibau liegenschaften ag,CHE-107.953.054,confirme,Rössliweg 29b,4852,Rothrist,AG
Heimberg Immobilien AG,Heimberg Immobilien,CHE-110.089.338,confirme,Badenerstrasse 26,5442,Fislisbach,AG
Heusser Home AG,Heusser Home AG,CHE-441.186.252,confirme,Brugglenstrasse 12,8604,Volketswil,ZH
HIAG,HIAG Immobilien Schweiz AG,CHE-105.977.210,confirme,Bahnhofplatz 14,8001,Zürich,ZH
HIAG Immobilien Schweiz AG,HIAG Immobilien Schweiz AG,CHE-105.977.210,confirme,Bahnhofplatz 14,8001,Zürich,ZH
HiFlow,HIFLOW,CHE-234.147.889,confirme,Chemin du Champ-des-Filles 36 A,1228,Plan-les-Ouates,GE
HILAG Immobilien AG,HILAG Immobilien AG,CHE-232.977.673,confirme,Obernauerstrasse 58,6012,Obernau,LU
hisa immobilien ag,hisa immobilien ag,CHE-341.518.052,confirme,Ringstrasse 1,9524,Zuzwil SG,SG
HOFA Immobilien GmbH,HOFA Immobilien GmbH,CHE-333.903.063,confirme,Saflischstrasse 1,3900,Brig,VS
home2be Immobilien Consulting AG,home2be Immobilien Consulting AG,CHE-171.547.927,confirme,Badenerstrasse 12,5442,Fislisbach,AG
home65 AG,home65 AG,CHE-414.617.829,confirme,Hauptstrasse 26,4522,Rüttenen,SO
HomeFinders AG,HomeFinders AG,CHE-268.207.549,confirme,Gewerbestrasse 9,6330,Cham,ZG
Homeliv Immo GmbH,HomeLiv Immo GmbH,CHE-245.271.157,confirme,Buckstrasse 2,9463,Oberriet SG,SG
Homestay AG Schweiz,Homestay AG Schweiz,CHE-349.210.876,confirme,Heiligkreuzstrasse 40,9008,St. Gallen,SG
HUBER REAL ESTATE PARTNER AG,HUBER REAL ESTATE PARTNER AG,CHE-102.457.799,confirme,Luzernerstrasse 44,6030,Ebikon,LU
Hôtel de Famille S.A.,Hôtel de Famille S.A.,CHE-102.216.505,confirme,Rue des Communaux 20,1800,Vevey,VD
Hüsser Immobau AG,Hüsser Immobau AG,CHE-111.757.473,confirme,Oberebenestrasse 20,5620,Bremgarten AG,AG
Imhof Immobilien AG,Imhof Immobilien AG,CHE-102.241.851,confirme,Wittenwilerstrasse 4,8355,Aadorf,TG
Immo 418 AG,Immo 418 AG,CHE-322.900.528,confirme,Isenbergstrasse 30,8913,Ottenbach,ZH
Immo Global Swiss SA,La Global SA,CHE-102.458.020,confirme,Strada di Pregassona 43,6963,Pregassona,TI
IMMO Rheintal GmbH,Rheintal Real Estate AG,CHE-286.913.705,confirme,Trogenerstrasse 16,9450,Altstätten SG,SG
ImmoBene AG,ImmoBene AG,CHE-271.543.083,confirme,Balderstrasse 30,3007,Bern,BE
immoberatung GmbH,immoberatung GmbH,CHE-372.056.314,confirme,Büelstrasse 30,8103,Unterengstringen,ZH
Immobiliare e Fiduciaria Ceppi & CO. SA,Immobiliare e Fiduciaria Ceppi e Co. SA,CHE-101.220.496,confirme,Corso San Gottardo 35,6830,Chiasso,TI
Immobilias.ch,immobilias.ch sa,CHE-383.494.291,confirme,Poststrasse 1,7130,Ilanz,GR
Immobilien AEDES Prima AG,Immobilien AEDES Prima AG,CHE-280.810.596,confirme,Neugutstrasse 4,5000,Aarau,AG
Immobilien Arnet AG,"Arnet & Co. AG, Luzern",CHE-103.615.894,confirme,Moosstrasse 2,6003,Luzern,LU
Immobilien House Gossweiler,Immobilien House Gossweiler,CHE-109.099.873,confirme,Schützenmattstrasse 7,5600,Lenzburg,AG
Immobilien Karajannakis GmbH,Immobilien Karajannakis GmbH,CHE-154.344.010,confirme,Täfernstrasse 32,5405,Dättwil AG,AG
Immobilienkultur AG — Immobilienkultur AG,Immobilienkultur Zürich AG,CHE-497.958.831,confirme,Seefeldstrasse 62,8008,Zürich,ZH
Immobilienkultur Verwaltungen AG,Immobilienkultur Zürich AG,CHE-497.958.831,confirme,Seefeldstrasse 62,8008,Zürich,ZH
Immobilienkultur Verwaltungen AG — Immobilienkultur Verwaltungen AG,Immobilienkultur Zürich AG,CHE-497.958.831,confirme,Seefeldstrasse 62,8008,Zürich,ZH
Immobilienkultur Zürich AG,Immobilienkultur Zürich AG,CHE-497.958.831,confirme,Seefeldstrasse 62,8008,Zürich,ZH
Immobloom Sàrl,Immobloom Sàrl,CHE-255.324.200,confirme,rue de la Balance 2,2300,La Chaux-de-Fonds,NE
Immocal Partner AG,Immocal AG,CHE-114.155.543,confirme,Untere Bahnhofstrasse 12,8910,Affoltern am Albis,ZH
IMMOcreativ Balmer GmbH,IMMOcreativ Balmer GmbH,CHE-476.775.294,confirme,Thunstrasse 8,3700,Spiez,BE
Immodue GmbH,Immodue GmbH,CHE-116.172.802,confirme,Rössligasse 4,8180,Bülach,ZH
Immohelp AG,Immohelp AG,CHE-103.563.180,confirme,Nauenstr. 41,4052,Basel,BS
IMMOHOLD Real Estate GmbH,Immohold Real Estate GmbH,CHE-172.069.557,confirme,Renggerstrasse 31,8038,Zürich,ZH
Immolak GmbH,Immolak GmbH,CHE-163.395.874,confirme,route de Chêne 14,1207,Genève,GE
Immolak Sàrl,Immolak GmbH,CHE-163.395.874,confirme,route de Chêne 14,1207,Genève,GE
ImmoLeague AG,ImmoLeague AG,CHE-109.907.697,confirme,Löwenstrasse 10,8280,Kreuzlingen,TG
immoMARTI Immobilien GmbH,immoMARTI Immobilien GmbH,CHE-306.419.244,confirme,Büelstrasse 55,8474,Dinhard,ZH
Immondo AG - die Immobilienwelt,Immondo AG - die Immobilienwelt,CHE-170.450.449,confirme,Jurastrasse 15,4900,Langenthal,BE
Immopart AG,Immopart AG,CHE-354.753.007,confirme,Weissensteinstrasse 71,4500,Solothurn,SO
Immoprogramm SA,Immoprogramm SA,CHE-106.552.310,confirme,Viale Stazione 4,6500,Bellinzona,TI
ImmoRise GmbH,ImmoRise GmbH,CHE-140.550.773,confirme,Herrgass 6,8634,Hombrechtikon,ZH
Immoroom AG,Immoroom AG,CHE-449.152.096,confirme,Bachwes 24,9247,Henau,SG
ImmoSET GmbH — Immobilien-Verwaltung,ImmoSET GmbH,CHE-356.021.636,confirme,Hauptstrasse 58,8546,Islikon,TG
ImmoSoul AG,ImmoSoul AG,CHE-116.335.659,confirme,Schützenmattstrasse 7,5600,Lenzburg,AG
Immostalder GmbH,Immostalder GmbH,CHE-438.000.312,confirme,Jubiläumsstrasse 91,3005,Bern,BE
Immostile SA,Immostile SA,CHE-323.585.441,confirme,Via Emilio Bossi 32,6830,Chiasso,TI
Immotov AG,Immotov AG,CHE-166.249.996,confirme,Martastrasse 145,8003,Zürich,ZH
IMMOVENTA GmbH,IMMOVENTA GmbH,CHE-170.757.126,confirme,Buchenweg 3,2563,Ipsach,BE
Immovesta AG,Immovesta AG,CHE-109.454.856,confirme,Weberstrasse 4,8004,Zürich,ZH
Immovisa GmbH — Immovisa GmbH,Immovisa GmbH,CHE-319.435.028,confirme,Gibelinstrasse 25,4500,Solothurn,SO
Immowengi AG,Immowengi AG,CHE-106.477.921,confirme,Hans Huber-Strasse 38,4500,Solothurn,SO
ImmoXellent AG,ImmoXellent AG,CHE-187.094.185,confirme,Mühlematt 6,6343,Rotkreuz,ZG
ImmoZog AG,ImmoZog AG,CHE-352.989.125,confirme,Am Stausee 32,4127,Birsfelden,BL
Imvedo SA,Imvedo SA,CHE-103.323.606,confirme,Via Ponteggia 23,6814,Cadempino,TI
Innora Immobilien AG,Innora Immobilien AG,CHE-103.806.750,confirme,Walkistrasse 41,4658,Däniken SO,SO
inspecta treuhand ag,inspecta treuhand ag,CHE-107.263.624,confirme,Rorschacher Strasse 304,9016,St. Gallen,SG
Inspire 529 GmbH,Inspire 529 GmbH,CHE-444.832.551,confirme,"c/o Inspire 925 GmbH
Asylstrasse 77",8032,Zürich,ZH
Intercity Immobilien AG,Intercity Group Holding AG,CHE-100.836.039,confirme,Zollikerstrasse 141,8008,Zürich,ZH
Interfida SA,Interfida SA,CHE-110.225.937,confirme,Corso San Gottardo 35,6830,Chiasso,TI
Interfida SA Lugano,Interfida Holding SA,CHE-105.737.700,confirme,Piazza del Ponte 9,6850,Mendrisio,TI
Intermezzo Houses AG,Intermezzo Houses AG,CHE-387.596.281,confirme,"c/o Gabriel Jundt
Chilewäg 9",8117,Fällanden,ZH
Investhaus AG,Investhaus AG,CHE-475.166.129,confirme,St. Jakobs-Strasse 187,4052,Basel,BS
Iseli & Partner Immobilien AG,Iseli GmbH,CHE-114.374.588,confirme,Dorfstrasse 28,3504,Niederhünigen,BE
IT3 Immobilien + Treuhand AG,IT3 Immobilien + Treuhand AG,CHE-492.406.464,confirme,Teufener Strasse 12,9000,St. Gallen,SG
IT3 Immobilien und Treuhand AG,IT3 Immobilien + Treuhand AG,CHE-492.406.464,confirme,Teufener Strasse 12,9000,St. Gallen,SG
IT3 Treuhand + Immobilien AG,IT3 Immobilien + Treuhand AG,CHE-109.392.250,confirme,Schönmaiengässchen 1,8200,Schaffhausen,SH
JHK Immobilien AG,JHK Immobilien AG,CHE-106.938.371,confirme,Staubstrasse 15,8038,Zürich,ZH
Jones Lang LaSalle (Geneva) SA,Jones Lang LaSalle (Geneva) SA,CHE-114.502.159,confirme,Rue Vallin 2,1201,Genève,GE
Jones Lang LaSalle AG,Jones Lang LaSalle AG,CHE-116.166.150,confirme,Hardstrasse 201,8005,Zürich,ZH
Josef Wiederkehr Immobilien AG,Josef Wiederkehr Immobilien AG,CHE-107.938.267,confirme,Holzmattstrasse 7,8953,Dietikon,ZH
Juchli Immobilien AG,Juchli Immobilien AG,CHE-318.641.708,confirme,Friesenbergplatz 11,8045,Zürich,ZH
Jungstay GmbH,Jungstay GmbH,CHE-479.856.612,confirme,Merkurstrasse 46,4123,Allschwil,BL
K. Bucher Immobilien Treuhand,K. Bucher Immobilien-Treuhand AG,CHE-106.632.653,confirme,Aawasserstrasse 2,6370,Oberdorf NW,NW
K. Bucher Immobilien Treuhand AG,K. Bucher Immobilien-Treuhand AG,CHE-106.632.653,confirme,Aawasserstrasse 2,6370,Oberdorf NW,NW
kade & partner ag,kade & partner ag,CHE-107.161.395,confirme,Ringstrasse 18b,8600,Dübendorf,ZH
KELLER Immobilien-Treuhand AG,Keller Immobilien-Treuhand AG,CHE-106.305.220,confirme,Kirchstrasse 1,8304,Wallisellen,ZH
keller real estate,Keller Holding AG,CHE-101.910.193,confirme, ,8422,Pfungen,ZH
Kista Immobilien AG,Kista Immobilien AG,CHE-146.101.155,confirme,Brunnmatt 16,6330,Cham,ZG
KLD Dillier Immobilien AG,KLD Dillier Immobilien AG,CHE-350.207.993,confirme,Bergstrasse 13,5425,Schneisingen,AG
Kling Liegenschaftsverwaltung AG,Kling Liegenschaftsverwaltung AG,CHE-440.384.074,confirme,Grenzacherstrasse 79,4058,Basel,BS
KNAP Immobilien GmbH,KNAP Immobilien GmbH,CHE-360.830.946,confirme,Eggstrasse 205,5732,Zetzwil,AG
Koch Immobilien,KOCH Group AG,CHE-101.611.595,confirme,Birgistrasse 3,8304,Wallisellen,ZH
KONImmo AG,KONImmo AG,CHE-246.581.962,confirme,Wylerringstrasse 62,3014,Bern,BE
Krieger & Linsi AG,Krieger & Linsi AG,CHE-104.142.734,confirme,Frankenstrasse 2,6003,Luzern,LU
Kuhn Immobilien,Kuhn Immobilien AG,CHE-102.619.518,confirme,Kirchweg 3,3812,Wilderswil,BE
Kyrona Real Estate Sagl,Kyrona Real Estate Sagl,CHE-113.221.812,confirme,Strada Regina 167,6982,Agno,TI
Käppeli Immobilien,Käppeli Immobilien AG,CHE-108.478.245,confirme,Militärstrasse 9,3600,Thun,BE
Künzi Treuhand AG,Künzi Treuhand AG,CHE-106.587.047,confirme,Rosswiesstrasse 29,8608,Bubikon,ZH
L'adresse Immobilière Sàrl,l'Adresse Immobilière Sàrl,CHE-285.599.612,confirme,Avenue de la Gare 46b,1920,Martigny,VS
L'Arcade Sàrl,L'Arcade Sàrl,CHE-109.401.630,confirme,Chemin de Meruz 1,1804,Corsier-sur-Vevey,VD
L.Comina Immobilier,L. Comina Immobilier SA,CHE-301.906.904,confirme,"c/o Ludivine Léonard
Route des Briesses 6",3963,Crans-Montana,VS
Lambertini & Partners,Lambertini & Partners SA,CHE-107.534.013,confirme,Via Serafino Balestra 18,6900,Lugano,TI
Lambertini & Partners Gestioni Immobiliari SA,Lambertini & Partners Gestioni Immobiliari SA,CHE-105.272.061,confirme,Via S. Balestra 18,6900,Lugano,TI
Landnotariat + Advokatur,Landnotariat + Advokatur GmbH,CHE-437.984.210,confirme,Kirchgasse 9,3550,Langnau im Emmental,BE
LATICO Sàrl,LATICO Sàrl,CHE-382.814.074,confirme,Ruelle du Midi 10,1950,Sion,VS
Lauber Barbüda Treuhand AG,Lauber Barbüda Treuhand AG,CHE-107.056.611,confirme,Suot Rachögna 417,7550,Scuol,GR
LAYF GmbH,LAYF GmbH,CHE-397.645.449,confirme,Buckhauserstrasse 36,8048,Zürich,ZH
Lehmann Immobilien,Treuhand Lehmann AG,CHE-107.818.835,confirme,Mezenerweg 8a,3013,Bern,BE
Lelia Immobilien GmbH,Lelia Immobilien GmbH,CHE-467.517.801,confirme,Dolderstrasse 62,8032,Zürich,ZH
Leman Perspectives Sàrl,Leman Perspectives Sàrl,CHE-402.262.168,confirme,Rue de Bourg 27,1003,Lausanne,VD
Lerch & Partner Generalunternehmung AG,Lerch AG,CHE-103.768.842,confirme,Mettlenbachstrasse 1,8617,Mönchaltorf,ZH
Lerch Promotionen AG,Lerch Promotionen AG,CHE-116.149.097,confirme,Seestrasse 24b,8806,Bäch SZ,SZ
Leuenberger Immo GmbH,Leuenberger & Co,CHE-100.130.459,confirme,Zürcherstrasse 162,8952,Schlieren,ZH
Level21 GmbH,Level21 GmbH,CHE-435.262.146,confirme,Inwilerstrasse 15,6340,Baar,ZG
Lienhardt & Partner Privatbank Zürich AG,Lienhardt & Partner Privatbank Zürich AG,CHE-105.933.879,confirme,Rämistrasse 23,8001,Zürich,ZH
Lietreu Immoservice AG,Lietreu Immoservice AG,CHE-103.938.328,confirme,Bodelenweg 21,3172,Niederwangen b. Bern,BE
Lifestyle Company AG,Lifestyle Consulting GmbH,CHE-100.274.472,confirme,Stegreutiweg 2,3110,Münsingen,BE
Litzius Immobilien-Dienste AG,Litzius Immobilien-Dienste AG,CHE-107.618.928,confirme,Hauptstrasse 43,4144,Arlesheim,BL
LML immobilier SA,LML Immobilier SA,CHE-388.730.211,confirme,Chemin des Fontanettes 3,1807,Blonay,VD
Locom Sàrl,Locom Sàrl,CHE-351.538.725,confirme,Rue de Lausanne 45,1110,Morges,VD
Losinger Marazzi AG,Losinger Marazzi AG,CHE-106.006.800,confirme,Wankdorfallee 5,3014,Bern,BE
Lubana AG,Lubana AG,CHE-115.773.815,confirme,Fischermätteli 19,3400,Burgdorf,BE
LVTiC Sàrl,LVTiC Sàrl,CHE-146.541.577,confirme,Rue du Vergnolet 8,1070,Puidoux,VD
LZ-Liegenschaftenverwaltung AG,LZ-Liegenschaftenverwaltung AG,CHE-102.228.520,confirme,Industriestrasse 14,8836,Bennau,SZ
Lässer Treuhand AG,Lässer Treuhand AG,CHE-105.712.025,confirme,"null
Bahnhofstrasse 12",2502,Biel/Bienne,BE
Maag Immobilientreuhand GmbH,Maag Immobilientreuhand GmbH,CHE-157.340.066,confirme,Voltastrasse 35,8044,Zürich,ZH
mach4 Immobilien-Treuhand AG,mach4 Immobilien-Treuhand AG,CHE-106.379.939,confirme,Ifangstrasse 1,8952,Schlieren,ZH
Madörin Group GmbH,Madörin Group GmbH,CHE-406.579.954,confirme,Mitteldorfstrasse 17,3072,Ostermundigen,BE
Maillard ImmoServices SA,Maillard ImmoServices SA,CHE-459.935.591,confirme,Place Saint-Jacques 50,1680,Romont FR,FR
Malag AG Generalunternehmung,Malag AG Generalunternehmung,CHE-107.305.843,confirme,Freiestrasse 44,8032,Zürich,ZH
Marbet Immobilien AG,Marbet Immobilien AG,CHE-105.265.718,confirme,Taubenhausstrasse 4,6000,Luzern 7,LU
Markstein AG,Markstein AG,CHE-107.901.057,confirme,Haselstrasse 16,5400,Baden,AG
Markstein AG  Zürich,Markstein AG Zürich,CHE-114.827.319,confirme,Löwenstrasse 40,8001,Zürich,ZH
Martha Ruf Immobilientreuhand AG,Martha Ruf Immobilientreuhand AG,CHE-107.880.828,confirme,Kirchgasse 3,3800,Unterseen,BE
Martin Meier Immobilientreuhand GmbH,Martin Meier Immobilientreuhand GmbH,CHE-176.444.602,confirme,Mühlebachstrasse 173,8008,Zürich,ZH
Massplan AG,Massplan AG,CHE-269.432.184,confirme,Grindel 31,6017,Ruswil,LU
Matma Immobilien AG,Matma Immobilien AG,CHE-109.869.074,confirme,Javastrasse 11,8604,Volketswil,ZH
MATRO Immobilien AG,MATRO SA,CHE-102.885.149,confirme,"c/o Baumgartner Steuerberatung + Treuhand AG
Oberfeldstrasse 7f",9437,Marbach SG,SG
Mawee SA,Mawee SA,CHE-149.856.787,confirme,Grand Rue 21,1904,Vernayaz,VS
Max Pfister Baubüro AG,Max Pfister Baubüro AG,CHE-102.036.742,confirme,Burgstrasse 108,9000,St. Gallen,SG
MB2 Immobilien AG,MB2 Immobilien AG,CHE-150.676.022,confirme,Mühlebrücke 2,2502,Biel/Bienne,BE
Meili Unternehmungen AG,Meili Treuhand AG,CHE-100.433.032,confirme,Bankstrasse 8,8400,Winterthur,ZH
Meir Shitrit Advocate GmbH,Meir Shitrit Advocate GmbH,CHE-114.275.590,confirme,Lindenhausstrasse 13,6005,Luzern,LU
Menegroup AG,Menegroup AG,CHE-114.803.939,confirme,Bahnhofstrasse 12,9326,Horn,TG
Mentor Immobilien,MENTOR TREUHAND AG,CHE-103.884.218,confirme,Seestrasse 33b,8820,Wädenswil,ZH
METROPOLIS MPV Real Estate Sagl,Metropolis MPV Real Estate Sagl,CHE-437.870.859,confirme,Via Cantonale 43,6928,Manno,TI
MGW Immobilien AG,MGW Immobilien AG,CHE-235.523.038,confirme,Sissacherstrasse 29,4052,Basel,BS
MIDOMA AG,MIDOMA AG,CHE-436.161.105,confirme,Buchenstrasse 8,6210,Sursee,LU
Migros Vaud,Société coopérative Migros Vaud,CHE-105.896.913,confirme,Chemin du Dévent ,1024,Ecublens VD,VD
Millennium Immobilien & Consulting GmbH,Millennium Immobilien & Consulting GmbH,CHE-114.602.915,confirme,Oberdorfstrasse 9 A,5506,Mägenwil,AG
Minder Immobilien,Minder AG,CHE-112.418.890,confirme,Fenchern 1,2556,Scheuren,BE
mks mieten.kaufen.services.ag,mks mieten.kaufen.services.ag,CHE-474.181.362,confirme,Furkastrasse 752,3985,Geschinen,VS
MLG Immobilien AG,MLG Generalunternehmung AG,CHE-105.481.788,confirme,Zikadenweg 27a,3006,Bern,BE
Mobimo AG,Mobimo AG,CHE-103.612.281,confirme,Seestrasse 59,8700,Küsnacht ZH,ZH
Monopoly Real Estate Sagl,Monopoly Real Estate sagl,CHE-206.866.772,confirme,Via Serafino Balestra 33,6900,Lugano,TI
Moser Anlageimmobilien AG,Moser Anlageimmobilien AG,CHE-135.650.305,confirme,Wallisellenstrasse 16,8600,Dübendorf,ZH
Multigestioni SA,Multigestioni SA,CHE-113.826.429,confirme,Via Trevani 1,6600,Locarno,TI
Multiresidenza SA,Multiresidenza SA,CHE-106.884.723,confirme,Viale Verbano 7,6600,Muralto,TI
MydiHei Apartments GmbH,MydiHei Apartments GmbH,CHE-483.063.951,confirme,"c/o Suman Rana
Gsteigweg 3",8426,Lufingen,ZH
MyHome Immobilier JCM SA,MyHome Immobilier JCM SA,CHE-275.090.732,confirme,Route de Cossonay 98,1008,Prilly,VD
MZP AG,MZP AG,CHE-472.735.189,confirme,Mittelstrasse 14,8008,Zürich,ZH
Mühlemann Immobilien AG,Mühlemann Immobilien AG,CHE-115.617.701,confirme,Solothurnstrasse 6,3422,Kirchberg BE,BE
Müller & Schuhmacher AG,Müller & Schuhmacher Treuhand und Immobilien AG,CHE-112.398.661,confirme,Bürglistrasse 29,8400,Winterthur,ZH
Münger Treuhand & Immobilien AG,Münger Treuhand & Immobilien AG,CHE-104.376.083,confirme,Brühlweg 20,4132,Muttenz,BL
Naef Immobilier,Naef Immobilier Nyon SA,CHE-114.970.649,confirme,Rue de Rive 20,1260,Nyon,VD
Naef Immobilier Genève SA,Naef Holding SA,CHE-103.166.519,confirme,Esplanade de Surville 2,1213,Petit-Lancy,GE
Naef Immobilier Lausanne SA,Naef Immobilier Nyon SA,CHE-114.970.649,confirme,Rue de Rive 20,1260,Nyon,VD
NAROBA Immobilien GmbH,NAROBA Immobilien GmbH,CHE-428.582.918,confirme,Poststrasse 1,6343,Rotkreuz,ZG
NAWIN GmbH,NAWIN GmbH,CHE-369.529.855,confirme,Marktstrasse 28,8853,Lachen SZ,SZ
NEGRI Immobilien AG,NEGRI Immobilien AG,CHE-130.485.045,confirme,Untere Brühlstrasse 52,4800,Zofingen,AG
NEIVA Immobilien GmbH,NEIVA Immobilien GmbH,CHE-232.338.409,confirme,Ritterquai 8,4500,Solothurn,SO
New Trends SA,New Trends SA,CHE-103.538.437,confirme,Via Pretorio 11,6900,Lugano,TI
NewDomo SA,NewDomo SA,CHE-314.056.132,confirme,Via Sasso Grande 19,6512,Giubiasco,TI
NewHome Services SA,NewHome Services SA,CHE-113.591.580,confirme,Avenue Perdtemps 23,1260,Nyon,VD
Newtak Immobilien GmbH,Newtak Immobilien GmbH,CHE-286.673.955,confirme,Brühlweg 69,4132,Muttenz,BL
Niederer AG Immobilien und Verwaltungen,Niederer AG Services,CHE-100.156.192,confirme,Unterdorfstrasse 5,3072,Ostermundigen,BE
Nikolla & Co AG,Nikolla & Co. AG,CHE-113.316.720,confirme,Leimenstr. 27,4051,Basel,BS
Nikolla & Co. AG — Immobilien Verwaltung,Nikolla & Co. AG,CHE-113.316.720,confirme,Leimenstr. 27,4051,Basel,BS
Nobil Immo GmbH,NOBIL IMMO GmbH,CHE-322.859.995,confirme,Sihlbruggstrasse 107,6340,Baar,ZG
Nobilis-Estate AG,Nobilis Estate AG,CHE-460.264.177,confirme,Rigistrasse 55,8006,Zürich,ZH
Noser Immobilien Treuhand GmbH,Noser Immobilien Treuhand GmbH,CHE-114.613.273,confirme,Dufourstrasse 47,8008,Zürich,ZH
NoSta Real Estate AG,NoSta Real Estate AG,CHE-492.160.010,confirme,Thunstrasse 7,3005,Bern,BE
NOVA Bautreuhand AG,Nova Bautreuhand AG,CHE-106.077.935,confirme,Industriestrasse 37,8625,Gossau ZH,ZH
Nyfag AG,Nyfag AG,CHE-105.956.969,confirme,Wassergrabenstrasse 1,4102,Binningen,BL
Oecasa Verwaltung GmbH,OECASA Verwaltung GmbH,CHE-375.336.508,confirme,Schaffhauserstrasse 138,8302,Kloten,ZH
OKNO Immobilier Sàrl,OKNO Immobilier Sàrl,CHE-109.875.494,confirme,Chemin du Prieuré 6,1304,Cossonay-Ville,VD
OMIT AG,OMIT AG,CHE-147.220.609,confirme,Bernstrasse 90,8953,Dietikon,ZH
OML Immo Sàrl,OML Immo Sàrl,CHE-317.808.549,confirme,Rue du Pays-d'Enhaut 57,1630,Bulle,FR
Oplo,OPLO SA,CHE-206.142.289,confirme,Route d'Italie 152,1958,Uvrier,VS
Orgnet Immobilien AG,Orgnet Immobilien AG,CHE-101.248.709,confirme,Dorfstrasse 48,8484,Weisslingen,ZH
Ottimmo AG,Ottimmo AG,CHE-222.701.276,confirme,Murtenstrasse 26,2502,Biel/Bienne,BE
Otto & Joh. Honegger AG,Otto & Joh. Honegger AG,CHE-106.960.092,confirme,Jonastrasse 11,8636,Wald ZH,ZH
Outsider.Architecture SA,Outsider.Architecture SA,CHE-105.853.855,confirme,Rue Centrale 5,1110,Morges,VD
PAIO GmbH,PAIO GmbH,CHE-189.206.443,confirme,Villettengässli 6,3074,Muri b. Bern,BE
Parit Immo Bau AG,Parit AG,CHE-101.289.660,confirme,Greithstrasse 17,9000,St. Gallen,SG
Pellegri Real Estate,Pellegri Real Estate Sagl,CHE-235.905.138,confirme,Strada della Brima 6,6612,Ascona,TI
Pellegri Real Estate Sagl,Pellegri Real Estate Sagl,CHE-235.905.138,confirme,Strada della Brima 6,6612,Ascona,TI
Pellettieri Immobilien AG,Pellettieri Immobilien AG,CHE-263.673.358,confirme,Bahnhofstrasse 33b,8703,Erlenbach ZH,ZH
Petignat & Amor Immobilier SA,petignat & amor immobilier SA,CHE-163.036.240,confirme,Quai de la Veveyse 11,1800,Vevey,VD
Petrus Real Estate AG,Petrus Real Estate AG,CHE-175.081.891,confirme,Raiffeisenplatz 6,9000,St. Gallen,SG
Pfannenstiel Immobilien AG,Pfannenstiel Immobilien AG,CHE-114.875.844,confirme,Wilhofstrasse 3,8125,Zollikerberg,ZH
Pfändler & Pfändler Immobilien GmbH,Pfändler & Pfändler Immobilien GmbH,CHE-332.482.840,confirme,Rebbergstrasse 20,8113,Boppelsen,ZH
PG IMMOcasa Sagl,PG IMMOcasa Sagl,CHE-239.908.124,confirme,Via del Bosco 1A,6500,Bellinzona,TI
Pietro Cortali AG,Pietro Cortali AG,CHE-101.832.067,confirme,Obstgartenstrasse 7,8006,Zürich,ZH
PLAZZA AG,PLAZZA AG,CHE-450.491.665,confirme,Sieberstrasse 5,8055,Zürich,ZH
PMB Gérance Sàrl,PMB Gérance Sàrl,CHE-188.531.283,confirme,Rue de la Scierie 1,1920,Martigny,VS
Possessionem GmbH,Possessionem GmbH,CHE-284.647.444,confirme,Emmentalstrasse 165,3414,Oberburg,BE
Prestige Immobilien AG,Prestige Immobilien AG,CHE-106.775.548,confirme,Berninastrasse 29,8057,Zürich,ZH
Primova AG,Primova AG,CHE-132.337.869,confirme,Frauentalstrasse 3,6332,Hagendorn,ZG
Prisedes AG,Prisedes AG,CHE-346.463.725,confirme,Neue Winterthurerstrasse 30a,8305,Dietlikon,ZH
Privera AG,PRIVERA AG,CHE-251.920.573,confirme,Husacherstrasse 3,8304,Wallisellen,ZH
Privera SA,PRIVERA SA,CHE-282.786.595,confirme,Chemin du Viaduc 1,1008,Prilly,VD
Procimmo SA,PROCIMMO SA,CHE-113.787.893,confirme,Rue de Lausanne 64,1020,Renens VD,VD
Profil-Immobilien AG,Profil-Immobilien AG,CHE-106.386.804,confirme,Buckhauserstrasse 26,8048,Zürich,ZH
Profondo Immobilien GmbH,Profondo GmbH,CHE-378.603.137,confirme,Lärchenweg 7,4312,Magden,AG
Property One Investors AG,Property One Investors AG,CHE-359.111.589,confirme,Chamerstrasse 18,6300,Zug,ZG
ProviSI GmbH,ProviSI GmbH,CHE-286.587.362,confirme,Oberstrasse 15,3360,Herzogenbuchsee,BE
QualityImmo GmbH,QualityImmo GmbH,CHE-371.461.132,confirme,Verenastrasse 4b,8832,Wollerau,SZ
Quattropareti SA,QUATTROPARETI SA,CHE-101.006.201,confirme,Via Ada Martinoli 1A,6512,Giubiasco,TI
Queen Immobiliare Sa,QUEEN IMMOBILIARE SA,CHE-461.910.695,confirme,Via Nassa 38,6900,Lugano,TI
Reales GmbH,reales GmbH,CHE-116.152.490,confirme,Bachgässchen 6,4125,Riehen,BS
REALTO AG,REALTO AG,CHE-413.557.745,confirme,Neumattstrasse 24,5000,Aarau,AG
REALTOWN SA,REALTOWN SA,CHE-407.979.026,confirme,Rue du Lac 64,1815,Clarens,VD
Reference 5 Immobilier SA,Reference 5 Immobilier SA,CHE-236.504.888,confirme,Route de Lausanne 14,1037,Etagnières,VD
REGIE DUBOUX SA,Régie Duboux SA,CHE-109.669.776,confirme,Rue du Petit-Chêne 26,1003,Lausanne,VD
Regimo St. Gallen AG,Regimo St. Gallen AG,CHE-106.359.977,confirme,Neugasse 35,9000,St. Gallen,SG
Regimo Winterthur,Regimo AG,CHE-108.534.843,confirme,Hohlstrasse 536,8048,Zürich,ZH
Regimo Zürich,Regimo AG,CHE-108.534.843,confirme,Hohlstrasse 536,8048,Zürich,ZH
Regimo Zürich AG,Regimo AG,CHE-108.534.843,confirme,Hohlstrasse 536,8048,Zürich,ZH
Regus Business Centers AG,Regus Business Centers AG,CHE-106.097.292,confirme,Baarerstrasse 14,6300,Zug,ZG
Reichle Immobilien AG,Reichle Immobilien AG,CHE-103.117.188,confirme,Buchgrindelstrasse 13,8620,Wetzikon ZH,ZH
Relavest AG,Relavest AG,CHE-373.816.950,confirme,Ringstrasse 15,4600,Olten,SO
Reppisch-Werke AG,Reppisch-Werke AG,CHE-107.160.898,confirme,Bergstrasse 23,8953,Dietikon,ZH
Resonus Immobilien GmbH,Resonus Immobilien GmbH,CHE-172.516.906,confirme,"c/o Manuel Sterchi
Statthalterstrasse 37",3018,Bern,BE
Revimag Immobilien AG,Revimag Treuhand AG,CHE-114.475.456,confirme,Baselstrasse 44,6252,Dagmersellen,LU
RGb immobilien gmbh,RGb immobilien gmbh,CHE-112.405.628,confirme,Fischerhäuserstrasse 5,8200,Schaffhausen,SH
RhB Immobilien AG,RhB Immobilien AG,CHE-490.559.045,confirme,Bahnhofstrasse 25,7000,Chur,GR
Rhätische Bahn AG (RhB),Rhätische Bahn AG (RhB),CHE-105.956.490,confirme,Bahnhofstrasse 25,7001,Chur,GR
Rickys AG,Rickys AG,CHE-493.556.422,confirme,Obere Gasse 3,7000,Chur,GR
RILSA SA,RILSA SA,CHE-102.167.752,confirme,Rue du Lion d'Or 6,1003,Lausanne,VD
Rimo AG,RIMO Holding AG,CHE-108.730.628,confirme,Friedmattstrasse 5,6260,Reiden,LU
Robert Pfister AG,Robert Pfister AG,CHE-101.275.480,confirme,Neuengasse 17,3011,Bern,BE
Room Estate AG,Room Estate AG,CHE-101.593.856,confirme,Katzenbachstrasse 71,8052,Zürich,ZH
ROSSET & CIE SA,Rosset et Cie SA,CHE-102.167.947,confirme,route de Chancy 85,1213,Onex,GE
Rosset Fribourg,Rosset SA agence immobilière,CHE-302.644.055,confirme,Rue de Romont 5,1700,Fribourg,FR
Rosset Lausanne,Rosset SA agence immobilière,CHE-106.017.407,confirme,Rue de Genève 86,1004,Lausanne,VD
RTB Corvaglia Sàrl,RTB Corvaglia Sàrl,CHE-108.187.049,confirme,Route du Simplon 81,1895,Vionnaz,VS
"Rubinfeld, Immobilien und Verwaltungen",Rubinfeld AG,CHE-107.836.922,confirme,"c/o Rebecca Rubinfeld
Schimmelstrasse 15",8003,Zürich,ZH
Ruchti Partner AG,Ruchti Partner AG,CHE-333.293.170,confirme,Kasernenstrasse 17a,3600,Thun,BE
ruef immobilien AG,ruef immobilien AG,CHE-192.811.745,confirme,Jurastrasse 1,3427,Utzenstorf,BE
Rufimo Immobiliendienstleistungen GmbH,RUFIMO Immobiliendienstleistungen GmbH,CHE-110.319.426,confirme,Niklaus Konrad-Strasse 24,4500,Solothurn,SO
Rukop AG,Rukop AG,CHE-103.610.230,confirme,Bützbergstrasse 2,4912,Aarwangen,BE
Rysma Real Estate AG,Rysma Real Estate AG,CHE-282.884.074,confirme,Blegistrasse 3,6340,Baar,ZG
Régie Kornhaus SA,Régie Kornhaus SA,CHE-424.275.512,confirme,Rue du Vieux-Billard 3,1205,Genève,GE
S. Barmettler Immobilien GmbH,S. Barmettler Immobilien GmbH,CHE-421.309.764,confirme,Käsereiweg 2,3627,Heimberg,BE
Saibot GmbH,Saibot GmbH,CHE-469.854.706,confirme,Langgasse 78,9008,St. Gallen,SG
Sallenbach Immobilien AG,Sallenbach Immobilien AG,CHE-435.503.350,confirme,Fällandenstrasse 6a,8124,Maur,ZH
Saphir Immo SA,Saphir Immo SA,CHE-376.289.171,confirme,Rue Centrale 23,3963,Crans-Montana,VS
Sarimmo AG,Sarimmo AG,CHE-116.308.378,confirme,Dorfstrasse 13,4625,Oberbuchsiten,SO
Sauter Immobilien AG,sauter immo AG,CHE-286.999.747,confirme,Hegistrasse 12,8542,Wiesendangen,ZH
"Saxer Immobilien, Saxer Unternehmungen AG",Saxer Unternehmungen AG,CHE-112.437.249,confirme,Frutigenstrasse 82,3604,Thun,BE
"Saxer Verwaltungen, Saxer Unternehmungen AG",Saxer Unternehmungen AG,CHE-112.437.249,confirme,Frutigenstrasse 82,3604,Thun,BE
sbw — Stiftung Bauen & Wohnen Zürich,Stiftung Bauen und Wohnen (SBW),CHE-101.475.978,confirme,"c/o Wohnbaugenossenschaften Schweiz
Hofackerstrasse 32",8032,Zürich,ZH
Schaeppi Grundstücke AG,Schaeppi Grundstücke AG,CHE-466.869.574,confirme,Breitfeldstrasse 13,9015,St. Gallen,SG
Schaufelberger Immobilien AG,Schaufelberger Immobilien AG,CHE-101.892.023,confirme,Albisriederstrasse 80,8003,Zürich,ZH
Schmidiger Immobilien AG,Schmidiger Immobilien AG,CHE-102.781.047,confirme,Luzernstrasse 68,6102,Malters,LU
Schmitz Immobilien AG,Schmitz Immobilien AG,CHE-394.639.903,confirme,Esplanade Kongresshaus 5,2502,Biel/Bienne,BE
Schnell Immobilien AG,Schnell Immobilien AG,CHE-107.704.031,confirme,Goethestrasse 21,8712,Stäfa,ZH
Schneller Immobilien AG,Schneller Immobilien AG,CHE-490.385.992,confirme,Kramgasse 48,3011,Bern,BE
Schnetzler Immobilien AG,Schnetzler Immobilien AG,CHE-112.154.834,confirme,Kaistenbergstrasse 3,5082,Kaisten,AG
Schweizer Immotreuhand GmbH,Schweizer Immotreuhand GmbH,CHE-321.121.929,confirme,Sandackerstrasse 32,9245,Oberbüren,SG
Schöffel & Partner AG,Schöffel & Partner AG,CHE-461.452.787,confirme,"c/o Stefan Schöffel
Benzeweg 53 f",8222,Beringen,SH
SE Portfolio 1,SE Portfolio 1 AG,CHE-417.747.546,confirme,Löwenstrasse 25,8001,Zürich,ZH
secrethomes ag,secrethomes ag,CHE-162.521.248,confirme,Ofenstrasse 52,4123,Allschwil,BL
SENN Resources AG,Senn Resources AG,CHE-103.934.017,confirme,Brühlgasse 37,9000,St. Gallen,SG
Severin Immobilien GmbH,Severin Immobilien GmbH,CHE-378.036.681,confirme,"c/o Heike Severin
Förlibuckstrasse 4",8454,Buchberg,SH
si casa - Salvati Immobilien GmbH,si casa - Salvati Immobilien GmbH,CHE-233.759.788,confirme,Tägerhardstrasse 99,5430,Wettingen,AG
SIBYLLE AMREIN Immobilien,SIBYLLE AMREIN Immobilien,CHE-115.890.065,confirme,Pilatusstrasse 19,6003,Luzern,LU
Siclaro AG,Siclaro AG,CHE-108.642.059,confirme,Vadianstrasse 13,9000,St. Gallen,SG
Siedlungsgenossenschaft Bethlehemacker,Siedlungsgenossenschaft Bethlehemacker,CHE-101.784.600,confirme,Mühledorfstrasse 5,3018,Bern,BE
SISKA Immobilien AG,SISKA Immobilien AG,CHE-107.896.485,confirme,Brunngasse 6,8400,Winterthur,ZH
SKYHOMES GmbH,SKYHOMES GmbH,CHE-293.754.961,confirme,Hegenheimerstrasse 95,4055,Basel,BS
smzh AG,smzh ag,CHE-110.242.060,confirme,Tödistrasse 53,8002,Zürich,ZH
Société coopérative Migros Vaud,Société coopérative Migros Vaud,CHE-105.896.913,confirme,Chemin du Dévent ,1024,Ecublens VD,VD
Société Privée de Gérance SA,Régie Privée SA,CHE-115.444.263,confirme,Chemin des Anciens-Moulins 2 A,1009,Pully,VD
Sollberger Treuhand AG,Sollberger Immobilien AG,CHE-106.778.452,confirme,Sägehofweg 18,3027,Bern,BE
Sonnenhang AG,Sonnenhang AG,CHE-442.444.155,confirme,Vogelherd 9,9225,Wilen (Gottshaus),TG
Specht & Lappe Real Estate,Specht & Lappe Real Estate SA,CHE-277.962.461,confirme,Piazza Stazione 2,6600,Muralto,TI
spg partner ag,spg partner ag,CHE-112.033.053,confirme,Rämistrasse 8,8001,Zürich,ZH
Spross Lebensräume AG,Spross Lebensräume AG,CHE-113.173.337,confirme,Burstwiesenstrasse 2,8055,Zürich,ZH
Stadelmann & Stutz AG,Stadelmann & Stutz AG,CHE-106.297.299,confirme,Bruggmattweg 12,5615,Fahrwangen,AG
Stadler Immobilien AG,Stadler Winterthur AG,CHE-102.366.889,confirme,Sulzerallee 11,8404,Winterthur,ZH
Stauffer & Gentile Immobilien GmbH,Stauffer + Gentile Immobilien GmbH,CHE-399.829.322,confirme,Limmattalstrasse 206,8049,Zürich,ZH
STEINER Immobilientreuhand AG,STEINER Immobilientreuhand AG,CHE-108.344.633,confirme,Rötelstrasse 106,8057,Zürich,ZH
Steinhof Immobilien AG,Steinhof-Immobilien AG Zürich,CHE-108.043.002,confirme,Langmauerstrasse 109,8006,Zürich,ZH
Stiftung Einfach Wohnen — (SEW),Stiftung Einfach Wohnen (SEW),CHE-419.000.435,confirme,Birmensdorferstrasse 191,8003,Zürich,ZH
stockag Immobilien-Treuhand AG,stockag Immobilien-Treuhand AG,CHE-103.091.117,confirme,Nussgasse 4,8008,Zürich,ZH
Stoop Immobilien AG,Stoop Immobilien AG,CHE-387.581.374,confirme,Dorfstrasse 57,8105,Regensdorf,ZH
Strub Areal AG,Strub Areal AG,CHE-106.385.302,confirme,Gisleren 2,3266,Wiler b. Seedorf,BE
Studio Fiduciario e Immobiliare Roberta Pantani Tettamanti SA,STUDIO FIDUCIARIO E IMMOBILIARE ROBERTA PANTANI TETTAMANTI SA,CHE-114.797.606,confirme,Via Valdani 2,6830,Chiasso,TI
STUDIOGEST SA,STUDIOGEST SA,CHE-113.450.241,confirme,Via Peri 2A,6900,Lugano,TI
STÖTZLI IMMOBILIEN AG,Stötzli Immobilien AG,CHE-494.686.990,confirme,Luzernstrasse 88,6102,Malters,LU
SUMMUM SA,SUMMUM SA,CHE-157.451.607,confirme,Rue de Loèche 22,1950,Sion,VS
sunrise one ag,Sunrise One AG,CHE-102.245.300,confirme,Schillerstrasse 9,9000,St. Gallen,SG
Suter Immobilien Treuhand AG,Suter Immobilien Treuhand AG,CHE-108.298.832,confirme,Hauptstrasse 1,4102,Binningen,BL
Swiss Residence Group AG,Residence Immobilien AG,CHE-101.899.019,confirme,Baarerstrasse 23,6300,Zug,ZG
SWISS TWINS IMMOBILIEN,Swiss Twins Immobilien GmbH,CHE-415.202.106,confirme,Gotthardstrasse 14,6300,Zug,ZG
Swiss Twins Immobilien GmbH,Swiss Twins Immobilien GmbH,CHE-415.202.106,confirme,Gotthardstrasse 14,6300,Zug,ZG
swisspartners Immobilien AG,swisspartners Immobilien AG,CHE-109.339.468,confirme,Klaus Gebert Strasse 4,8640,Rapperswil SG,SG
Swisstrend AG,Swisstrend AG,CHE-255.769.499,confirme,Brunngrabenstrasse 2,4500,Solothurn,SO
Symvalues Gmbh,SYMVALUES GMBH,CHE-414.673.377,confirme,Stockweg 24,4852,Rothrist,AG
SüdNord Immobilienmanagement AG,SüdNord Immobilienmanagement AG,CHE-102.029.541,confirme,Dufourstrasse 77,8008,Zürich,ZH
Tanner & Stump Immobilien-Treuhand AG,Tanner & Stump Immobilien-Treuhand AG,CHE-107.888.379,confirme,Dolderstrasse 38,8032,Zürich,ZH
Tarchini Consulting SA,Tarchini Real Estate SA,CHE-100.072.922,confirme,Via Cantonale ,6928,Manno,TI
Tarchini Group,Tarchini Real Estate SA,CHE-100.072.922,confirme,Via Cantonale ,6928,Manno,TI
Tarchini Real Estate SA,Tarchini Real Estate SA,CHE-100.072.922,confirme,Via Cantonale ,6928,Manno,TI
Tarchini Residential Real Estate SA,Tarchini Residential Real Estate SA,CHE-101.546.348,confirme,Via Cantonale ,6928,Manno,TI
Taxalis Treuhand AG,Taxalis Treuhand AG,CHE-301.311.527,confirme,Ettenhauserstrasse 13,8620,Wetzikon ZH,ZH
Termobil AG,Termobil AG,CHE-103.017.894,confirme,Mattenhofstrasse 10,3007,Bern,BE
Terresta AG,Terresta AG,CHE-102.911.947,confirme,Neuwiesenstrasse 15,8400,Winterthur,ZH
The Swatch Group Immeubles SA,The Swatch Group Immeubles SA,CHE-106.649.754,confirme,Faubourg de l'Hôpital 3,2000,Neuchâtel,NE
Three Point Betriebsgesellschaft AG,THREE POINT Betriebsgesellschaft AG,CHE-114.557.232,confirme,Sonnentalstrasse 17,8600,Dübendorf,ZH
THREE POINT Betriebsgesellschaft Zürich,THREE POINT Betriebsgesellschaft AG,CHE-114.557.232,confirme,Sonnentalstrasse 17,8600,Dübendorf,ZH
Tibag AG,Tibag AG,CHE-107.906.959,confirme,Vorstatt 35,6244,Nebikon,LU
Topka GmbH,Topka GmbH,CHE-462.493.866,confirme,"c/o Adrian Kälin
Etzel 10",8847,Egg SZ,SZ
Touchdown Immo Services AG,Touchdown Immo Services AG,CHE-113.719.489,confirme,Fritz Gottlieb Pfister-Weg 15,8703,Erlenbach ZH,ZH
Treuhand & Immobilien Abt AG,Treuhand & Immobilien Abt AG,CHE-106.949.860,confirme,Flughofstrasse 39a,8152,Glattbrugg,ZH
Trifortis GmbH,Trifortis GmbH,CHE-112.735.853,confirme,Mühlegasse 6,4104,Oberwil BL,BL
Trivora Immobilien AG,Trivora Immobilien AG,CHE-172.892.611,confirme,Rötistrasse 22a,4500,Solothurn,SO
Trivora Immobilien GmbH,Trivora Immobilien AG,CHE-172.892.611,confirme,Rötistrasse 22a,4500,Solothurn,SO
Tuttoimmobili Sagl,Tuttoimmobili Sagl,CHE-115.189.421,confirme,Via Cantonale 27,6815,Melide,TI
Tuwag Immobilien AG,Tuwag Immobilien AG,CHE-107.202.551,confirme,Einsiedlerstrasse 25,8820,Wädenswil,ZH
umt Immobilien GmbH,UMT Treuhand GmbH,CHE-104.351.114,confirme,Rainstrasse 71,8706,Meilen,ZH
Urania Real Estate Sagl,Urania Real Estate Sagl,CHE-477.387.322,confirme,Via Pietro Peri 2A,6900,Lugano,TI
UtoNova AG,UtoNova AG,CHE-107.886.618,confirme,Vega-Strasse 3,8152,Glattpark (Opfikon),ZH
VATAR Immobilien AG,VATAR AG,CHE-100.339.597,confirme,Winkelriedstrasse 37,6003,Luzern,LU
Vaudburo Sàrl,Vaudburo Sàrl,CHE-231.664.467,confirme,Avenue de la Gare 17,1003,Lausanne,VD
VERIT Immobilien AG,VERIT Holding AG,CHE-306.861.775,confirme,Klausstrasse 48,8008,Zürich,ZH
Vinea Immobilien AG,Vinea Immobilien AG,CHE-317.913.287,confirme,Pestalozzistrasse 4,8570,Weinfelden,TG
VISIONAPARTMENTS BASEL AG,VISIONAPARTMENTS BASEL AG,CHE-137.864.774,confirme,Peter Merian-Strasse 58,4052,Basel,BS
Visionimmo SA,VISIONIMMO SA,CHE-456.068.532,confirme,Rue de Bernex 293,1233,Bernex,GE
VIVA REAL AG,Viva Real AG,CHE-107.892.458,confirme,Weiherweg 5,5443,Niederrohrdorf,AG
Viva Regalis AG,Viva Regalis AG,CHE-252.391.281,confirme,Eschenstrasse 1,9000,St. Gallen,SG
VIVACON AG,VIVACON AG,CHE-147.811.905,confirme,Oberhusstrasse 10,9203,Niederwil SG,SG
vivo immobilien ag,vivo immobilien ag,CHE-271.676.413,confirme,Neuwiesenstrasse 69,8400,Winterthur,ZH
VIVURA AG,Vivura AG,CHE-471.606.537,confirme,Rüdigerstrasse 17,8045,Zürich,ZH
Vollenweider Immobilien & Treuhand AG,Vollenweider Immobilien & Treuhand AG,CHE-290.070.820,confirme,Ob der Mur 14,8173,Neerach,ZH
von Rosenberg Immobilien GmbH,von Rosenberg Immobilien GmbH,CHE-242.871.444,confirme,Worbstrasse 180,3073,Gümligen,BE
Walser Siegrist & Partner AG,Walser Siegrist & Partner AG,CHE-110.096.350,confirme,Dorfstrasse 93,8542,Wiesendangen,ZH
Wayne,The Wayne SA,CHE-385.520.261,confirme,chemin de Chenailleta 3,2013,Colombier NE,NE
Weisser Immobilien AG,Weisser Immobilien AG,CHE-107.829.164,confirme,Seefeldstrasse 96,8008,Zürich,ZH
Weisser Immobilien AG — Weisser Immobilien AG,Weisser Immobilien AG,CHE-107.829.164,confirme,Seefeldstrasse 96,8008,Zürich,ZH
welcome home immobilien AG,welcome home immobilien AG,CHE-112.329.447,confirme,Oberwilerstrasse 32,4102,Binningen,BL
Welcome Immobilien AG,WELCOME Immobilien AG,CHE-106.018.507,confirme,Hübelistrasse 18,6020,Emmenbrücke,LU
WEPRING AG,Wepring AG,CHE-477.054.731,confirme,Bionstrasse 4,9015,St. Gallen,SG
Westdoor AG,Westdoor AG,CHE-215.804.250,confirme,Wattstrasse 3,8050,Zürich,ZH
Westhive AG,Westhive AG,CHE-139.139.017,confirme,Hardturmstrasse 161,8005,Zürich,ZH
Wideröe Immobilien AG,Wideröe Immobilien AG,CHE-115.801.481,confirme,Dammstrasse 7,5400,Baden,AG
Widmer Treuhand und Steuerberatung,Widmer Treuhand und Steuerberatung,CHE-107.517.919,confirme,Kasernenstrasse 24,8180,Bülach,ZH
Wilson Immobilier SA,WILSON IMMOBILIER SA,CHE-113.591.634,confirme,Route de l'Hôpital 14 A,1180,Rolle,VD
WimmoG AG,WimmoG AG,CHE-113.028.132,confirme,Wiesenstrasse 5,8603,Schwerzenbach,ZH
Wincasa AG,Wincasa AG,CHE-106.840.111,confirme,Theaterstrasse 17,8400,Winterthur,ZH
Wincasa AG — Winterthur,Wincasa AG,CHE-106.840.111,confirme,Theaterstrasse 17,8400,Winterthur,ZH
Winteam Immobilier Sàrl,Winteam Immobilier Sàrl,CHE-112.753.578,confirme,Chamblioux-Parc 24,1763,Granges-Paccot,FR
Wirnsperger Generalunternehmung AG,Wirnsperger Generalunternehmung AG,CHE-113.892.490,confirme,Kempttalstrasse 38,8320,Fehraltorf,ZH
WMP Immobilien AG,WMP-Immobilien AG,CHE-180.380.247,confirme,Schützenstrasse 5,8800,Thalwil,ZH
Wohngut GmbH,Wohngut GmbH,CHE-428.194.367,confirme,Thurgauerstrasse 117,8152,Glattpark (Opfikon),ZH
Wohnstadt Bau- und Verwaltungsgenossenschaft,Wohnstadt Bau- und Verwaltungsgenossenschaft,CHE-107.956.911,confirme,Viaduktstr. 12,4051,Basel,BS
Wonneberg AG,Wonneberg AG,CHE-424.600.285,confirme,Genferstrasse 34,8002,Zürich,ZH
Xama Immo Services SA,XAMA Immo-Services SA,CHE-110.554.105,confirme,Impasse des Lilas 1,1762,Givisiez,FR
Yuna Real Estate AG,Yuna Real Estate AG,CHE-462.491.353,confirme,Weststrasse 145,8003,Zürich,ZH
Zanella Partner Immobilien AG,Zanella Partner Immobilien AG,CHE-113.372.405,confirme,Seestrasse 25,8702,Zollikon,ZH
Zanella Partner Immobilien AG — Zanella Partner Immobilien AG,Zanella Partner Immobilien AG,CHE-113.372.405,confirme,Seestrasse 25,8702,Zollikon,ZH
Zeitraum Immobilien AG,ZEITRAUM Immobilien AG,CHE-102.155.252,confirme,Hegnaustrasse 60,8602,Wangen b. Dübendorf,ZH
Zeyt GmbH,Zeyt GmbH,CHE-327.818.242,confirme,Hauptstrasse 14,8280,Kreuzlingen,TG
ZIMA Projektentwicklung AG,ZIMA Projektentwicklung AG,CHE-114.023.120,confirme,Scheffelstrasse 1,9000,St. Gallen,SG
Zivag Gérances SA,Zivag Verwaltungen AG,CHE-345.718.041,confirme,Place de la Riponne 4,1005,Lausanne,VD
Zivag Verwaltungen AG,Zivag Verwaltungen AG,CHE-108.751.961,confirme,Weltpoststrasse 20,3015,Bern,BE
Zobrist + Räbsamen AG,Zobrist + Räbsamen AG,CHE-101.410.861,confirme,Kernstrasse 12,8004,Zürich,ZH
Zollinger Immobilien,Zollinger Immobilien AG,CHE-112.723.583,confirme,Worbstrasse 237,3073,Gümligen,BE
Zollinger Immobilien AG,Zollinger Immobilien AG,CHE-112.723.583,confirme,Worbstrasse 237,3073,Gümligen,BE
Zollinger Immobilien Vermarktungen AG,Zollinger Immobilien Vermarktungen AG,CHE-479.414.757,confirme,Worbstrasse 237,3073,Gümligen,BE
Aberegg Immobilien GmbH,Aberegg Consulting AG,CHE-105.109.337,probable,"c/o Trees & Partner AG
Seftigenstrassse 2",3007,Bern,BE
Abitop GmbH,Abitop GmbH,CHE-114.775.728,probable,Tägerhardring 8,5436,Würenlos,AG
Aeberhard & Partner Immobilien GmbH,Aeberhard AG,CHE-102.529.430,probable,Langenhag 34,9424,Rheineck,SG
AGENCE REMICOM FRIBOURG,REMICOM IMMOBILIER SA,CHE-112.458.240,probable,route de Frontenex 58 bis,1207,Genève,GE
AGENCE REMICOM LAUSANNE,REMICOM IMMOBILIER SA,CHE-112.458.240,probable,route de Frontenex 58 bis,1207,Genève,GE
AGENCE REMICOM NEUCHATEL,REMICOM IMMOBILIER SA,CHE-112.458.240,probable,route de Frontenex 58 bis,1207,Genève,GE
Agentur Wyss AG,Wyss Holding AG,CHE-100.168.628,probable,"c/o Hansrudolf Wyss
Museumstrasse 23",5200,Brugg AG,AG
AGF Immobilien AG,AGF Holding SA,CHE-109.898.147,probable,Avenue Mon-Repos 24,1005,Lausanne,VD
Allianz Suisse Immobilier SA,Allianz Suisse Immobilien AG,CHE-105.837.520,probable,Richtiplatz 1,8304,Wallisellen,ZH
Alta Immobilier,Alta Group AG,CHE-104.892.752,probable,Poststrasse 30,6300,Zug,ZG
ALUAG.CH AG,ALUAG.CH AG,CHE-489.146.742,probable,Bahnhof-Park 3,6340,Baar,ZG
Ambiente Immo,Ambiente Consulting GmbH,CHE-102.308.142,probable,Rebhalde 9,6340,Baar,ZG
Amicasa,AMICASA AG,CHE-208.694.559,probable,"c/o Martin Alexander Stäheli
Steigstrasse 77",8200,Schaffhausen,SH
Amonn,Amonn AG,CHE-411.789.061,probable,Blümlisalpstrasse 4,3074,Muri b. Bern,BE
anliker IMMOBILIEN,Anliker Services AG,CHE-100.131.683,probable,Meierhöflistrasse 18,6020,Emmenbrücke,LU
Apleona Real Estate AG,Apleona Schweiz AG,CHE-107.583.603,probable,Ebnatstrasse 91a,8200,Schaffhausen,SH
Apleona Schweiz AG,Apleona Schweiz AG,CHE-107.583.603,probable,Ebnatstrasse 91a,8200,Schaffhausen,SH
Apleona Suisse SA,Apleona Schweiz AG,CHE-107.583.603,probable,Ebnatstrasse 91a,8200,Schaffhausen,SH
Arlewo AG,Arlewo AG,CHE-108.022.247,probable,Guggistrasse 7,6005,Luzern,LU
Aubert,Aubert Immo Sàrl,CHE-420.245.570,probable,"c/o Fiduciaire Fidra SA
Rue Général-Dufour 4",2502,Biel/Bienne,BE
August Portmann AG,August Portmann AG,CHE-107.138.433,probable,Baarerstrasse 36,6300,Zug,ZG
AVIDA Immobilien-Treuhand AG,Avida Immobilien-Treuhand AG,CHE-103.803.119,probable,Ringstrasse 14,4600,Olten,SO
Basel Grosspeter,Grosspeter Immobilien AG,CHE-114.339.764,probable,St. Jakob-Strasse 72,4132,Muttenz,BL
Baumgartner Immobilien AG,Baumgartner & Co. AG,CHE-102.445.307,probable,Multergasse 6,9004,St. Gallen,SG
BDO AG Bern,BDO SA,CHE-347.141.454,probable,Route de la Corniche 2,1066,Epalinges,VD
BDO AG Zürich,BDO SA,CHE-347.141.454,probable,Route de la Corniche 2,1066,Epalinges,VD
Bernard Nicod | Genève Gérance,Bernard Nicod Nyon SA,CHE-108.023.494,probable,Chemin d'Eysins 51,1260,Nyon,VD
BETTERHOMES (Suisse) SA,BETTERHOMES AG,CHE-112.567.225,probable,Flurstrasse 55,8048,Zürich,ZH
BETTERHOMES (Svizzera) SA,BETTERHOMES AG,CHE-112.567.225,probable,Flurstrasse 55,8048,Zürich,ZH
Bindella Immobilien AG,Bindella Immobilien AG,CHE-101.634.834,probable,In Gassen 6,8001,Zürich,ZH
BT Barlocchi Treuhand AG,BT Barlocchi Treuhand AG,CHE-140.138.585,probable,Bahnhofstrasse 2,8800,Thalwil,ZH
Bulliard Immobilien AG,Bulliard Immobilier SA,CHE-107.773.954,probable,Route d'Agy 10,1763,Granges-Paccot,FR
Bürgi Immobiliare,Bürgi.ch AG,CHE-103.873.717,probable,Bergstrasse 177,8704,Herrliberg,ZH
CBRE,CBRE (Zürich) AG,CHE-106.059.044,probable,Bärengasse 29,8001,Zürich,ZH
CBRE (Schweiz),CBRE (Zürich) AG,CHE-106.059.044,probable,Bärengasse 29,8001,Zürich,ZH
CBRE Genève,CBRE (Zürich) AG,CHE-106.059.044,probable,Bärengasse 29,8001,Zürich,ZH
CBRE Lausanne,CBRE (Zürich) AG,CHE-106.059.044,probable,Bärengasse 29,8001,Zürich,ZH
dasolymp AG,dasolymp AG,CHE-176.303.574,probable,Tulpenweg 2,6060,Sarnen,OW
dietsche greber gmbh,dietsche greber gmbh,CHE-314.895.411,probable,Burgunderstrasse 18,4410,Liestal,BL
E. Beck Verwaltung,Beck & Co. AG,CHE-100.363.383,probable,"c/o Rotmonten Treuhand AG
Schuppisstrasse 8",9016,St. Gallen,SG
Elron Immobilien AG,Elron Immobilien AG,CHE-114.502.780,probable,Schützenstrasse 3,4532,Feldbrunnen,SO
Emanuel Immobilien,Emanuel GmbH,CHE-115.132.349,probable,Industriestrasse 57,8152,Glattbrugg,ZH
EMANUEL Immobilien AG,Emanuel GmbH,CHE-115.132.349,probable,Industriestrasse 57,8152,Glattbrugg,ZH
Engel & Völkers Basel,Engel & Völkers Holding AG,CHE-258.082.387,probable,Poststrasse 26,6300,Zug,ZG
Engel & Völkers Lugano,Engel & Völkers Holding AG,CHE-258.082.387,probable,Poststrasse 26,6300,Zug,ZG
erich thalmann consulting ag,Thalmann Erich,CHE-113.377.532,probable,Le Revers 17,1345,Le Lieu,VD
Ethic-Immobilier Sàrl,Ethic Sàrl,CHE-113.171.189,probable,Rue de la Perreire 14,1635,La Tour-de-Trême,FR
ETI experts CH AG,ETI experts CH AG,CHE-114.637.316,probable,"c/o Adverta Treuhand AG
Quaderstrasse 11",7001,Chur,GR
Follow Immobilien,Follow Immobilien GmbH,CHE-481.609.253,probable,Hauptstrasse 30,3186,Düdingen,FR
Halter & Partner GmbH,Halter AG,CHE-107.831.385,probable,Zürcherstrasse 39,8952,Schlieren,ZH
Hans Amonn AG,Hans Amonn AG,CHE-106.957.227,probable,Blümlisalpstrasse 4,3074,Muri bei Bern,BE
Hauptsitz,hauptsitz gmbh,CHE-491.647.485,probable,Moserstrasse 4,3014,Bern,BE
Heinzer Immobilien+Treuhand AG,Heinzer AG,CHE-100.063.656,probable,Haltingerstrasse 40,4057,Basel,BS
Helvetia,Helvetia Consulting AG,CHE-107.479.667,probable,Dufourstrasse 40,9001,St. Gallen,SG
Helvetia Service AG,Helvetia Consulting AG,CHE-107.479.667,probable,Dufourstrasse 40,9001,St. Gallen,SG
Helvetia Service SA,Helvetia Consulting AG,CHE-107.479.667,probable,Dufourstrasse 40,9001,St. Gallen,SG
HOMEStay,Homestay AG Schweiz,CHE-349.210.876,probable,Heiligkreuzstrasse 40,9008,St. Gallen,SG
HRS Real Estate AG,HRS Real Estate AG,CHE-105.857.853,probable,Walzmühlestrasse 48,8501,Frauenfeld,TG
HRS Real Estate SA,HRS Real Estate AG,CHE-105.857.853,probable,Walzmühlestrasse 48,8501,Frauenfeld,TG
HUBER REAL ESTATE AG,HUBER REAL ESTATE PARTNER AG,CHE-102.457.799,probable,Luzernerstrasse 44,6030,Ebikon,LU
HUBIMMO Partenariat Immobilier Sàrl,Hubimmo Partenariat Immobilier Sàrl,CHE-250.033.942,probable,Route du Château 23,1566,St-Aubin FR,FR
IDZ Immobilien Dienstleistungszentrum AG,IDZ Immobilien Dienstleistungszentrum AG,CHE-113.658.066,probable,Webergasse 2,8640,Rapperswil SG,SG
IDZ Immobilien Dienstleistungszentrum GmbH,IDZ Immobilien Dienstleistungszentrum AG,CHE-113.658.066,probable,Webergasse 2,8640,Rapperswil SG,SG
Immo - Küng GmbH,Küng & Co AG,CHE-107.152.634,probable,St.Gallerstrasse 129,8404,Winterthur,ZH
Immo Performance Sàrl,E-PERFORMANCE AG,CHE-109.456.559,probable,Rotzbergstrasse 19,6362,Stansstad,NW
Immo Wettige AG,Immo Wettige AG,CHE-102.113.377,probable,Bahnhofstrasse 105,5430,Wettingen,AG
Immobilien Wyss Schweiz AG,Wyss Holding AG,CHE-100.168.628,probable,"c/o Hansrudolf Wyss
Museumstrasse 23",5200,Brugg AG,AG
Immobilien-Treuhand Schneider&Co,Schneider Gruppe Immobilien AG,CHE-107.108.142,probable,Hauptstrasse 219,5044,Schlossrued,AG
Immolak,Immolak GmbH,CHE-163.395.874,probable,route de Chêne 14,1207,Genève,GE
Immovisa GmbH,Immovisa GmbH,CHE-319.435.028,probable,Gibelinstrasse 25,4500,Solothurn,SO
Islami Immobilien & Finanzen,Islami Immobilien & Finanzen,CHE-466.851.516,probable,Bergstrasse 14,8953,Dietikon,ZH
Jenni Immobilien Treuhand AG,Jenni,CHE-101.014.413,probable,"null
Maienweg 8",9470,Buchs,SG
KANAAN AG,Kanaan AG,CHE-323.096.550,probable,Sihleggstrasse 23,8832,Wollerau,SZ
Kenzou AG,Kenzou AG,CHE-150.462.805,probable,Bielweg 4,3934,Zeneggen,VS
Kocher Immobilien AG,Kocher AG,CHE-101.979.227,probable,"c/o Christoph Landolt
Schützenstrasse 24",4900,Langenthal,BE
Künzler & Partner Immobilien GmbH,Künzler & Partners AG,CHE-105.517.340,probable,Moos 1,2513,Twann,BE
La Perle Immobilier,Perle GmbH,CHE-101.104.944,probable,Hauptbahnhofstrasse 5,4500,Solothurn,SO
La Perle Immobilier Sàrl,Perle GmbH,CHE-101.104.944,probable,Hauptbahnhofstrasse 5,4500,Solothurn,SO
Leder & Co Immo AG,Leder & Co. AG,CHE-102.226.395,probable,Fluhstrasse 30,8645,Jona,SG
Lemon Immobilien,Lemon Group AG,CHE-107.148.199,probable,Seftigenstrasse 300,3084,Wabern,BE
LENZLINGER IMMOBILIEN,Lenzlinger Immo SA,CHE-107.872.409,probable,Rue des Noyers 11,2000,Neuchâtel,NE
LIDIWO Immobilien AG,LIDIWO Immobilien AG,CHE-107.826.094,probable,Brandbachstrasse 10,8305,Dietlikon,ZH
Living Group,Living AG,CHE-102.123.648,probable,"c/o Senn Treuhand AG
Im Bungert 13",5430,Wettingen,AG
LUGANO HOME SAGL,Home Group Service SA,CHE-103.033.249,probable,route des Acacias 48,1227,Carouge GE,GE
Maison Schreyer & Cie,Maison Schreyer & Cie.,CHE-219.608.357,probable,Dorfstrasse 18,3264,Diessbach bei Büren,BE
MDA Group Real Estate,MDA Consulting Sàrl,CHE-292.900.823,probable,chemin des Pluviers 9,1228,Plan-les-Ouates,GE
Meinen Immobilien GmbH,Meinen Immobilien GmbH,CHE-263.789.222,probable,Gartenstrasse 4,3007,Bern,BE
Moos & Partner Immobilien GmbH,Moos Immo AG,CHE-107.937.210,probable,Mühlebrückestrasse 3,8400,Winterthur,ZH
Moser und Partner AG,moser bau immobilien ag,CHE-107.190.497,probable,Gotthardstrasse 28,6300,Zug,ZG
Niederer AG,Niederer AG,CHE-103.970.852,probable,Kriessernstrasse 40,9450,Altstätten SG,SG
Obrist + Co,Obrist Immobilien AG,CHE-114.604.564,probable,Cordulaplatz 3,5400,Baden,AG
Osesta GmbH,Osesta GmbH,CHE-238.428.755,probable,Spielhof 12,6317,Oberwil b. Zug,ZG
Pernisch Verwaltung,Pernisch Verwaltung AG,CHE-149.965.643,probable,Huswiesstrasse 8,9220,Bischofszell,TG
PFR Immobilien GmbH,PFR Immobilien GmbH,CHE-431.639.186,probable,Schönfelsstrasse 3,8835,Feusisberg,SZ
Poeticwalls AG,Poeticwalls AG,CHE-367.006.115,probable,Missionsstrasse 42,4055,Basel,BS
Proline Immobilien AG,Proline AG,CHE-108.759.023,probable,"null
Schützenhausstrasse 15",2552,Orpund,BE
Regimo Aarau,Regimo AG,CHE-108.534.843,probable,Hohlstrasse 536,8048,Zürich,ZH
Regimo Basel,Regimo AG,CHE-108.534.843,probable,Hohlstrasse 536,8048,Zürich,ZH
Regimo Bern,Regimo AG,CHE-108.534.843,probable,Hohlstrasse 536,8048,Zürich,ZH
Regimo Bern AG,Regimo AG,CHE-108.534.843,probable,Hohlstrasse 536,8048,Zürich,ZH
Regimo Zug,Regimo AG,CHE-108.534.843,probable,Hohlstrasse 536,8048,Zürich,ZH
Regimo Zug AG,Regimo AG,CHE-108.534.843,probable,Hohlstrasse 536,8048,Zürich,ZH
Regus,Regus Holding GmbH,CHE-113.962.877,probable,Baarerstrasse 14,6300,Zug,ZG
Renoreal GmbH,RENOREAL GmbH,CHE-113.436.347,probable,Neustadtstrasse 16,6003,Luzern,LU
Residencia Real Estate AG,Residencia Real Estate AG,CHE-115.259.375,probable,Ringstrasse 18b,8600,Dübendorf,ZH
Reto Caminada AG,Reto Caminada AG,CHE-107.841.797,probable,Rebbergstrasse 64,8049,Zürich,ZH
RFG Immobilier SA,RFG AG,CHE-383.218.934,probable,Hohlengasse 8,3661,Uetendorf,BE
Rieser & Häni Immobilien,Rieser & Häni Immobilien,CHE-440.552.124,probable,Seestrasse 12,8712,Stäfa,ZH
Rojoma Immobilien AG,Rojoma GmbH,CHE-256.574.277,probable,Rütimattweg 28,5040,Schöftland,AG
ROKU AG,ROKU AG,CHE-459.881.920,probable,Seestrasse 37a,9326,Horn,TG
Rosset Genève,Rosset SA agence immobilière,CHE-106.017.407,probable,Rue de Genève 86,1004,Lausanne,VD
Régie des Alpes SA,Des Alpes Immo AG,CHE-101.471.710,probable,Waldeggstrasse 5,6430,Schwyz,SZ
Régimo Genève,Regimo AG,CHE-108.534.843,probable,Hohlstrasse 536,8048,Zürich,ZH
Régimo Lausanne,Regimo AG,CHE-108.534.843,probable,Hohlstrasse 536,8048,Zürich,ZH
Régimo Lausanne SA,Regimo AG,CHE-108.534.843,probable,Hohlstrasse 536,8048,Zürich,ZH
Schmid Immobilien & Treuhand AG,Schmid - Bau AG,CHE-102.570.941,probable,"c/o Alphons Schmid
Höhenweg 27",5610,Wohlen AG,AG
Schmid Immobilien und Treuhand AG,Schmid - Bau AG,CHE-102.570.941,probable,"c/o Alphons Schmid
Höhenweg 27",5610,Wohlen AG,AG
Schärer Immobilien AG,Schärer AG,CHE-102.025.431,probable,Grossmatte 12,6014,Luzern,LU
SFS Group Schweiz AG,SFS Group AG,CHE-103.670.002,probable,Rosenbergsaustrasse 8,9435,Heerbrugg,SG
SIH Swiss Immo Holding Nani,SIH Swiss Immo Holding Nani,CHE-496.422.611,probable,Grand-Rue 14,1180,Rolle,VD
SINHA'S GmbH — SINHA'S,SINHA'S GmbH,CHE-302.678.290,probable,Chamerstrasse 176,6300,Zug,ZG
SINHA'S GmbH — SINHA'S GmbH,SINHA'S GmbH,CHE-302.678.290,probable,Chamerstrasse 176,6300,Zug,ZG
sitEX Properties Holding AG,sitEX Properties Holding AG,CHE-103.015.702,probable,Zürcherstrasse 137,8852,Altendorf,SZ
spg partner Genève,SPG SWISS AG,CHE-110.034.283,probable,Bächaustrasse 1a,8806,Bäch SZ,SZ
spg partner Lausanne,SPG SWISS AG,CHE-110.034.283,probable,Bächaustrasse 1a,8806,Bäch SZ,SZ
Spörri Immopartner AG,Spörri Immopartner AG,CHE-101.987.066,probable,Chilenholzstrasse 36,8614,Sulzbach,ZH
Suisse Estates GmbH,Zug Estates AG,CHE-106.916.783,probable,Baarerstrasse 18,6300,Zug,ZG
Swiss Quality Immo GmbH,Quality Group AG,CHE-101.668.371,probable,Via Val Müstair 167,7536,Sta. Maria Val Müstair,GR
Tellco Immobilien AG,Tellco AG,CHE-109.489.961,probable,Bahnhofstrasse 4,6430,Schwyz,SZ
Thalmann & Partner AG,Thalmann Treuhand AG,CHE-108.028.770,probable,Marktplatz 3,8570,Weinfelden,TG
THE FLAG Lugano,THE FLAG Zürich AG,CHE-114.408.690,probable,Baslerstrasse 100,8048,Zürich,ZH
THOMA Verwaltungen AG,Thoma Treuhand AG,CHE-102.333.140,probable,Schwabstrasse 51,3018,Bern,BE
Trust immobilier,e-trust AG,CHE-103.989.202,probable,Chamerstrasse 172,6300,Zug,ZG
Tschumper RenoLife GmbH,Tschumper RenoLife GmbH,CHE-157.474.755,probable,Hinterdorfstrasse 7,9607,Mosnang,SG
VARIAS Immobilien AG,VARIAS Immobilien AG,CHE-115.844.355,probable,Zürcherstrasse 137,8406,Winterthur,ZH
Vetter Immobilien AG,Vetter Consulting AG,CHE-100.989.507,probable,Feldstrasse 22,8200,Schaffhausen,SH
Vimova,Vimova Gérance SA,CHE-112.961.875,probable,Place Benjamin-Constant 2,1003,Lausanne,VD
Vimova Bewirtschaftung AG,Vimova Bewirtschaftung AG,CHE-114.651.693,probable,Viaduktstrasse 42,4051,Basel,BS
VISTA,Vista GmbH,CHE-101.095.512,probable,Chemin des Cerisiers 25,1789,Lugnorre,FR
VISTA REAL ESTATE,Vista GmbH,CHE-101.095.512,probable,Chemin des Cerisiers 25,1789,Lugnorre,FR
Widmer Partner Treuhand und Immobilien AG,Widmer AG,CHE-101.169.079,probable,Seetalstrasse 42,5503,Schafisheim,AG
Wincasa AG — Baden,Wincasa AG,CHE-106.840.111,probable,Theaterstrasse 17,8400,Winterthur,ZH
Wincasa AG — Basel,Wincasa AG,CHE-106.840.111,probable,Theaterstrasse 17,8400,Winterthur,ZH
Wincasa AG — Chur,Wincasa AG,CHE-106.840.111,probable,Theaterstrasse 17,8400,Winterthur,ZH
Wincasa AG — Lugano,Wincasa AG,CHE-106.840.111,probable,Theaterstrasse 17,8400,Winterthur,ZH
Wincasa AG — Luzern,Wincasa AG,CHE-106.840.111,probable,Theaterstrasse 17,8400,Winterthur,ZH
Wincasa AG — Zug,Wincasa AG,CHE-106.840.111,probable,Theaterstrasse 17,8400,Winterthur,ZH
Wincasa SA,Wincasa AG,CHE-106.840.111,probable,Theaterstrasse 17,8400,Winterthur,ZH
Wincasa SA — Lausanne,Wincasa AG,CHE-106.840.111,probable,Theaterstrasse 17,8400,Winterthur,ZH
wohnbaugenossenschaften schweiz regionalverband zürich,wohnbaugenossenschaften schweiz regionalverband zürich,CHE-108.577.605,probable,Hofackerstrasse 32,8032,Zürich,ZH
WSP Immobilien AG,WSP Consulting GmbH,CHE-112.210.616,probable,Zürcherstrasse 189b,9014,St. Gallen,SG
Zürich Central,Central Immobilien AG,CHE-100.767.409,probable,Promenade 85,7270,Davos Platz,GR
Agence Proximmo Lausanne Location,PROXIMMO Agence Immobilière Sàrl,CHE-115.716.846,a_verifier,Place Bel-Air 1,1003,Lausanne,VD
AGENCE REMICOM JURA-BIENNE,REMICOM IMMOBILIER SA,CHE-112.458.240,a_verifier,route de Frontenex 58 bis,1207,Genève,GE
AGENCE REMICOM LA COTE,REMICOM IMMOBILIER SA,CHE-112.458.240,a_verifier,route de Frontenex 58 bis,1207,Genève,GE
AGENCE REMICOM PME,REMICOM IMMOBILIER SA,CHE-112.458.240,a_verifier,route de Frontenex 58 bis,1207,Genève,GE
AGENCE REMICOM RIVIERA,REMICOM IMMOBILIER SA,CHE-112.458.240,a_verifier,route de Frontenex 58 bis,1207,Genève,GE
AGENCE REMICOM VALAIS,REMICOM IMMOBILIER SA,CHE-112.458.240,a_verifier,route de Frontenex 58 bis,1207,Genève,GE
AGOODDAY relocation & real estate Sàrl,Swiss Relocation Services GmbH,CHE-114.121.797,a_verifier,Hubackerstrasse 31,8105,Regensdorf,ZH
Alyssa Luongo — Alyssa Luongo,Alyssa & Co Sàrl,CHE-175.661.462,a_verifier,Rue Rousseau 1,1201,Genève,GE
Amma Immo Valais,Groupe E Valais SA,CHE-102.247.658,a_verifier,Avenue de Tourbillon 100,1951,Sion,VS
Ant. Bonomo's Erben Immob. AG,"Ant. Bonomo's Erben, Immobilien - AG",CHE-103.546.945,a_verifier,Gubelhangstrasse 22,8050,Zürich,ZH
AP Investment GmbH,Investment AG,CHE-102.442.852,a_verifier,Eichenweg 62,3095,Spiegel b. Bern,BE
Apleona Schweiz AG - Filiale Basel,Apleona Schweiz AG,CHE-107.583.603,a_verifier,Ebnatstrasse 91a,8200,Schaffhausen,SH
AS Wyss Immobilien AG,Immo Wyss AG,CHE-101.958.722,a_verifier,Usserdorf 1,4624,Härkingen,SO
asl casa gmbh,Casa AG,CHE-103.339.211,a_verifier,Gotthelfstr. 9,4054,Basel,BS
Aurea Immobilien Gmbh,Aurea Vorsorge,CHE-109.594.109,a_verifier,"c/o Einwohnergemeinde Aarau
Rathausgasse 1",5000,Aarau,AG
Baloise Asset Management AG,Immofonds Asset Management AG,CHE-101.315.085,a_verifier,Rämistrasse 30,8001,Zürich,ZH
Baloise Asset Management SA,Immofonds Asset Management AG,CHE-101.315.085,a_verifier,Rämistrasse 30,8001,Zürich,ZH
Barth Real AG,Karl Barth AG,CHE-105.472.559,a_verifier,Unterdorf 27,8421,Dättlikon,ZH
BEE Generalunternehmung AG,Bee Architekten AG,CHE-107.390.091,a_verifier,Emmentalstrasse 11,3510,Konolfingen,BE
Bernard Nicod | Lausanne BC Gérance,Bernard Nicod SA,CHE-105.851.230,a_verifier,Avenue de la Gare 26,1003,Lausanne,VD
Bernard Nicod | Monthey Gérance,Bernard Nicod Nyon SA,CHE-108.023.494,a_verifier,Chemin d'Eysins 51,1260,Nyon,VD
Bernard Nicod | Rolle Gérance,Bernard Nicod Nyon SA,CHE-108.023.494,a_verifier,Chemin d'Eysins 51,1260,Nyon,VD
Bernard Nicod | Vevey Gérance,Bernard Nicod Nyon SA,CHE-108.023.494,a_verifier,Chemin d'Eysins 51,1260,Nyon,VD
BERTRAND IMMOBILIER Sàrl,Bertrand Corbaz SA,CHE-100.442.769,a_verifier,Chemin du Crépon 56,1815,Clarens,VD
BeWi-Immo GmbH,Bewi Elektro GmbH,CHE-114.920.829,a_verifier,Grenzstrasse 4,8280,Kreuzlingen,TG
Botti Group GmbH — Fabio Botti,Botti Group GmbH,CHE-168.432.531,a_verifier,Sellenbüren 59b,8143,Stallikon,ZH
C-Service Promotions Sàrl,Bau & Promotions AG,CHE-103.896.339,a_verifier,Färberstrasse 24,8832,Wollerau,SZ
C.Schneider Immobilien,Schneider Gruppe Immobilien AG,CHE-107.108.142,a_verifier,Hauptstrasse 219,5044,Schlossrued,AG
CARE Immobilien GmbH,CARE Handwerk AG,CHE-103.069.750,a_verifier,Zürcherstrasse 25,8174,Stadel b. Niederglatt,ZH
Casa e Vita AG,Casa AG,CHE-103.339.211,a_verifier,Gotthelfstr. 9,4054,Basel,BS
Casa Vera Immobilien GmbH,Casa AG,CHE-103.339.211,a_verifier,Gotthelfstr. 9,4054,Basel,BS
Co-Living Zürich Pincome GmbH,Pincome GmbH,CHE-191.856.610,a_verifier,Zähringerstrasse 39,8001,Zürich,ZH
Comte Immobilier,Philippe Comte,CHE-113.965.887,a_verifier,Route Principale 16,2935,Beurnevésin,JU
Comte Immobilier Sàrl,Philippe Comte,CHE-113.965.887,a_verifier,Route Principale 16,2935,Beurnevésin,JU
Costa Immobilien AG,Costa Haustechnik GmbH,CHE-108.248.001,a_verifier,Via Maistra 62,7505,Celerina/Schlarigna,GR
Cosy Host,Immo Cosy GmbH,CHE-449.989.131,a_verifier,"c/o Kurt Bearth
Grossacherstrasse 2",8634,Hombrechtikon,ZH
CRC Immobilien Wyss,Wyss Holding AG,CHE-100.168.628,a_verifier,"c/o Hansrudolf Wyss
Museumstrasse 23",5200,Brugg AG,AG
DORIS HÖRLER,Hörler AG,CHE-107.131.460,a_verifier,Bildstrasse 5,9015,St. Gallen,SG
DORMEN AG,Jugendheim Dormen,CHE-104.129.981,a_verifier,Herrenwaldweg 17,6048,Horw,LU
Dr. Schefer & Partner,Dr. Schefer & Cie AG,CHE-113.271.394,a_verifier,"c/o Pius M. Huber, Huber & Partner, Rechtsanwälte
Baarerstrasse 34",6300,Zug,ZG
Dupertuis,Imprimerie Dupertuis Sàrl,CHE-113.846.194,a_verifier,Chemin de la Planchette 1,1860,Aigle,VD
e-support services ag,Netline Support GmbH,CHE-105.021.369,a_verifier,Beaulieustrasse 15,3012,Bern,BE
Easy Estates,Zug Estates AG,CHE-106.916.783,a_verifier,Baarerstrasse 18,6300,Zug,ZG
Eiche Immobilien GmbH,Wohnbaugenossenschaft Eiche,CHE-103.391.884,a_verifier,"c/o Erik Rösler
Schwerzgrubstrasse 13",8903,Birmensdorf ZH,ZH
Engel & Völkers Arlesheim,Engel & Völkers Holding AG,CHE-258.082.387,a_verifier,Poststrasse 26,6300,Zug,ZG
Engel & Völkers Ascona,Engel & Völkers Holding AG,CHE-258.082.387,a_verifier,Poststrasse 26,6300,Zug,ZG
Engel & Völkers Basel-City,Engel & Völkers Holding AG,CHE-258.082.387,a_verifier,Poststrasse 26,6300,Zug,ZG
Engel & Völkers Liestal,Engel & Völkers Holding AG,CHE-258.082.387,a_verifier,Poststrasse 26,6300,Zug,ZG
FAMBAU Genossenschaft,Coop Genossenschaft,CHE-302.816.540,a_verifier,Thiersteinerallee 12,4053,Basel,BS
Fiduciaire Daniel Jaggi S.A.,D & D Fiduciaire S.A.,CHE-103.460.025,a_verifier,rue de l'Evole 19,2000,Neuchâtel,NE
Fiduciaria Immobiliare Medici Sagl,Fiduciaria di Lugano SA,CHE-101.753.752,a_verifier,Via Greina 3,6900,Lugano,TI
Fischer Sandra Immobilien AG,Fischer Immobilien AG Basel,CHE-100.748.984,a_verifier,Gotthelfstr. 7,4054,Basel,BS
FIT Immobilien AG,FIT PLANUNGS AG,CHE-100.791.543,a_verifier,Zollikerstrasse 62,8702,Zollikon,ZH
FRAM HOSPITALITY Sàrl,SWISS HOSPITALITY HOLDING SA,CHE-113.975.041,a_verifier,rue Butini 7,1202,Genève,GE
GEMAG Gebrüder Müller AG,Gebrüder Müller AG,CHE-106.715.428,a_verifier,Schorenweg 21,4144,Arlesheim,BL
Genossenschaft Alterswohnungen Bäretswil,Genossenschaft Alterswohnungen Wiesendangen,CHE-102.435.119,a_verifier,"c/o Beat Kalberer
Stationsstrasse 57",8542,Wiesendangen,ZH
Gestival Sàrl,Gestival immobilier et promotion Sàrl,CHE-495.727.261,a_verifier,Grand-Rue 35 a,1337,Vallorbe,VD
Global House Lugano,La Global SA,CHE-102.458.020,a_verifier,Strada di Pregassona 43,6963,Pregassona,TI
Global House Lugano Sagl,La Global SA,CHE-102.458.020,a_verifier,Strada di Pregassona 43,6963,Pregassona,TI
GREM Schaeppi — Schaeppi Grundstücke AG,Schaeppi Grundstücke AG,CHE-110.142.062,a_verifier,Sihlfeldstrasse 10,8003,Zürich,ZH
Habitat's Partner & Co. GmbH,S.I. HABITAT S.A.,CHE-103.083.796,a_verifier,"c/o JAMALCO SA
Avenue Villamont 23",1005,Lausanne,VD
Heiko Bachmann,Bachmann Immobilien AG,CHE-102.962.229,a_verifier,Sempacherstrasse 19,6003,Luzern,LU
"Helvetia Compagnie Suisse d'Assurances sur la Vie SA, Agence générale Bienne / Biel","VAUDOISE GENERALE, Compagnie d'Assurances SA",CHE-105.762.690,a_verifier,Avenue de Cour 41,1007,Lausanne,VD
"Helvetia Compagnie Suisse d'Assurances sur la Vie SA, Agence générale Fribourg","VAUDOISE GENERALE, Compagnie d'Assurances SA",CHE-105.762.690,a_verifier,Avenue de Cour 41,1007,Lausanne,VD
"Helvetia Compagnie Suisse d'Assurances sur la Vie SA, Agence générale Genève","VAUDOISE GENERALE, Compagnie d'Assurances SA",CHE-105.762.690,a_verifier,Avenue de Cour 41,1007,Lausanne,VD
"Helvetia Compagnie Suisse d'Assurances sur la Vie SA, Agence générale Lausanne La Côte","VAUDOISE GENERALE, Compagnie d'Assurances SA",CHE-105.762.690,a_verifier,Avenue de Cour 41,1007,Lausanne,VD
"Helvetia Compagnie Suisse d'Assurances sur la Vie SA, Agence générale Sion","VAUDOISE GENERALE, Compagnie d'Assurances SA",CHE-105.762.690,a_verifier,Avenue de Cour 41,1007,Lausanne,VD
Helvetia Schweizerische Lebensversicherungsges. AG,Helvetia Schweizerische Lebensversicherungsgesellschaft AG,CHE-100.912.410,a_verifier,St.Alban-Anlage 26,4052,Basel,BS
"Helvetia Schweizerische Lebensversicherungsgesellschaft AG, Generalagentur Aarau",Helvetia Schweizerische Lebensversicherungsgesellschaft AG,CHE-100.912.410,a_verifier,St.Alban-Anlage 26,4052,Basel,BS
"Helvetia Schweizerische Lebensversicherungsgesellschaft AG, Generalagentur Baden",Helvetia Schweizerische Lebensversicherungsgesellschaft AG,CHE-100.912.410,a_verifier,St.Alban-Anlage 26,4052,Basel,BS
"Helvetia Schweizerische Lebensversicherungsgesellschaft AG, Generalagentur Baselland",Helvetia Schweizerische Lebensversicherungsgesellschaft AG,CHE-100.912.410,a_verifier,St.Alban-Anlage 26,4052,Basel,BS
"Helvetia Schweizerische Lebensversicherungsgesellschaft AG, Generalagentur Graubünden",Helvetia Schweizerische Lebensversicherungsgesellschaft AG,CHE-100.912.410,a_verifier,St.Alban-Anlage 26,4052,Basel,BS
"Helvetia Schweizerische Lebensversicherungsgesellschaft AG, Generalagentur Luzern",Helvetia Schweizerische Lebensversicherungsgesellschaft AG,CHE-100.912.410,a_verifier,St.Alban-Anlage 26,4052,Basel,BS
"Helvetia Schweizerische Lebensversicherungsgesellschaft AG, Generalagentur Rapperswil",Helvetia Schweizerische Lebensversicherungsgesellschaft AG,CHE-100.912.410,a_verifier,St.Alban-Anlage 26,4052,Basel,BS
"Helvetia Schweizerische Lebensversicherungsgesellschaft AG, Generalagentur Rheinfelden",Helvetia Schweizerische Lebensversicherungsgesellschaft AG,CHE-100.912.410,a_verifier,St.Alban-Anlage 26,4052,Basel,BS
"Helvetia Schweizerische Lebensversicherungsgesellschaft AG, Generalagentur St. Gallen Appenzell",Helvetia Schweizerische Lebensversicherungsgesellschaft AG,CHE-100.912.410,a_verifier,St.Alban-Anlage 26,4052,Basel,BS
"Helvetia Schweizerische Lebensversicherungsgesellschaft AG, Generalagentur Thun",Helvetia Schweizerische Lebensversicherungsgesellschaft AG,CHE-100.912.410,a_verifier,St.Alban-Anlage 26,4052,Basel,BS
"Helvetia Schweizerische Lebensversicherungsgesellschaft AG, Generalagentur Winterthur",Helvetia Schweizerische Lebensversicherungsgesellschaft AG,CHE-100.912.410,a_verifier,St.Alban-Anlage 26,4052,Basel,BS
"Helvetia Schweizerische Lebensversicherungsgesellschaft AG, Generalagentur Zürich",Helvetia Schweizerische Lebensversicherungsgesellschaft AG,CHE-100.912.410,a_verifier,St.Alban-Anlage 26,4052,Basel,BS
HIAG Immobilier Léman SA,Fondation du Léman,CHE-101.871.759,a_verifier,Rue AGASSE 45,1208,Genève,GE
HOUSE & TRADE SA,HTI House Trade AG,CHE-108.802.765,a_verifier,Rain 63,5000,Aarau,AG
HP Brunner Immobilien,Brunner & Co AG,CHE-100.714.608,a_verifier,"c/o TRÜMPLER AG
Aathalstrasse 84",8610,Uster,ZH
HRS Investment AG,Investment AG,CHE-102.442.852,a_verifier,Eichenweg 62,3095,Spiegel b. Bern,BE
Imag Concept SA,e-Concept AG,CHE-102.102.149,a_verifier,Bertiswilstrasse 2,6023,Rothenburg,LU
Immo V (Five) Sàrl,FIVE Agency AG,CHE-107.964.460,a_verifier,Sonnengartenstrasse 6,9000,St. Gallen,SG
Immo-Steiner Verwaltungen GmbH,Steiner Flughafebeck AG,CHE-105.928.795,a_verifier,Weihersteig 1,8037,Zürich,ZH
Immobest Verwaltung,Immobest Verwaltung Speishändler,CHE-166.063.090,a_verifier,Manessestrasse 73,8003,Zürich,ZH
Immobilia Suisse AG,Immobilia Moderna SA,CHE-101.806.555,a_verifier,"c/o Paolo Flückiger
Via alla Rocca 8",6600,Solduno,TI
Immobilière Genevoise - Location,REGIE GENEVOISE IMMOBILIERE SA,CHE-273.696.473,a_verifier,route de Thonon 160,1222,Vésenaz,GE
Immoshop Werdenberg,Stiftung Werdenberg,CHE-353.114.276,a_verifier,"c/o Dr. Matthias Tschudi, Tschudi Thaler Rechtsanwälte
Löwenstrasse 3",8001,Zürich,ZH
Imogroup Grand Genève,IMOgroup AG,CHE-113.084.254,a_verifier,Hafenstrasse 50c,8280,Kreuzlingen,TG
inspecta treuhand ag Bereich Immobilien,inspecta treuhand ag,CHE-107.263.624,a_verifier,Rorschacher Strasse 304,9016,St. Gallen,SG
ITL Immobilien AG,ITL Ritz SA,CHE-103.398.490,a_verifier,"c/o SEF Associati GmbH
Via dal Bagn 1",7500,St. Moritz,GR
JMI Immobilien,JMI - Milanovic Immobilien,CHE-373.267.865,a_verifier,Zunstrasse 9c,8152,Opfikon,ZH
John Taylor Montreux,John Taylor Gstaad AG,CHE-148.281.849,a_verifier,Dorfplatz 60,3792,Saanen,BE
John Taylor Sion,John Taylor Gstaad AG,CHE-148.281.849,a_verifier,Dorfplatz 60,3792,Saanen,BE
John Taylor Verbier,John Taylor Gstaad AG,CHE-148.281.849,a_verifier,Dorfplatz 60,3792,Saanen,BE
Keller Immobilien-Treuhand AG — Kompetenzzentrum für Immobilien,Kompetenzzentrum Keller GmbH,CHE-185.406.859,a_verifier,Grünaustrasse 2,8953,Dietikon,ZH
Krummenacher & Talberg Immobilien,Krummenacher Immobilien (Schweiz) GmbH,CHE-244.739.235,a_verifier,Sandackerstrasse 30,9245,Oberbüren,SG
La Via Immobilien GmbH,Immobiliare Via Borromini SA,CHE-103.181.447,a_verifier,Via Maraini 24,6900,Lugano,TI
Lambertini & Partners Gestioni Immobiliari S.A.,Lambertini & Partners Gestioni Immobiliari SA,CHE-105.272.061,a_verifier,Via S. Balestra 18,6900,Lugano,TI
Les Résidences Emma SA,Les Résidences Emma S.A.,CHE-107.695.018,a_verifier,Rue des Terreaux 33,1350,Orbe,VD
Living Estates AG,ch'estates ag,CHE-318.307.333,a_verifier,Sägetstrasse 93,4802,Strengelbach,AG
Livio Gredig,Gredig + Partner AG,CHE-106.001.872,a_verifier,Spitalstrasse 1,7430,Thusis,GR
map architektur + verwaltung gmbh,map architektur + planung ag,CHE-108.040.529,a_verifier,Neugutstrasse 12,8304,Wallisellen,ZH
Mavida Immobilien,MAVIDA Selbsthilfezentrum,CHE-466.653.212,a_verifier,Wiesenring 12,8590,Romanshorn,TG
MG Immobiliare | Barnes Lugano,BARNES Suisse Holding SA,CHE-114.158.820,a_verifier,"c/o BARNES Suisse SA
Avenue de l'Etang 57",1219,Châtelaine,GE
Michael Nuessli Inomoplus,Michael Nüssli inomoplus,CHE-191.110.723,a_verifier,Sonneggstrasse 15,3076,Worb,BE
MPP Fiduciaria SA,Fiduciaria di Lugano SA,CHE-101.753.752,a_verifier,Via Greina 3,6900,Lugano,TI
MSC immo trust,e-trust AG,CHE-103.989.202,a_verifier,Chamerstrasse 172,6300,Zug,ZG
Mühlemann Immobilien AG — Verkauf,Mühlemann Immobilien AG,CHE-115.617.701,a_verifier,Solothurnstrasse 6,3422,Kirchberg BE,BE
Niederer AG Filiale Basel,Niederer AG,CHE-103.970.852,a_verifier,Kriessernstrasse 40,9450,Altstätten SG,SG
Niederer AG Filiale Thun,Niederer AG,CHE-103.970.852,a_verifier,Kriessernstrasse 40,9450,Altstätten SG,SG
P Wagner GmbH,Wagner & Co. AG,CHE-100.955.342,a_verifier,St. Gallerstrasse 49,9100,Herisau,AR
P Wagner Immobilien Gmbh,Wagner & Co. AG,CHE-100.955.342,a_verifier,St. Gallerstrasse 49,9100,Herisau,AR
P. Küng,Küng & Co AG,CHE-107.152.634,a_verifier,St.Gallerstrasse 129,8404,Winterthur,ZH
Perio Immobilien AG,Perio Immobilien AG Sirnach,CHE-101.262.371,a_verifier,Unterdorfstrasse 3,8370,Sirnach,TG
Peter Stalder Immobilien AG,AVB Peter Stalder,CHE-105.470.313,a_verifier,Bürenstrasse 16,3250,Lyss,BE
Post Immobilien AG,Die Schweizerische Post AG,CHE-109.030.864,a_verifier,Wankdorfallee 4,3030,Bern,BE
PREMIUM HOMES AG,Premium Immobilien AG,CHE-101.440.862,a_verifier,Feldhofstrasse 41,8706,Feldmeilen,ZH
Prime Property Lounge,Prime Property Development AG,CHE-107.897.208,a_verifier,Sonnenrain 2,8832,Wollerau,SZ
Private Fine Immobilien AG,Real Estate Private AG,CHE-102.547.379,a_verifier,Birmensdorferstrasse 155,8003,Zürich,ZH
Privera-Wincasa,PRIVERA AG,CHE-106.087.052,a_verifier,Worbstrasse 142,3073,Gümligen,BE
PROHAUS AG,Prohaus Aktiengesellschaft,CHE-101.444.699,a_verifier,Seestrasse 344,8038,Zürich,ZH
Property One Partners AG,EPiC ONE Property Investment AG,CHE-112.086.204,a_verifier,"c/o EPIC Suisse Property Management GmbH
Seefeldstrasse 5a",8008,Zürich,ZH
PROPERTY WORLD GMBH,Swiss Property Partners AG,CHE-112.818.568,a_verifier,Neuhofstrasse 5A,6340,Baar,ZG
Raphael Amrein,Stiftung Raphael,CHE-107.984.540,a_verifier,"c/o BDO AG
Schiffbaustrasse 2",8005,Zürich,ZH
RCT SA - Zimmermann Immobilien Consulting,Zimmermann AG,CHE-106.019.010,a_verifier,Hoferbad 12,9050,Appenzell,AI
RE/MAX Immobiliare a Lugano,Max A. Nydegger Treuhand AG,CHE-105.831.641,a_verifier,Monbijoustrasse 10,3011,Bern,BE
Real Estate Club GmbH,Club Med (Suisse) SA,CHE-103.255.873,a_verifier,Chemin des Mines 2,1202,Genève,GE
Regus Basel Clarahuus,Basel Clarahuus GmbH,CHE-203.910.359,a_verifier,Teichgässlein 9,4058,Basel,BS
Reto Knuchel,Knuchel Immobilien AG,CHE-103.044.431,a_verifier,Steinackerweg 13,4537,Wiedlisbach,BE
Rinesa Gjukaj,Rinesa Immobilier Sàrl,CHE-161.332.986,a_verifier,Rue du Mont-d'Or 3 a,1337,Vallorbe,VD
Robert Pfister AG (Worb),Robert Pfister AG,CHE-101.275.480,a_verifier,Neuengasse 17,3011,Bern,BE
Rufimo GmbH,RUFIMO Immobiliendienstleistungen GmbH,CHE-110.319.426,a_verifier,Niklaus Konrad-Strasse 24,4500,Solothurn,SO
Régie Romande SA,Romande Energie Holding SA,CHE-100.913.036,a_verifier,Rue de Lausanne 53,1110,Morges,VD
S. Fischer,Fischer Immobilien AG Basel,CHE-100.748.984,a_verifier,Gotthelfstr. 7,4054,Basel,BS
S.D. Schneider Immobilien,Schneider's Davos AG,CHE-105.953.741,a_verifier,Promenade 73,7270,Davos Platz,GR
Saco SA,Saco Maschinenbau AG,CHE-102.618.298,a_verifier,Aatalstrasse 31,8636,Wald ZH,ZH
SAM & Partners SA,SAM global,CHE-108.950.437,a_verifier,Wolfensbergstrasse 47,8400,Winterthur,ZH
Sandra Fischer Immobilien AG,Fischer Immobilien AG Basel,CHE-100.748.984,a_verifier,Gotthelfstr. 7,4054,Basel,BS
Satellite Office,Satellite Office Gryffenberg AG,CHE-218.245.335,a_verifier,Bahnhofstrasse 10,8001,Zürich,ZH
SATELLITE OFFICE Zürich,Satellite Office Gryffenberg AG,CHE-218.245.335,a_verifier,Bahnhofstrasse 10,8001,Zürich,ZH
SBB AG Immobilien,Pensionskasse SBB,CHE-105.409.360,a_verifier,Hilfikerstrasse 4,3014,Bern,BE
Schweizer Partner AG,Eric Schweizer AG,CHE-107.912.109,a_verifier,Maienstrasse 8,3613,Steffisburg,BE
Senn Development AG,Immo-Development AG,CHE-102.545.038,a_verifier,"c/o GALVASWISS AG
Weinfelderstrasse ",8552,Felben-Wellhausen,TG
Services Immobiliers,Services Immobiliers - JAUMOTTE,CHE-115.304.018,a_verifier,Champs Bruants 9,2710,Tavannes,BE
SGBC Business Center AG,Atrium Business Center SA,CHE-100.478.193,a_verifier,Rue du Four 23,1470,Estavayer-le-Lac,FR
Signy Centre,Régie du Centre SA,CHE-101.936.413,a_verifier,Rue de la Madeleine 8,1204,Genève,GE
SKF Fiduciaria Sagl,Fiduciaria di Lugano SA,CHE-101.753.752,a_verifier,Via Greina 3,6900,Lugano,TI
SN IMMOTEAM,SN IMMOTEAM KLG,CHE-138.547.282,a_verifier,Ackerstrasse 19,8302,Kloten,ZH
Spaces,making spaces ag,CHE-219.113.943,a_verifier,St. Alban-Rheinweg 74,4052,Basel,BS
Stefan Diethelm,Diethelm Immobilien AG,CHE-101.103.809,a_verifier,Buchmattstrasse 52,3401,Burgdorf,BE
Stieger Baugeschäft,Bau Company AG Baugeschäft,CHE-103.567.290,a_verifier,Siewerdtstrasse 17,8050,Zürich,ZH
Stricker Real Estate AG (SRE),Stricker Real Estate AG,CHE-176.519.683,a_verifier,Gubelstrasse 15,6300,Zug,ZG
Suisse-homes.ch GmbH,THOMAS HOMES GmbH,CHE-107.591.086,a_verifier,Löwengraben 24,6004,Luzern,LU
sustaily development ag,Immo-Development AG,CHE-102.545.038,a_verifier,"c/o GALVASWISS AG
Weinfelderstrasse ",8552,Felben-Wellhausen,TG
Swiss Dubai Homes,Swiss Dubai Homes by Shkreli,CHE-476.883.788,a_verifier,Ohmstrasse 14,8050,Zürich,ZH
Swixim Nyon,Swixim International SA,CHE-112.279.878,a_verifier,Rue du Mont-Blanc 5,1201,Genève,GE
T. Huber,HUBER REAL ESTATE PARTNER AG,CHE-102.457.799,a_verifier,Luzernerstrasse 44,6030,Ebikon,LU
Terra-Domus,Terra-Domus Immobilien und Beteiligungen AG,CHE-102.413.342,a_verifier,Stöckliweg 15,3604,Thun,BE
The 5th Floor GmbH,Swiss Floor GmbH,CHE-110.506.589,a_verifier,Gewerbestrasse 2,2557,Studen BE,BE
Ticino Real Estate Sagl,Alloggi Ticino SA,CHE-100.885.842,a_verifier,Via della Posta 21,6934,Bioggio,TI
TomoDomo Coliving,TomoDomo GmbH,CHE-261.707.874,a_verifier,"c/o Johannes Peter
Bellariastrasse 49",8038,Zürich,ZH
TOPSWISS Ostschweiz,Immobilien Ostschweiz AG,CHE-100.286.311,a_verifier,Weideliguet 3,8598,Bottighofen,TG
VAL Group AG,Court-Val SA,CHE-107.900.543,a_verifier,"c/o Elisabeth Häner
chemin des Rouettes 3",1233,Bernex,GE
VAL Group SA,Court-Val SA,CHE-107.900.543,a_verifier,"c/o Elisabeth Häner
chemin des Rouettes 3",1233,Bernex,GE
Verbel SA,Verbel Zürichsee AG,CHE-483.560.646,a_verifier,Churerstrasse 87,8808,Pfäffikon SZ,SZ
Vimova Transactions SA,"Vimova Transactions AG, succursale de Lausanne",CHE-200.907.390,a_verifier,Place Benjamin-Constant 2,1003,Lausanne,VD
VISION AG,Vision Tuning AG,CHE-107.209.151,a_verifier,Alpenstrasse 111,3627,Heimberg,BE
Vision Immobilier,Vision Tuning AG,CHE-107.209.151,a_verifier,Alpenstrasse 111,3627,Heimberg,BE
Vision Immobilier Sàrl,Vision Tuning AG,CHE-107.209.151,a_verifier,Alpenstrasse 111,3627,Heimberg,BE
Vision Lausanne SA,Vision Tuning AG,CHE-107.209.151,a_verifier,Alpenstrasse 111,3627,Heimberg,BE
VISION ZUG AG,Vision Tuning AG,CHE-107.209.151,a_verifier,Alpenstrasse 111,3627,Heimberg,BE
VISTA Mgt.,Vista GmbH,CHE-101.095.512,a_verifier,Chemin des Cerisiers 25,1789,Lugnorre,FR
"Weck, Aeby & Cie SA","Weck, Aeby & Cie S.A., succursale de Lausanne",CHE-240.034.041,a_verifier,Avenue Samuel-Auguste-André-David-Tissot 18,1006,Lausanne,VD
Weibel & Loeb Real Estate,Weibel AG,CHE-428.263.927,a_verifier,Stahlengasse ,3173,Oberwangen b. Bern,BE
WELCOME Immobilien AG WE,Welcome Swiss Immobilier SA,CHE-107.874.911,a_verifier,"c/o Jacquy Boinnard
Chemin des Brûlées 54",1093,La Conversion,VD
WELCOME Immobilien AG WS,Welcome Swiss Immobilier SA,CHE-107.874.911,a_verifier,"c/o Jacquy Boinnard
Chemin des Brûlées 54",1093,La Conversion,VD
WELCOME Immobilien AG WZ,Welcome Swiss Immobilier SA,CHE-107.874.911,a_verifier,"c/o Jacquy Boinnard
Chemin des Brûlées 54",1093,La Conversion,VD
Wespe & Cie AG,"Wespe & Cie AG, Schmerikon",CHE-107.293.298,a_verifier,Allmeindstrasse 10,8716,Schmerikon,SG
Westhive Zürich Hardturm,Westhive AG,CHE-139.139.017,a_verifier,Hardturmstrasse 161,8005,Zürich,ZH
WETAG | Luxury Real Estate,Luxury Real Estate SA,CHE-114.349.260,a_verifier,Corso Elvezia 4,6900,Lugano,TI
Wincasa AG — Bern Bewi,Wincasa AG,CHE-106.840.111,a_verifier,Theaterstrasse 17,8400,Winterthur,ZH
Wincasa AG — Olten,Wincasa AG,CHE-106.840.111,a_verifier,Theaterstrasse 17,8400,Winterthur,ZH
Wincasa AG — Opfikon,Wincasa AG,CHE-106.840.111,a_verifier,Theaterstrasse 17,8400,Winterthur,ZH
Wincasa AG — Uster,Wincasa AG,CHE-106.840.111,a_verifier,Theaterstrasse 17,8400,Winterthur,ZH
Wincasa AG — Wallisellen,Wincasa AG,CHE-106.840.111,a_verifier,Theaterstrasse 17,8400,Winterthur,ZH
Wincasa AG — Zürich Bewi,Wincasa AG,CHE-106.840.111,a_verifier,Theaterstrasse 17,8400,Winterthur,ZH
Wirz Tanner Immobilien AG,Tanner Immobilien AG,CHE-107.068.264,a_verifier,Ebni 15,9053,Teufen AR,AR
wiv - Wyss Immobilien Verwaltung GmbH,Wyss Holding AG,CHE-100.168.628,a_verifier,"c/o Hansrudolf Wyss
Museumstrasse 23",5200,Brugg AG,AG
WM Baumanagement und Immobilien AG,bau-AG-baumanagement,CHE-103.967.092,a_verifier,Wolfenmatt 26,9606,Bütschwil,SG
WOW Living AG,Living AG,CHE-102.123.648,a_verifier,"c/o Senn Treuhand AG
Im Bungert 13",5430,Wettingen,AG
Wyss & Partner Studio Immobiliare e Consulenze Sagl,SC Studio Consulenze SA,CHE-107.884.602,a_verifier,corso San Gottardo 89,6830,Chiasso,TI
ZENI Immobilien GmbH,Bau AC Zeni GmbH,CHE-174.880.441,a_verifier,Glärnischstrasse 6,9500,Wil SG,SG
Zollinger Immobilien Vermarktungen AG / STOWE,Zollinger Immobilien Vermarktungen AG,CHE-479.414.757,a_verifier,Worbstrasse 237,3073,Gümligen,BE
3B Real Estate Sagl,,,,,,Lugano,TI
A & M Consulting GmbH,,,,,,Rafz,ZH
A. und K. Gerber,,,,,,Bern,BE
aargau-immo klg,,,,,,Baden,AG
ac&p immobilien ag,,,,,,Luzern,LU
Achesa Management AG,,,,,,Niederhasli,ZH
Achesa Management AG — Achesa Management AG,,,,,,Niederhasli,ZH
AD Real Estate,,,,,,Genève,GE
Ade Immobilien AG,,,,,,Basel,BS
ADT INNOVA Immobilien und Verwaltungs AG,,,,,,Winterthur,ZH
Agence du Bourg Sàrl,,,,,,Chêne-Bourg,GE
Agence Immobilière Immo-rama.ch — Immo-rama.ch,,,,,,Morges,VD
Agence PHI Sàrl,,,,,,Vétroz,VS
Agence Proximmo Echallens Location,,,,,,Lausanne,VD
AGENCE REMICOM HÒTELLERIE,,,,,,Speicher,AR
AGENZIA REMICOM TICINO,,,,,,Lugano,TI
AGSW,,,,,,Boningen,SO
Alberto Sanz Immobiliare,,,,,,Caviano,TI
Alessi,,,,,,Aeugstertal,ZH
Allma Verwaltungs AG,,,,,,Chur,GR
AMHAN Invest Partner,,,,,,Glarus,GL
Amma Immo Fribourg,,,,,,Givisiez,FR
Amma Immo Sàrl,,,,,,Lausanne,VD
ANBA Invest AG,,,,,,Glarus,GL
Andreas Hitz,,,,,,Stäfa,ZH
ANNO Immobilien GmbH,,,,,,Lausanne,VD
ANVAN INVEST AG,,,,,,Glarus,GL
ARC - Location,,,,,,Sierre,VS
ARE Immobilien AG,,,,,,Bern,BE
Area Immobiliare Ticino,,,,,,Bioggio,TI
Ariv Apartments + Spaces,,,,,,Cham,ZG
Artisa Real Estate SA,,,,,,Reconvilier,BE
Ascaro Vorsorgestiftung,,,,,,Bern,BE
ASE SA,,,,,,Rüegsauschachen,BE
Atelier Bucher,,,,,,Genève,GE
Atelier West Architekten,,,,,,Stein AG,AG
AZ Immobilien und Verwaltung,,,,,,Arni AG,ZH
B4 Ivan Buhlmann,,,,,,Orbe,VD
Bader Immobilien Luzern AG — Die schönsten Immobilien der Zentralschweiz,,,,,,Luzern,LU
BARNES Commercial Realty SA,,,,,,Genève,GE
BARNES Commercial Realty SA | VD,,,,,,Lausanne,VD
Base Aparthotels,,,,,,Genève,GE
Basel Claraturm,,,,,,Basel,BS
Baugenossenschaft Glattal Zürich,,,,,,Zürich,ZH
BD Gérance,,,,,,,
BD Gérance SA,,,,,,Fribourg,FR
BD Gérance SA Bulle,,,,,,Bulle,FR
BDO AG Solothurn,,,,,,Selzach,SO
BDO AG Wetzikon,,,,,,Wetzikon ZH 1,ZH
BEM PROPERTY GROUP,,,,,,Zürich,ZH
BEM Property Group AG,,,,,,Zürich,ZH
Berger Liegenschaften AG,,,,,,Basel,BS
Bern PostParc,,,,,,Bern,BE
Bernard Nicod | Lausanne Locaux Commerciaux,,,,,,Lausanne,VD
betahouse,,,,,,Zürich,ZH
bgi bär-gerber immobilien ag,,,,,,Egg b. Zürich,ZH
Biland Immobilien Management AG,,,,,,Wilen b. Wollerau,SZ
bk-immobilien,,,,,,,
Bloom - Intershop Management AG,,,,,,Crissier,VD
BLUEGROUND SWITZERLAND GMBH,,,,,,Zürich,ZH
BR Immobilien AG,,,,,,Eptingen,BL
Brunner Verwaltungen AG — Cédric Jung,,,,,,Wabern,BE
Brunner Verwaltungen AG — Sonja Müller,,,,,,Wabern,BE
Bruppacher Verwaltungs AG,,,,,,Zürich,ZH
BRYMMO,,,,,,Aran,VD
Burgergemeinde Bern Immobilien — p.A. Domänenverwaltung,,,,,,Bern,BE
Burgergemeinde Bern — Domänenverwaltung,,,,,,Bern,BE
"Burgergemeinde Bern, Immobilien — Domänenverwaltung",,,,,,Bern,BE
BWV Invest GmbH,,,,,,Glarus,GL
Bücheler Architektur + Generalunternehmung AG,,,,,,Ermatingen,TG
Caius Estates AG,,,,,,Zürich,ZH
Cale Immobilien Standort Basel,,,,,,Sarnen,OW
CAU IMMO,,,,,,Neuchâtel,NE
CBRE Switzerland,,,,,,Basel,BS
Center Management,,,,,,Niederhasli,ZH
Centre Saint Roch - Yverdon-les-Bains SA,,,,,,Lausanne 25,VD
CGV Immobilier,,,,,,Zürich,ZH
Cham Immobilien AG,,,,,,Cham,ZG
Charlaine,,,,,,Sugiez,FR
Charlaine Naudet,,,,,,Bôle,NE
CHIRICO Immobilien-Dienstleistungen GmbH,,,,,,Bern,BE
CHIRICO Immobilien-Dienstleistungen GmbH — Alessandra Jovanovic,,,,,,Bern,BE
City Stay AG,,,,,,Zürich,ZH
CITY STAY Management GmbH,,,,,,Zürich,ZH
Cityflats by Serwiss,,,,,,Luzern,LU
Coldwell Banker Swiss Riviera,,,,,,Zug,ZG
Colin Knutti,,,,,,Zürich,ZH
Colliers Switzerland AG,,,,,,Zürich,ZH
Comptoir Immobilier Furer SA ? Vevey,,,,,,Payerne,VD
Cornelia Aschwanden-Bucher,,,,,,Feusisberg,SZ
CSS Kranken-Versicherung AG,,,,,,Basel,BS
d + r immobilien ag,,,,,,Zufikon,AG
D&D Gérance Sàrl,,,,,,Neuchâtel,NE
de Rham SA — Jessica Gabbani,,,,,,Lausanne,VD
de — SA,,,,,,Lausanne,VD
Desiree Gungon,,,,,,Zürich,ZH
Dolder Liegenschaften AG,,,,,,Zürich,ZH
Domänenverwaltung,,,,,,Bern,BE
Domänenverwaltung - Burgergemeinde Bern,,,,,,Bern,BE
Dr. Kenig Liegenschaften GmbH,,,,,,Zürich,ZH
DSC Immobilien AG,,,,,,Bern,BE
E & P Liegemschaften AG,,,,,,Zofingen,BL
E+S Verwaltungen GmbH,,,,,,Zürich,ZH
Easy Property GmbH,,,,,,Bern,BE
ED PROPERTIES Sàrl,,,,,,Genève,GE
Ehemalige Mitarbeiter,,,,,,Ziefen,BL
Einfache Gesellschaft Himmelrichstrasse,,,,,,Meggen,LU
Emmenegger & Züllig GmbH,,,,,,Olten,SO
ENGEL & VÖLKERS RESIDENTIAL | FRAUENFELD,,,,,,Le Mont-Pèlerin,VD
Engel & Völkers Zürichsee Freienbach,,,,,,Pfäffikon SZ,SZ
"Equans Switzerland Facility Management AG,",,,,,,Buchs SG,SG
Equipe de relocation Ouest,,,,,,Lausanne,VD
ESCA Immobilien,,,,,,Zürich,ZH
Esca Immobilien AG,,,,,,Zürich,ZH
ESCA VERWALTUNG,,,,,,Zürich,ZH
Eyer Immobilien AG,,,,,,Bern,BE
F&S immo team GmbH,,,,,,Baden,AG
FELLER WYLER BAU AG,,,,,,Gwatt (Thun),BE
Fid SA,,,,,,Ascona,TI
Fiduciaire & Gérance Patrick Ridoux SA,,,,,,Montreux,VD
Fiduciaria Immobiliare Börner-Albertini,,,,,,Lugano,TI
FINIRING Verwaltungs AG,,,,,,Zürich,ZH
Flughafen Zürich AG,,,,,,Zürich-Flughafen,ZH
Fontana Sotheby's International Realty,,,,,,Genève,GE
FR Immobilien AG,,,,,,Rheinfelden,AG
FR Immobilien AG — FR Immobilien AG,,,,,,Rheinfelden,AG
GERAMA SA,,,,,,Fribourg,FR
Gerber Andreas,,,,,,Aarwangen,BE
Gestival Sàrl Location,,,,,,Vallorbe,VD
Gfeller Treuhand und Verwaltungs AG,,,,,,Winterthur,ZH
GPF Gestion de Patrimoine Foncier GÉRANCE,,,,,,Genève,GE
Graf Immobilien AG — Maram Cham,,,,,,Neuchâtel,NE
Groupe SF Immo SA,,,,,,Fribourg,FR
H & H Immo-Management GmbH,,,,,,Wilen b. Wollerau,SZ
H + H IMMO AG,,,,,,Wettingen,AG
H&B Real Estate AG Basel,,,,,,Basel,BS
H&K Group AG,,,,,,Delémont,JU
Hecht Immo Consult AG,,,,,,Basel,BS
Helbling Immobilien & Verwaltungs AG,,,,,,Bern,BE
Helvetia Assurances — Gérance immobilière Neuchâtel,,,,,,Neuchâtel,NE
"Helvetia Compagnia Svizzera d'Assicurazioni sulla Vita SA, Agenzia generale Bellinzona",,,,,,Bellinzona,TI
"Helvetia Compagnie Suisse d'Assurances sur la Vie SA, Agence générale Neuchâtel",,,,,,La Chaux-de-Fonds,NE
Helvetia Versicherungen,,,,,,Luzern,LU
Helvetia Versicherungen — Immobilienbewirtschaftung,,,,,,Winterthur,ZH
Helvetia Versicherungen — Immobilienbewirtschaftung Zürich,,,,,,Winterthur,ZH
HEV Verwaltungs AG,,,,,,Rorschach,SG
HEV Verwaltungs AG — Hauptsitz St. Gallen,,,,,,St. Gallen,SG
HEV Verwaltungs AG — Immoshop Werdenberg-Sarganserland,,,,,,Bad Ragaz,SG
HEV Verwaltungs AG — Niederlassung Linthgebiet,,,,,,Aadorf,TG
HEV Zürich,,,,,,Hedingen,ZH
hit Treuhand GmbH,,,,,,Zürich,ZH
Home of Innovation,,,,,,Zürich,ZH
Home-Switzerland AG,,,,,,Zürich,ZH
Homes and More GmbH,,,,,,Zürich,ZH
HPC Liegenschaften GmbH,,,,,,Zug,ZG
HR Immobilien AG,,,,,,Bellach,SO
"HUBER REAL ESTATE PARTNER AG, Filiale Zürich — Seefeld/Spaces",,,,,,Zürich,ZH
I&M Immobilien AG,,,,,,Uster,ZH
Ilaria Mollo,,,,,,Zürich,ZH
"immo otti, Inka AG",,,,,,Baar,ZG
Immo Schützenmatte GmbH — Werner Reding,,,,,,Einsiedeln,SZ
Immobiliare SL,,,,,,Muralto,TI
Immobiliare SL SA,,,,,,Muralto,TI
"Immocal Partner AG, Affoltern am Albis",,,,,,Affoltern am Albis,ZH
ImmolifeTicino SA,,,,,,Maroggia,TI
ImmoSET GmbH — Immobilienverwaltung,,,,,,Amriswil,TG
Immosuisse Uk Ltd,,,,,,Zürich,ZH
immotega property management ag,,,,,,Lyss,BE
Immowengi AG — Bewirtschaftung,,,,,,Egerkingen,SO
Immowengi AG — Philipp Roth,,,,,,Solothurn,SO
Ina Immobilia AG,,,,,,Solduno,TI
inspecta treuhand ag Bereich Immbobilien,,,,,,St. Gallen,SG
Intershop Management AG,,,,,,Zürich,ZH
Intrahall Treuhand + Verw. AG,,,,,,Jegenstorf,BE
INTRAHALL Treuhand und Verwaltungs AG,,,,,,Bern,BE
ismaili architekten gmbh,,,,,,Winterthur,ZH
IT3 Treuhand + Immobilien AG — Haus zum Thiergarten,,,,,,Schaffhausen,SH
Ivan Koenig,,,,,,St. Gallen,SG
Janine Hager,,,,,,Forch,ZH
Jean-Philippe Favre,,,,,,Belmont-Lausanne,VD
Jessica Gabbani — Jessica Gabbani,,,,,,Lausanne,VD
Jessica — Gabbani,,,,,,Lausanne,VD
Jessica — Jessica Gabbani,,,,,,Lausanne,VD
Jo immo Sàrl,,,,,,Payerne,VD
Johanna Lehner Immobilien-Coaching GmbH,,,,,,Therwil,BL
John Taylor Crans-Montana,,,,,,Saanen,BE
JR Gestion Sàrl,,,,,,Sion,VS
Julius Baer Real Estate Ltd.,,,,,,Zürich,ZH
KEE Properties AG,,,,,,Zürich,ZH
KL Immo Sàrl,,,,,,Vétroz,VS
Kovacs experience,,,,,,Basel,BS
"Kuhn Immobilien, Inhaber Jürg Messerli",,,,,,Bern,BE
Kälin Hansjörg,,,,,,Winterthur,ZH
L + R Dienstleistungen GmbH,,,,,,Schachen,LU
La Praille (Grand-Lancy),,,,,,Grand-Lancy,GE
La Rose Groupe SA,,,,,,Lausanne,VD
LAGE A REAL ESTATE GmbH,,,,,,Cugy VD,VD
LB Immo GmbH,,,,,,Bolligen,BE
LED Liegenschaften AG,,,,,,Zug,ZG
Ledermann Management AG,,,,,,Zürich,ZH
LEMAN KEYS,,,,,,Perly,GE
LIAL REAL ESTATE SARL,,,,,,Lausanne,VD
Living Raum GmbH,,,,,,Zürich,ZH
Livit AG Real Estate Management,,,,,,Rheineck,SG
Locations Générales,,,,,,Genève,GE
Lubana AG — Kurt Beck,,,,,,Burgdorf,BE
M. J. Real Estate Consulting GmbH,,,,,,Zürich,ZH
M. Xavier GILLOT,,,,,,Courfaivre,JU
M.I.Development SA,,,,,,Crissier,VD
Marly Innovation Center,,,,,,Zürich,ZH
MD Immo AG,,,,,,Riedt,TG
MF Architektur GmbH,,,,,,Ermatingen,TG
Midas Properties,,,,,,Lausanne,VD
MIDOMA AG - J. Matosevic,,,,,,Wilihof,LU
Migros-Pensionskasse,,,,,,Glattpark (Opfikon),ZH
Mobimo Management AG,,,,,,Niederhasli,ZH
Mobimo Management SA,,,,,,Crissier,VD
Mobra Verwaltungen,,,,,,Eglisau,ZH
Moser Immobilien und Architektur AG,,,,,,Horw,LU
Motel Fehraltorf,,,,,,Dällikon,ZH
my sweet home AG,,,,,,Baar,ZG
Müller Family Office AG,,,,,,St. Gallen,SG
Niederer AG Filiale Fribourg,,,,,,Villars-sur-Glâne,FR
Niederer AG Filiale Härkingen,,,,,,Härkingen,SO
Niederer AG Filiale Solothurn,,,,,,Altstätten SG,SG
Niederer AG — Tashi Dowa,,,,,,Altstätten SG,SG
NordX - The NEXT Student Home,,,,,,Zürich,ZH
Nova Casa Immobilien AG,,,,,,St. Moritz,GR
NOVAC-SOLUTIONS GmbH,,,,,,Zürich,ZH
NOVAC-SOLUTIONS GmbH (Akquisition),,,,,,Schwyz,SZ
NOVAC-SOLUTIONS GmbH (Gewerbe),,,,,,Zürich,ZH
NOVAC-SOLUTIONS GmbH (Wohnung),,,,,,Zürich,ZH
O2 immo Sàrl,,,,,,Romont FR,FR
Office Cube Immobilien AG,,,,,,Au ZH,ZH
OfficeGlattpark,,,,,,Glattpark,ZH
OLCONA Verwaltungs AG,,,,,,Dornach,SO
Ollech Immobilien,,,,,,Zürich,ZH
Opt-Immo Management Sàrl,,,,,,Crissier,VD
Orée - Equipe de commercialisation,,,,,,Aigle,VD
P&F Immobilien AG,,,,,,Basel,BS
P&M Real Estate,,,,,,Lugano,TI
PASSIO Immobilien AG,,,,,,Bern,BE
Patrick Darbois Immobilier Group SA,,,,,,Lausanne,VD
Pensionskasse Stadt St.Gallen,,,,,,St. Gallen,SG
PERA Immobilien GmbH,,,,,,Seuzach,ZH
Petra Marti Immo GmbH,,,,,,Wangen bei Olten,SO
Philipp Roth,,,,,,Valchava,GR
Philipp Roth — Immowengi AG,,,,,,Solothurn,SO
Philipp Roth — Philipp Roth,,,,,,Valchava,GR
Planzer Holz AG — Wohnüberbauung CAMPO CAVALLINO Verwaltung,,,,,,Herisau,AR
PMT Management AG,,,,,,Zürich,ZH
Post Immobilien M&S AG,,,,,,Wallisellen,ZH
Post Immobilien M&S AG — Amanta Demaj,,,,,,Fribourg,FR
Post Immobilien M&S AG — Rita Carvalho Morais,,,,,,Bern,BE
Post Immobilien Management & Services AG,,,,,,Lyss,BE
Post Immobilien Management und Services AG,,,,,,Flims Dorf,GR
Posta Immobili M&S SA,,,,,,Lugano,TI
Poste Immobilier M&S SA,,,,,,Apples,VD
Previs Vorsorge,,,,,,Gais,AR
Prime Property Lounge Zug AG,,,,,,Zug,ZG
Prime Selection Immo AG,,,,,,Lupfig,AG
PRIVERA AG — Commercial Real Estate,,,,,,Zürich,ZH
PRIVERA AG — Michela Franzé,,,,,,Wallisellen,ZH
Privera AG — Vermarktung,,,,,,Wettswil,ZH
Privera — Vermarktung,,,,,,Wettswil,ZH
Projekt Interim Zürich GmbH,,,,,,Zürich,ZH
Property One Ticino SA,,,,,,Ascona,TI
PS Immobilien AG,,,,,,Biel/Bienne,BE
Publiaz immobilier SA | Location Pully,,,,,,Vallorbe,VD
Publiaz immobilier SA | Location Renens,,,,,,Vallorbe,VD
Publiaz Immobilier SA | Locaux Commerciaux,,,,,,Sion,VS
Quality Living,,,,,,Genève,GE
Rauber & Della Giacoma Immobilien und Verwaltungs AG,,,,,,Dornach,SO
RE/MAX Immobilien in Aarau,,,,,,Boniswil,AG
RE/MAX Immobilien in Belp,,,,,,Belp,BE
RE/MAX Immobilien in Brunnen,,,,,,Boniswil,AG
RE/MAX Immobilien in Lenzburg,,,,,,Boniswil,AG
RE/MAX Immobilien in Lugano,,,,,,Boniswil,AG
RE/MAX Immobilien in Rotkreuz,,,,,,Boniswil,AG
RE/MAX Immobilier à Freiburg,,,,,,Fribourg,FR
RE/MAX real estate in Freiburg,,,,,,Fribourg,FR
Real Estate Group Holding AG,,,,,,Walchwil,ZG
Realtors of Excellence - Swiss Family Office,,,,,,Schaffhausen,SH
recapital Management AG,,,,,,Niederhasli,ZH
RED Real Estate Group AG,,,,,,Zürich,ZH
REGICOTE SA,,,,,,Bois-Bougy,GE
"Regimo Basel, Zweigniederlassung der Regimo AG",,,,,,Basel,BS
Regimo Zürich — Zweigniederlassung der Regimo AG,,,,,,Zürich,ZH
Regus Switzerland,,,,,,Zug,ZG
Relocation Genevoise,,,,,,Genève,GE
REMAX Morcote,,,,,,Höri,ZH
REMICOM LOCATION LEMAN,,,,,,Genève,GE
RETAIL ADVISORS (GENEVA) SA,,,,,,Genève,GE
RhB Immobilien AG — Patrick Näpflin,,,,,,Chur,GR
Ries Relocation,,,,,,Genève,GE
Ritz Immobilien AG,,,,,,Bern,BE
Riviera Properties,,,,,,Lausanne,VD
RL Immo GmbH,,,,,,Oberriet,SG
Roland Savary Immobilier Yverdon SA,,,,,,Lausanne,VD
Rolf Hug — HR Immobilien AG,,,,,,Grenchen,SO
Roth Immobilien Management,,,,,,Lyss,BE
Roth Immobilien Management AG,,,,,,Lyss,BE
Royal Swiss Home,,,,,,Baar,ZG
RS Properties AG,,,,,,Verbier,VS
RumyFi,,,,,,Basel,BS
Rusca Studio Immobiliare Sagl,,,,,,Lugano,TI
RV-SERVICE  SA,,,,,,Fully,VS
Régie de Fribourg,,,,,,Fribourg,FR
Régie du Croset S.A.,,,,,,Ecublens VD,VD
Sanjo Management AG,,,,,,Niederhasli,ZH
Schnell Immobilien AG — Arpagaus Olivia,,,,,,Zürich,ZH
SENSI LIFESTYLE-PRODUCTS GMBH,,,,,,Kloten,ZH
Sergio Wuhrmann,,,,,,Männedorf,ZH
ShareP AG,,,,,,Bäretswil,ZH
SIE REAL ESTATE SA,,,,,,Balerna,TI
Signature by Regus,,,,,,Zug,ZG
Signature Switzerland,,,,,,Zug,ZG
SIMO Immobilien GmbH,,,,,,Gstaad,BE
SINHAS GmbH,,,,,,Champagne,VD
SINHAS GmbH — SINHAS GmbH,,,,,,Champagne,VD
SISKA Verwaltungs AG,,,,,,Zürich,ZH
SN Immo Sàrl,,,,,,Sion,VS
Spaces Switzerland,,,,,,Zug,ZG
Specogna Liegenschaften AG — Gewerbe,,,,,,Höri,ZH
SPG Location Lausanne,,,,,,Vallorbe,VD
SPG Location Nyon,,,,,,Nyon,VD
SPG Locations commerciales,,,,,,Genève,GE
SPG Locations résidentielles,,,,,,Genève 6,GE
St.Galler Pensionskasse,,,,,,St. Gallen,SG
Stadt Baden Infrastruktur,,,,,,Brugg AG,AG
Stadt Schaffhausen,,,,,,Basel,BS
Steiner Development AG,,,,,,Zürich,ZH
Steiner-Rumi Immobilien Manag.,,,,,,Bern 14,BE
Stone Invest,,,,,,Thônex,GE
STUDIO GEST SA,,,,,,Lugano,TI
Studio Immobiliare Ticino Sagl,,,,,,Lugano,TI
SWISS BUSINESS TRANSFER SA,,,,,,Lugano,TI
Swiss Life Immopulse,,,,,,Basel,BS
Swiss Prime Site Immobilien AG,,,,,,Cham,ZG
Swiss Property Solutions Sagl,,,,,,Lugano,TI
SZ IMMOBILIER SA,,,,,,Veyras,VS
TAT Bau- Immobilien AG,,,,,,Luzern,LU
TAT Bau- und Immobilien AG,,,,,,Luzern,LU
TAT Bau- und Immobilienmanagement AG,,,,,,Menznau,LU
Tauschwohnung GmbH,,,,,,Bonn,
Taxalis Treuhand AG — Team Immobilienbewirtschaftung,,,,,,Winterthur,ZH
Tellco Immobilien AG (Vermarktung TAS),,,,,,Baar,ZG
Tend AG,,,,,,Zug,ZG
Tend AG — Immobilienbewirtschaftung Luzern,,,,,,Winterthur,ZH
Tenum Management AG,,,,,,Reinach BL,BL
Terresta Immobilien- und Verwaltungs AG,,,,,,Winterthur,ZH
TGRealestate,,,,,,Lugano,TI
The RE/MAX Collection Immobiliare ad Ascona,,,,,,Lugano,TI
The RE/MAX Collection Immobilien in Ascona,,,,,,Lugano,TI
The RE/MAX Collection Immobilien in Morcote,,,,,,Lugano,TI
The Swiss Agency GmbH,,,,,,Wädenswil,ZH
Thessoni classic & home Zürich,,,,,,Regensdorf,ZH
"Tibag AG, Nebikon — Marc Staffelbach",,,,,,Meggen,LU
Ticino Vita SA,,,,,,Bioggio,TI
Tivag Verwaltungs AG,,,,,,Luzern,LU
TRO Verwaltungen AG,,,,,,Horriwil,SO
Uila Immobilien AG,,,,,,Möhlin,AG
UMS AG - Untermietservice - Temporary Housing,,,,,,Bern,BE
UMS SA - Service Sous-location - Temporary Housing,,,,,,Bern,BE
Unter Dach und Fach GmbH,,,,,,Zürich,ZH
UPH f m Facility Management AG,,,,,,Wilen b. Wollerau,SZ
Urban Homes GmbH,,,,,,Möhlin,AG
"ValCity Sion : Av. de la Gare 6, 1950 Sion",,,,,,Sion,VS
Verein home65,,,,,,Barmelweid,AG
Vermarktung Schaeppi,,,,,,Metzerlen,SO
VERWAG Immobilien Verwaltungs AG,,,,,,Rorschach,SG
VH Invest Sàrl,,,,,,Grimisuat,VS
Villa Casa AG,,,,,,Unterägeri,ZG
Vimova - Transac - B2B,,,,,,Lausanne,VD
Vimova Laufen - Vermarktung,,,,,,Allschwil,BL
Vimova Luzern - Vermarktung,,,,,,Metzerlen,SO
Vision Geneve S.A,,,,,,Genève,GE
Vision Management Services GmbH,,,,,,Zürich,ZH
VIVIQ,,,,,,Basel,BS
Von Graffenried AG Liegenschaften,,,,,,Bern,BE
Von Graffenried AG Liegenschaften — Cyril Thöni,,,,,,Bern,BE
Von Poll Real Estate Zürichsee/Lifestyle Real Estate GmbH,,,,,,Thalwil,ZH
vR verwaltungen ag,,,,,,Solothurn,SO
Wealth Investment Network - WENET AG,,,,,,Zürich,ZH
Weber + Schweizer Immob.-Treuh. AG,,,,,,Mettmenstetten,ZH
Weber Immobilien-Management AG,,,,,,Niederhasli,ZH
werner sutter & co. ag,,,,,,Boswil,AG
Wincasa AG — Basel Wohnen 1,,,,,,Winterthur,ZH
Wincasa AG — Kriens (Pilatusmarkt),,,,,,Kriens,LU
Wincasa AG — St. Gallen,,,,,,Winterthur,ZH
Wincasa SA — Villars-sur-Glâne,,,,,,Winterthur,ZH
Wintimmo Treuhand und Verwaltungs AG,,,,,,Winterthur,ZH
Wirnsperger Hotelbetriebe AG,,,,,,Davos Platz,GR
Work-in AG,,,,,,Rapperswil SG,SG
Wuhrmann Immobilien & Verwaltungs GmbH,,,,,,Männedorf,ZH
Wuhrmann Immobilien und Verwaltungs GmbH,,,,,,Rorschach,SG
Wuhrmann Immobilien — Dana Rüttimann,,,,,,Adliswil,ZH
Zanella Partner Immobilien AG — Roman Meyer,,,,,,Zollikon,ZH
Zanexa Immobilien Management,,,,,,Wilen b. Wollerau,SZ
