name,city,canton,confidence,ambiguous,che,legal_name,forme,street,postal_code,locality,region,address_full,name_score,canton_match,city_match,probe,n_candidates
3B Real Estate Sagl,Lugano,TI,NONE,,,,,,,,,,,,,,0
A & M Consulting GmbH,Rafz,ZH,NONE,,,,,,,,,,,,,,0
A-Z Immodienste GmbH,Zürich,ZH,HIGH,,CHE-340.395.485,A-Z Immodienste GmbH,Sàrl,Manessestrasse 2,8003,Zürich,ZH,"Manessestrasse 2, 8003 Zürich",1.00,yes,yes,immodienste,7
A. Bill AG,Wabern,BE,HIGH,,CHE-107.146.970,A. Bill AG,SA,Seftigenstrasse 315,3084,Wabern,BE,"Seftigenstrasse 315, 3084 Wabern",1.00,yes,yes,bill,60
A. Bill AG — Immobilien,Wabern,BE,HIGH,,CHE-107.146.970,A. Bill AG,SA,Seftigenstrasse 315,3084,Wabern,BE,"Seftigenstrasse 315, 3084 Wabern",1.00,yes,yes,bill,60
A. Güntensperger AG,Zürich,ZH,HIGH,,CHE-107.301.207,A. Güntensperger AG,SA,Dörflistrasse 14,8057,Zürich,ZH,"Dörflistrasse 14, 8057 Zürich",1.00,yes,yes,güntensperger,26
A. und K. Gerber,Steffisburg,BE,LOW,,CHE-100.311.676,Gerber Immobilien AG Bern,SA,Wangenstrasse 132a,3018,Bern,BE,"Wangenstrasse 132a, 3018 Bern",0.50,yes,,gerber,60
AARBRUGG AG,Brugg AG,AG,HIGH,yes,CHE-106.327.888,Aarbrugg AG,SA,Seidenstrasse 3,5200,Brugg AG,AG,"Seidenstrasse 3, 5200 Brugg AG",1.00,yes,yes,aarbrugg,2
aargau-immo klg,Veltheim,AG,LOW,,CHE-107.125.347,Hauseigentümerverband Aargau,assoc,Stadtturmstrasse 19,5400,Baden,AG,"Stadtturmstrasse 19, 5400 Baden",0.50,yes,,aargau,60
Aberegg Immobilien GmbH,,,HIGH,yes,CHE-105.109.337,Aberegg Consulting AG,SA,"c/o Trees & Partner AG
Seftigenstrassse 2",3007,Bern,BE,"c/o Trees & Partner AG
Seftigenstrassse 2, 3007 Bern",1.00,,,aberegg,7
Abimmoway GmbH,Basel,BS,HIGH,,CHE-486.439.461,Abimmoway GmbH,Sàrl,Hirzbodenweg 95,4052,Basel,BS,"Hirzbodenweg 95, 4052 Basel",1.00,yes,yes,abimmoway,1
Abitop GmbH,,,HIGH,,CHE-114.775.728,Abitop GmbH,Sàrl,Tägerhardring 8,5436,Würenlos,AG,"Tägerhardring 8, 5436 Würenlos",1.00,,,abitop,1
Abt & Domb AG,Füllingsdorf,BL,HIGH,yes,CHE-330.108.655,Abt & Domb AG,SA,Bächliackerstrasse 4a,4402,Frenkendorf,BL,"Bächliackerstrasse 4a, 4402 Frenkendorf",1.00,yes,,domb,27
ac&p immobilien ag,Luzern,LU,NONE,,,,,,,,,,,,,,0
Achesa Lifestyle AG,Kloten,ZH,HIGH,,CHE-106.058.808,Achesa Lifestyle AG,SA,Hamelirainstrasse 5,8302,Kloten,ZH,"Hamelirainstrasse 5, 8302 Kloten",1.00,yes,yes,lifestyle,60
Achesa Management AG,Kloten,ZH,LOW,,CHE-103.050.414,AWS Management AG,SA,Dorfstrasse 33,8155,Niederhasli,ZH,"Dorfstrasse 33, 8155 Niederhasli",0.50,yes,,management,60
Achesa Management AG — Achesa Management AG,Kloten,ZH,LOW,,CHE-103.050.414,AWS Management AG,SA,Dorfstrasse 33,8155,Niederhasli,ZH,"Dorfstrasse 33, 8155 Niederhasli",0.50,yes,,management,60
Ackermann Immobilien AG,Baden,AG,HIGH,yes,CHE-103.158.098,Ackermann Immobilien AG,SA,Rütistrasse 3a,5400,Baden,AG,"Rütistrasse 3a, 5400 Baden",1.00,yes,yes,ackermann,60
Activ Immotreuhand AG,Allschwil,BL,HIGH,,CHE-416.599.906,ACTIV IMMOTREUHAND AG,SA,Ringstrasse 9,4123,Allschwil,BL,"Ringstrasse 9, 4123 Allschwil",1.00,yes,yes,immotreuhand,15
AD Real Estate,Genève,GE,NONE,,,,,,,,,,,,,,0
Ade Immobilien AG,Basel,BS,NONE,,CHE-102.490.621,Alcatel-Lucent Trade International AG,SA,Elisabethenstr. 3,4051,Basel,BS,"Elisabethenstr. 3, 4051 Basel",0.00,yes,yes,ade,60
Adimmo AG,Basel,BS,HIGH,yes,CHE-105.526.333,Adimmo AG,SA,Engelgasse 12,4052,Basel,BS,"Engelgasse 12, 4052 Basel",1.00,yes,yes,adimmo,18
ADOWIA Immobilien AG,Thun,BE,HIGH,,CHE-310.389.965,Adowia Immobilien AG,SA,Neufeldstrasse 56,3604,Thun,BE,"Neufeldstrasse 56, 3604 Thun",1.00,yes,yes,adowia,1
ADT INNOVA Immobilien und Verwaltungs AG,Dübendorf,ZH,LOW,,CHE-100.826.006,Aegis Verwaltungs AG Winterthur,SA,Loorstrasse 5,8400,Winterthur,ZH,"Loorstrasse 5, 8400 Winterthur",0.40,yes,,verwaltungs,60
Advendis AG,Zug,ZG,HIGH,,CHE-114.397.980,Advendis AG,SA,Artherstrasse 7,6301,Zug,ZG,"Artherstrasse 7, 6301 Zug",1.00,yes,yes,advendis,3
Aeberhard & Partner Immobilien GmbH,Frauenfeld,TG,HIGH,yes,CHE-102.529.430,Aeberhard AG,SA,Langenhag 34,9424,Rheineck,SG,"Langenhag 34, 9424 Rheineck",1.00,,,aeberhard,60
Affitto/Vendo.ch by Dreieck,Lugano,TI,NONE,,,,,,,,,,,,,affitto,0
Agence du Bourg Sàrl,Chêne-Bourg,GE,NONE,,,,,,,,,,,,,,0
Agence Immobilière Immo-rama.ch — Immo-rama.ch,Crissier,VD,NONE,,CHE-102.382.115,Conforama Suisse SA,SA,Rue de la Gare 32,1110,Morges,VD,"Rue de la Gare 32, 1110 Morges",0.00,yes,,rama,60
Agence PHI Sàrl,Sion,VS,NONE,,CHE-107.028.193,"Motovalère, Philippe Coudray",0101,Rue du Prieuré 16,1963,Vétroz,VS,"Rue du Prieuré 16, 1963 Vétroz",0.00,yes,,phi,60
Agence Proximmo Echallens Location,Echallens,VD,LOW,,CHE-115.716.846,PROXIMMO Agence Immobilière Sàrl,Sàrl,Place Bel-Air 1,1003,Lausanne,VD,"Place Bel-Air 1, 1003 Lausanne",0.50,yes,,proximmo,1
Agence Proximmo Lausanne Location,Lausanne,VD,MEDIUM,,CHE-115.716.846,PROXIMMO Agence Immobilière Sàrl,Sàrl,Place Bel-Air 1,1003,Lausanne,VD,"Place Bel-Air 1, 1003 Lausanne",0.67,yes,yes,proximmo,1
AGENCE REMICOM FRIBOURG,Fribourg,FR,HIGH,,CHE-112.458.240,REMICOM IMMOBILIER SA,SA,route de Frontenex 58 bis,1207,Genève,GE,"route de Frontenex 58 bis, 1207 Genève",1.00,,,remicom,1
AGENCE REMICOM GENEVE,Genève,GE,HIGH,,CHE-112.458.240,REMICOM IMMOBILIER SA,SA,route de Frontenex 58 bis,1207,Genève,GE,"route de Frontenex 58 bis, 1207 Genève",1.00,yes,yes,remicom,1
AGENCE REMICOM HÒTELLERIE,Genève,GE,LOW,,CHE-115.082.355,Bristol Hotellerie AG,SA,"c/o Rott, Steffen + Partner GmbH
Hauptstrasse 21",9042,Speicher,AR,"c/o Rott, Steffen + Partner GmbH
Hauptstrasse 21, 9042 Speicher",0.50,,,hòtellerie,20
AGENCE REMICOM JURA-BIENNE,Neuchâtel,NE,MEDIUM,,CHE-112.458.240,REMICOM IMMOBILIER SA,SA,route de Frontenex 58 bis,1207,Genève,GE,"route de Frontenex 58 bis, 1207 Genève",0.67,,,remicom,1
AGENCE REMICOM LA COTE,Morges,VD,MEDIUM,,CHE-112.458.240,REMICOM IMMOBILIER SA,SA,route de Frontenex 58 bis,1207,Genève,GE,"route de Frontenex 58 bis, 1207 Genève",0.67,,,remicom,1
AGENCE REMICOM LAUSANNE,Lausanne,VD,HIGH,,CHE-112.458.240,REMICOM IMMOBILIER SA,SA,route de Frontenex 58 bis,1207,Genève,GE,"route de Frontenex 58 bis, 1207 Genève",1.00,,,remicom,1
AGENCE REMICOM NEUCHATEL,Neuchâtel,NE,HIGH,,CHE-112.458.240,REMICOM IMMOBILIER SA,SA,route de Frontenex 58 bis,1207,Genève,GE,"route de Frontenex 58 bis, 1207 Genève",1.00,,,remicom,1
AGENCE REMICOM PME,Genève,GE,MEDIUM,,CHE-112.458.240,REMICOM IMMOBILIER SA,SA,route de Frontenex 58 bis,1207,Genève,GE,"route de Frontenex 58 bis, 1207 Genève",0.67,yes,yes,remicom,1
AGENCE REMICOM RIVIERA,Chailly / Montreux,VD,MEDIUM,,CHE-112.458.240,REMICOM IMMOBILIER SA,SA,route de Frontenex 58 bis,1207,Genève,GE,"route de Frontenex 58 bis, 1207 Genève",0.67,,,remicom,1
AGENCE REMICOM VALAIS,Sion,VS,MEDIUM,,CHE-112.458.240,REMICOM IMMOBILIER SA,SA,route de Frontenex 58 bis,1207,Genève,GE,"route de Frontenex 58 bis, 1207 Genève",0.67,,,remicom,1
Agentur Wyss AG,Burgdorf,BE,HIGH,yes,CHE-100.168.628,Wyss Holding AG,SA,"c/o Hansrudolf Wyss
Museumstrasse 23",5200,Brugg AG,AG,"c/o Hansrudolf Wyss
Museumstrasse 23, 5200 Brugg AG",1.00,,,wyss,60
AGENZIA REMICOM TICINO,Lugano,TI,LOW,,CHE-108.153.984,Agenzia Immobiliare Ceresio SA,SA,Piazza Dante 8,6900,Lugano,TI,"Piazza Dante 8, 6900 Lugano",0.40,yes,yes,agenzia,60
AGF Immobilien AG,,,HIGH,yes,CHE-109.898.147,AGF Holding SA,SA,Avenue Mon-Repos 24,1005,Lausanne,VD,"Avenue Mon-Repos 24, 1005 Lausanne",1.00,,,agf,37
AGMENTO Immobilien AG,Oensingen,BL,HIGH,yes,CHE-109.084.400,Agmento Immobilien AG,SA,Eichengasse 3,4702,Oensingen,SO,"Eichengasse 3, 4702 Oensingen",1.00,,yes,agmento,2
AGOODDAY relocation & real estate Sàrl,Genolier,GE,MEDIUM,,CHE-114.121.797,Swiss Relocation Services GmbH,Sàrl,Hubackerstrasse 31,8105,Regensdorf,ZH,"Hubackerstrasse 31, 8105 Regensdorf",0.67,,,relocation,60
Agora Immobilien AG,Zürich,ZH,HIGH,yes,CHE-206.114.844,Agora Schweiz GmbH,Sàrl,Viaduktstrasse 93,8005,Zürich,ZH,"Viaduktstrasse 93, 8005 Zürich",1.00,yes,yes,agora,60
AGSW,St. Gallen,SG,NONE,,CHE-106.930.211,Belagswerk Boningen AG,SA,Fulenbacherstrasse 138,4618,Boningen,SO,"Fulenbacherstrasse 138, 4618 Boningen",0.00,,,agsw,8
Akiba GmbH Immobilien,Wädenswil,ZH,HIGH,,CHE-417.451.637,Akiba GmbH,Sàrl,Einsiedlerstrasse 25,8820,Wädenswil,ZH,"Einsiedlerstrasse 25, 8820 Wädenswil",1.00,yes,yes,akiba,7
AKINETA Immobilien AG,Olten,SO,HIGH,,CHE-112.351.234,AKINETA Immobilien AG,SA,Dornacherstrasse 24,4600,Olten,SO,"Dornacherstrasse 24, 4600 Olten",1.00,yes,yes,akineta,1
Alberto Sanz Immobiliare,Minusio,TI,LOW,,CHE-110.390.281,Fondazione Alberto Taddeoli,fond,"c/o Cristiano Bianchi
 ",6578,Caviano,TI,"c/o Cristiano Bianchi
 , 6578 Caviano",0.50,yes,,alberto,60
Alessi,,,LOW,,CHE-114.044.257,Alessi Garten und Tiefbau,0101,Reppischtalstrasse 36,8914,Aeugstertal,ZH,"Reppischtalstrasse 36, 8914 Aeugstertal",0.50,,,alessi,60
allcap AG,Schaffhausen,SH,HIGH,,CHE-114.564.516,allcap AG,SA,Vorstadt 12,8200,Schaffhausen,SH,"Vorstadt 12, 8200 Schaffhausen",1.00,yes,yes,allcap,2
Alliance Immobilière Genevoise,Châtelaine,GE,HIGH,,CHE-278.422.405,Alliance Immobilière Genevoise Sàrl,Sàrl,chemin J.-Ph.-De-Sauvage 37,1219,Châtelaine,GE,"chemin J.-Ph.-De-Sauvage 37, 1219 Châtelaine",1.00,yes,yes,genevoise,60
Allianz Suisse Immobilien AG,Zürich,ZH,HIGH,,CHE-105.837.520,Allianz Suisse Immobilien AG,SA,Richtiplatz 1,8304,Wallisellen,ZH,"Richtiplatz 1, 8304 Wallisellen",1.00,yes,,allianz,60
Allianz Suisse Immobilier SA,Bussigny,VD,HIGH,,CHE-105.837.520,Allianz Suisse Immobilien AG,SA,Richtiplatz 1,8304,Wallisellen,ZH,"Richtiplatz 1, 8304 Wallisellen",1.00,,,allianz,60
Allma Verwaltungs AG,Chur,GR,LOW,,CHE-102.853.362,Brixia Verwaltungs-AG,SA,"c/o W&P AG Treuhand Steuern Wirtschaftsprüfung
Obere Plessurstrasse 39",7000,Chur,GR,"c/o W&P AG Treuhand Steuern Wirtschaftsprüfung
Obere Plessurstrasse 39, 7000 Chur",0.50,yes,yes,verwaltungs,60
Allod Immobilien AG,Chur,GR,HIGH,,CHE-104.680.865,Allod Immobilien AG,SA,Rätusstrasse 22,7000,Chur,GR,"Rätusstrasse 22, 7000 Chur",1.00,yes,yes,allod,4
Alloggi Ticino SA,Bioggio,TI,HIGH,yes,CHE-100.885.842,Alloggi Ticino SA,SA,Via della Posta 21,6934,Bioggio,TI,"Via della Posta 21, 6934 Bioggio",1.00,yes,yes,alloggi,5
Allreal Generalunternehmung AG,Glattpark (Opfikon),ZH,HIGH,yes,CHE-105.977.687,Allreal Generalunternehmung AG,SA,Lindbergh-Allee 1,8152,Glattpark (Opfikon),ZH,"Lindbergh-Allee 1, 8152 Glattpark (Opfikon)",1.00,yes,yes,allreal,8
Alp Real Estate SA,Haute-Nendaz,VS,HIGH,,CHE-101.810.947,ALP AG,SA,Worblentalstrasse 99,3063,Ittigen,BE,"Worblentalstrasse 99, 3063 Ittigen",1.00,,,alp,60
Alpine Immobilien AG,Glattbrugg,ZH,HIGH,yes,CHE-101.495.099,Alpine Immobilien AG,SA,Sägereistrasse 25,8152,Glattbrugg,ZH,"Sägereistrasse 25, 8152 Glattbrugg",1.00,yes,yes,alpine,60
Alpstyle Immobilien AG,Frutigen,BE,HIGH,,CHE-321.508.984,Alpstyle Immobilien AG,SA,Dorfstrasse 22,3714,Frutigen,BE,"Dorfstrasse 22, 3714 Frutigen",1.00,yes,yes,alpstyle,1
Alta Immobilier,Sion,VS,HIGH,,CHE-104.892.752,Alta Group AG,SA,Poststrasse 30,6300,Zug,ZG,"Poststrasse 30, 6300 Zug",1.00,,,alta,60
Altitude Immobilier Sàrl,Crans-Montana,VS,HIGH,yes,CHE-112.017.870,Altitude Immobilier Sàrl,Sàrl,Rue Centrale 19,3963,Crans-Montana,VS,"Rue Centrale 19, 3963 Crans-Montana",1.00,yes,yes,altitude,57
ALUAG.CH AG,Nidau,BE,HIGH,,CHE-489.146.742,ALUAG.CH AG,SA,Bahnhof-Park 3,6340,Baar,ZG,"Bahnhof-Park 3, 6340 Baar",1.00,,,aluag,1
Alyssa Luongo — Alyssa Luongo,Männedorf,ZH,MEDIUM,,CHE-175.661.462,Alyssa & Co Sàrl,Sàrl,Rue Rousseau 1,1201,Genève,GE,"Rue Rousseau 1, 1201 Genève",0.67,,,alyssa,6
Ambiente Immo,Lachen SZ,ZH,HIGH,,CHE-102.308.142,Ambiente Consulting GmbH,Sàrl,Rebhalde 9,6340,Baar,ZG,"Rebhalde 9, 6340 Baar",1.00,,,ambiente,60
Ambühl Immobilien AG,Klosters Dorf,GR,HIGH,yes,CHE-407.587.181,Ambühl Immobilien AG,SA,Landstrasse 36,7252,Klosters Dorf,GR,"Landstrasse 36, 7252 Klosters Dorf",1.00,yes,yes,ambühl,60
AMHAN Invest Partner,Cossonay-Ville,VD,LOW,,CHE-101.457.609,ABC-Invest AG,SA,"c/o ALTHAUS Legal
Schweizerhofstrasse 14",8750,Glarus,GL,"c/o ALTHAUS Legal
Schweizerhofstrasse 14, 8750 Glarus",0.50,,,invest,60
Amicasa,,,HIGH,,CHE-208.694.559,AMICASA AG,SA,"c/o Martin Alexander Stäheli
Steigstrasse 77",8200,Schaffhausen,SH,"c/o Martin Alexander Stäheli
Steigstrasse 77, 8200 Schaffhausen",1.00,,,amicasa,2
Amma Immo Fribourg,Corminboeuf,FR,NONE,,CHE-184.674.191,"Chammartin et Spicher S.A., succursale de Givisiez",succursale,"null
Route du Crochet 7",1762,Givisiez,FR,"null
Route du Crochet 7, 1762 Givisiez",0.00,yes,,amma,60
Amma Immo Sàrl,Yverdon-les-Bains,VD,NONE,,CHE-101.765.471,"Editions Râ, Ammann",0101,"null
Chemin du Cerisier 9",1004,Lausanne,VD,"null
Chemin du Cerisier 9, 1004 Lausanne",0.00,yes,,amma,60
Amma Immo Valais,Leytron,VS,MEDIUM,,CHE-102.247.658,Groupe E Valais SA,SA,Avenue de Tourbillon 100,1951,Sion,VS,"Avenue de Tourbillon 100, 1951 Sion",0.67,yes,,valais,60
Amonn,,,HIGH,,CHE-411.789.061,Amonn AG,SA,Blümlisalpstrasse 4,3074,Muri b. Bern,BE,"Blümlisalpstrasse 4, 3074 Muri b. Bern",1.00,,,amonn,5
ANBA Invest AG,,,LOW,,CHE-101.457.609,ABC-Invest AG,SA,"c/o ALTHAUS Legal
Schweizerhofstrasse 14",8750,Glarus,GL,"c/o ALTHAUS Legal
Schweizerhofstrasse 14, 8750 Glarus",0.50,,,invest,60
Andreas Hitz,Dübendorf,ZH,LOW,,CHE-103.529.728,Andreas Landolt Immobilien GmbH,Sàrl,Grundstrasse 21,8712,Stäfa,ZH,"Grundstrasse 21, 8712 Stäfa",0.50,yes,,andreas,60
ANIMMO Verwaltung GmbH,Olten,SO,HIGH,yes,CHE-189.964.466,Animmo Verwaltung GmbH,Sàrl,Solothurnerstrasse 235,4600,Olten,SO,"Solothurnerstrasse 235, 4600 Olten",1.00,yes,yes,animmo,24
anliker IMMOBILIEN,Kloten,ZH,HIGH,yes,CHE-100.131.683,Anliker Services AG,SA,Meierhöflistrasse 18,6020,Emmenbrücke,LU,"Meierhöflistrasse 18, 6020 Emmenbrücke",1.00,,,anliker,60
ANNO Immobilien GmbH,Luzern,LU,NONE,,CHE-106.427.780,"Aéroport de la région lausannoise ""La Blécherette"" S.A.",SA,Avenue du Grey 117,1018,Lausanne,VD,"Avenue du Grey 117, 1018 Lausanne",0.00,,,anno,60
Ant. Bonomo's Erben Immob. AG,,,MEDIUM,,CHE-103.546.945,"Ant. Bonomo's Erben, Immobilien - AG",SA,Gubelhangstrasse 22,8050,Zürich,ZH,"Gubelhangstrasse 22, 8050 Zürich",0.89,,,bonomo,3
ANTERIM GmbH,Othmarsingen,AG,HIGH,,CHE-365.172.582,Anterim GmbH,Sàrl,Bahnhofstrasse 3b,5504,Othmarsingen,AG,"Bahnhofstrasse 3b, 5504 Othmarsingen",1.00,yes,yes,anterim,1
ANVAN INVEST AG,Therwil,BL,LOW,,CHE-101.457.609,ABC-Invest AG,SA,"c/o ALTHAUS Legal
Schweizerhofstrasse 14",8750,Glarus,GL,"c/o ALTHAUS Legal
Schweizerhofstrasse 14, 8750 Glarus",0.50,,,invest,60
AP Investment GmbH,Bäch SZ,ZH,MEDIUM,,CHE-102.442.852,Investment AG,SA,Eichenweg 62,3095,Spiegel b. Bern,BE,"Eichenweg 62, 3095 Spiegel b. Bern",0.67,,,investment,60
Apleona Real Estate AG,Wallisellen,ZH,HIGH,,CHE-107.583.603,Apleona Schweiz AG,SA,Ebnatstrasse 91a,8200,Schaffhausen,SH,"Ebnatstrasse 91a, 8200 Schaffhausen",1.00,,,apleona,2
Apleona Schweiz AG,Wallisellen,ZH,HIGH,,CHE-107.583.603,Apleona Schweiz AG,SA,Ebnatstrasse 91a,8200,Schaffhausen,SH,"Ebnatstrasse 91a, 8200 Schaffhausen",1.00,,,apleona,2
Apleona Schweiz AG - Filiale Basel,Basel,BS,MEDIUM,,CHE-107.583.603,Apleona Schweiz AG,SA,Ebnatstrasse 91a,8200,Schaffhausen,SH,"Ebnatstrasse 91a, 8200 Schaffhausen",0.67,,,apleona,2
Apleona Suisse SA,Genève,GE,HIGH,,CHE-107.583.603,Apleona Schweiz AG,SA,Ebnatstrasse 91a,8200,Schaffhausen,SH,"Ebnatstrasse 91a, 8200 Schaffhausen",1.00,,,apleona,2
APROA AG,Fiesch,VS,HIGH,yes,CHE-237.804.330,APROA AG,succursale,Furkastrasse 20,3984,Fiesch,VS,"Furkastrasse 20, 3984 Fiesch",1.00,yes,yes,aproa,2
ARC - Location,Verbier,VS,LOW,,CHE-101.451.914,Rem immobilier et location SA,SA,Chemin de Viouc 4,3960,Sierre,VS,"Chemin de Viouc 4, 3960 Sierre",0.50,yes,,location,60
Architekturbüro Oskar Meier AG,Bülach,ZH,HIGH,,CHE-107.896.350,Architekturbüro Oskar Meier AG,SA,Kasernenstrasse 19,8180,Bülach,ZH,"Kasernenstrasse 19, 8180 Bülach",1.00,yes,yes,architekturbüro,60
ARE Immobilien AG,Orpund,BE,NONE,,CHE-106.131.670,Aare Electric AG,SA,Kramgasse 8,3011,Bern,BE,"Kramgasse 8, 3011 Bern",0.00,yes,,are,60
Area Immobiliare Ticino,Rancate,TI,LOW,,CHE-100.885.842,Alloggi Ticino SA,SA,Via della Posta 21,6934,Bioggio,TI,"Via della Posta 21, 6934 Bioggio",0.50,yes,,ticino,60
Arealis AG,Baden,AG,HIGH,yes,CHE-365.320.977,Arealis AG,SA,Stadtturmstrasse 10,5400,Baden,AG,"Stadtturmstrasse 10, 5400 Baden",1.00,yes,yes,arealis,3
Arimo Bewirtschaftung AG,Frick,AG,HIGH,,CHE-185.306.726,Arimo Bewirtschaftung AG,SA,Hauptstrasse 37,5070,Frick,AG,"Hauptstrasse 37, 5070 Frick",1.00,yes,yes,bewirtschaftung,51
arimo bewirtschaftung und vermarktung ag,Frick,AG,MEDIUM,,CHE-185.306.726,Arimo Bewirtschaftung AG,SA,Hauptstrasse 37,5070,Frick,AG,"Hauptstrasse 37, 5070 Frick",0.80,yes,yes,bewirtschaftung,51
Arimo Vermarktung AG,Frick,AG,HIGH,,CHE-478.863.940,Arimo Vermarktung AG,SA,Hauptstrasse 37,5070,Frick,AG,"Hauptstrasse 37, 5070 Frick",1.00,yes,yes,vermarktung,32
Ariv Apartments + Spaces,Cham,ZG,LOW,,CHE-302.551.749,Business Apartments & Consulting AG,SA,Papieri-Ring 4,6330,Cham,ZG,"Papieri-Ring 4, 6330 Cham",0.40,yes,yes,apartments,60
Arlewo AG,Schwyz,SZ,HIGH,,CHE-108.022.247,Arlewo AG,SA,Guggistrasse 7,6005,Luzern,LU,"Guggistrasse 7, 6005 Luzern",1.00,,,arlewo,2
Arnold Riedo Immobilien AG,Düdingen,BE,HIGH,yes,CHE-103.357.841,Arnold Riedo Holding AG,SA,Warpelstrasse 12,3186,Düdingen,FR,"Warpelstrasse 12, 3186 Düdingen",1.00,,yes,arnold,60
Artemis Immobilien AG,Aarburg,SO,HIGH,yes,CHE-101.785.812,Artemis Immobilien AG,SA,Gishalde 1,4663,Aarburg,AG,"Gishalde 1, 4663 Aarburg",1.00,,yes,artemis,60
Artisa Developer AG,Manno,TI,HIGH,yes,CHE-361.167.889,Artisa Developer SA,SA,Via Catonale 36,6928,Manno,TI,"Via Catonale 36, 6928 Manno",1.00,yes,yes,developer,24
Artisa Real Estate SA,Manno,TI,LOW,,CHE-101.310.254,Artisa 2000 S.A.,SA,Rue Nonceruz 1,2732,Reconvilier,BE,"Rue Nonceruz 1, 2732 Reconvilier",0.40,,,artisa,60
AS Wyss Immobilien AG,Solothurn,SO,MEDIUM,,CHE-101.958.722,Immo Wyss AG,SA,Usserdorf 1,4624,Härkingen,SO,"Usserdorf 1, 4624 Härkingen",0.67,yes,,wyss,60
Ascaro Vorsorgestiftung,Bern 14,BE,LOW,,CHE-109.371.041,Vorsorgestiftung der VD Bern AG,fond,"c/o von Graffenried AG Treuhand
Waaghausgasse 1",3000,Bern,BE,"c/o von Graffenried AG Treuhand
Waaghausgasse 1, 3000 Bern",0.50,yes,yes,vorsorgestiftung,60
ASE SA,St-Pierre-de-Clages,VS,NONE,,CHE-102.490.420,Blaser Swisslube AG,SA,Winterseistrasse 22,3415,Rüegsauschachen,BE,"Winterseistrasse 22, 3415 Rüegsauschachen",0.00,,,ase,60
asl casa gmbh,,,MEDIUM,,CHE-103.339.211,Casa AG,SA,Gotthelfstr. 9,4054,Basel,BS,"Gotthelfstr. 9, 4054 Basel",0.67,,,casa,60
Assofide SA,Locarno,TI,HIGH,,CHE-103.793.225,Assofide SA,SA,Via Luini 3,6600,Locarno,TI,"Via Luini 3, 6600 Locarno",1.00,yes,yes,assofide,1
Atelier Bucher,,,LOW,,CHE-101.658.042,L'Atelier société coopérative,coop,rue de la Scie 4-6,1207,Genève,GE,"rue de la Scie 4-6, 1207 Genève",0.50,,,atelier,60
Atelier West Architekten,Baden,AG,LOW,,CHE-107.107.450,Birri Architekten AG,SA,Blumenweg 1,4332,Stein AG,AG,"Blumenweg 1, 4332 Stein AG",0.40,yes,,architekten,60
Aubert,Herisau,AR,HIGH,,CHE-420.245.570,Aubert Immo Sàrl,Sàrl,"c/o Fiduciaire Fidra SA
Rue Général-Dufour 4",2502,Biel/Bienne,BE,"c/o Fiduciaire Fidra SA
Rue Général-Dufour 4, 2502 Biel/Bienne",1.00,,,aubert,60
August Portmann AG,,,HIGH,,CHE-107.138.433,August Portmann AG,SA,Baarerstrasse 36,6300,Zug,ZG,"Baarerstrasse 36, 6300 Zug",1.00,,,portmann,60
Aurea Immobilien Gmbh,Rupperswil,AG,MEDIUM,,CHE-109.594.109,Aurea Vorsorge,fond,"c/o Einwohnergemeinde Aarau
Rathausgasse 1",5000,Aarau,AG,"c/o Einwohnergemeinde Aarau
Rathausgasse 1, 5000 Aarau",0.67,yes,,aurea,60
Autocenter Macinko AG,Uetendorf,BE,HIGH,,CHE-246.422.163,Autocenter Macinko AG,SA,Grabenstrasse 10,3600,Thun,BE,"Grabenstrasse 10, 3600 Thun",1.00,yes,,autocenter,60
Auwiesen Immobilien AG,Winterthur,ZH,HIGH,,CHE-105.788.910,AUWIESEN IMMOBILIEN AG,SA,Klosterstrasse 17,8406,Winterthur,ZH,"Klosterstrasse 17, 8406 Winterthur",1.00,yes,yes,auwiesen,3
Avaro AG,St. Gallen,SG,HIGH,,CHE-337.623.409,AVARO AG,SA,Oberstrasse 32,9000,St. Gallen,SG,"Oberstrasse 32, 9000 St. Gallen",1.00,yes,yes,avaro,10
AVBTrade GmbH,Paradiso,TI,HIGH,,CHE-231.821.293,AVBTrade GmbH,Sàrl,Via delle Scuole 3b,6900,Paradiso,TI,"Via delle Scuole 3b, 6900 Paradiso",1.00,yes,yes,avbtrade,1
AVIDA,Olten,SO,HIGH,,CHE-103.803.119,Avida Immobilien-Treuhand AG,SA,Ringstrasse 14,4600,Olten,SO,"Ringstrasse 14, 4600 Olten",1.00,yes,yes,avida,45
AVIDA Immobilien-Treuhand AG,,,HIGH,,CHE-103.803.119,Avida Immobilien-Treuhand AG,SA,Ringstrasse 14,4600,Olten,SO,"Ringstrasse 14, 4600 Olten",1.00,,,avida,45
Axim SA,Lugano,TI,HIGH,yes,CHE-113.941.958,Axim SA,SA,Corso Elvezia 4,6900,Lugano,TI,"Corso Elvezia 4, 6900 Lugano",1.00,yes,yes,axim,60
AZ Immobilien und Verwaltung,Arni AG,ZH,NONE,,,,,,,,,,,,,,0
B. Fronczek Immobilien GmbH,Rorschach,SG,HIGH,,CHE-109.040.331,B. Fronczek Immobilien GmbH,Sàrl,Löwengartenstrasse 10,9400,Rorschach,SG,"Löwengartenstrasse 10, 9400 Rorschach",1.00,yes,yes,fronczek,1
B2P SA,Colombier NE,NE,HIGH,yes,CHE-175.376.004,B2P SA,SA,rue du Château 2,2013,Colombier NE,NE,"rue du Château 2, 2013 Colombier NE",1.00,yes,yes,b2p,2
B4 Ivan Buhlmann,Gibloux,FR,LOW,,CHE-106.872.281,O. Buhlmann,0101,"null
Grand-Rue 7",1350,Orbe,VD,"null
Grand-Rue 7, 1350 Orbe",0.40,,,buhlmann,2
Bächtiger Liwoba Immobilien AG,Basel,BS,HIGH,,CHE-107.439.113,Bächtiger Liwoba Immobilien AG,SA,St. Alban-Anlage 46,4052,Basel,BS,"St. Alban-Anlage 46, 4052 Basel",1.00,yes,yes,bächtiger,5
Baden,Baden,AG,NONE,,,,,,,,,,,,,,0
Bader Immobilien Luzern AG — Die schönsten Immobilien der Zentralschweiz,Luzern,LU,LOW,,CHE-103.946.150,Erdgas Zentralschweiz AG,SA,Industriestrasse 6,6005,Luzern,LU,"Industriestrasse 6, 6005 Luzern",0.40,yes,yes,zentralschweiz,60
Baloise Asset Management AG,Basel,BS,MEDIUM,,CHE-101.315.085,Immofonds Asset Management AG,SA,Rämistrasse 30,8001,Zürich,ZH,"Rämistrasse 30, 8001 Zürich",0.67,,,management,60
Baloise Asset Management SA,Lausanne,VD,MEDIUM,,CHE-101.315.085,Immofonds Asset Management AG,SA,Rämistrasse 30,8001,Zürich,ZH,"Rämistrasse 30, 8001 Zürich",0.67,,,management,60
Baltrusch Immobilien GmbH,Bonstetten,ZH,HIGH,,CHE-307.559.037,Baltrusch Immobilien GmbH,Sàrl,Chapfstrasse 10,8906,Bonstetten,ZH,"Chapfstrasse 10, 8906 Bonstetten",1.00,yes,yes,baltrusch,2
BARNES | Verbier,Verbier,VS,HIGH,,CHE-401.654.896,Barnes Verbier SA,SA,Rue du Centre Sportif 22,1936,Verbier,VS,"Rue du Centre Sportif 22, 1936 Verbier",1.00,yes,yes,barnes,10
BARNES Commercial Realty SA,Genève 2,GE,LOW,,CHE-103.164.199,ECI COMMERCIAL SA,SA,"c/o MOORE STEPHENS REFIDAR SA
Rue Jean-Petitot 2",1204,Genève,GE,"c/o MOORE STEPHENS REFIDAR SA
Rue Jean-Petitot 2, 1204 Genève",0.40,yes,yes,commercial,60
BARNES Commercial Realty SA | VD,Lausanne,VD,NONE,,CHE-101.515.721,The Commercial Break SA,SA,"c/o Sean Martin
Rue Grand-St-Jean 4",1003,Lausanne,VD,"c/o Sean Martin
Rue Grand-St-Jean 4, 1003 Lausanne",0.33,yes,yes,commercial,60
Barth Real AG,Zürich,ZH,MEDIUM,,CHE-105.472.559,Karl Barth AG,SA,Unterdorf 27,8421,Dättlikon,ZH,"Unterdorf 27, 8421 Dättlikon",0.67,yes,,barth,60
Bärtschiger Immobilien AG,Oftringen,SO,HIGH,,CHE-101.254.880,Bärtschiger Immobilien AG,SA,Roggenstrasse 3,4665,Oftringen,AG,"Roggenstrasse 3, 4665 Oftringen",1.00,,yes,bärtschiger,6
Baschung Immobilien GmbH,Biberist,SO,HIGH,yes,CHE-165.966.546,Baschung Immobilien GmbH,Sàrl,Hauptstrasse 54,4566,Kriegstetten,SO,"Hauptstrasse 54, 4566 Kriegstetten",1.00,yes,,baschung,12
Base Aparthotels,Genève,GE,NONE,,,,,,,,,,,,,aparthotels,0
Basel (St. Jakob-Park),Basel,BS,MEDIUM,,CHE-103.848.719,Genossenschaft Stadion St. Jakob-Park,coop,St. Alban-Anlage 46,4052,Basel,BS,"St. Alban-Anlage 46, 4052 Basel",0.75,yes,yes,jakob,60
Basel (Stücki),Basel,BS,HIGH,yes,CHE-101.401.158,Stucki Immobilien AG,SA,Dorfstrasse 2,3232,Ins,BE,"Dorfstrasse 2, 3232 Ins",1.00,,,stücki,60
Basel Claraturm,Basel,BS,NONE,,,,,,,,,,,,,claraturm,0
Basel Grosspeter,Basel,BS,HIGH,,CHE-114.339.764,Grosspeter Immobilien AG,SA,St. Jakob-Strasse 72,4132,Muttenz,BL,"St. Jakob-Strasse 72, 4132 Muttenz",1.00,,,grosspeter,1
Batag Treuhand  AG,Schönenberg an der Thur,SG,HIGH,,CHE-107.946.901,Batag Treuhand AG,SA,Thurbruggstrasse 11A,9215,Schönenberg an der Thur,TG,"Thurbruggstrasse 11A, 9215 Schönenberg an der Thur",1.00,,yes,batag,2
Bättig Immobilienberatung GmbH,Buchs ZH,ZH,HIGH,,CHE-115.433.621,Bättig Immobilienberatung GmbH,Sàrl,Zürcherstrasse 7,8107,Buchs ZH,ZH,"Zürcherstrasse 7, 8107 Buchs ZH",1.00,yes,yes,immobilienberatung,43
bauatelier - fuhrer. ag,Lützelflüh-Goldbach,BE,HIGH,,CHE-150.692.110,bauatelier - fuhrer. ag,SA,Emmentalstrasse 55,3432,Lützelflüh-Goldbach,BE,"Emmentalstrasse 55, 3432 Lützelflüh-Goldbach",1.00,yes,yes,bauatelier,27
Baugenossenschaft berufstätiger Frauen — BBF,Zürich,ZH,HIGH,,CHE-103.885.666,Baugenossenschaft berufstätiger Frauen,coop,Wasserwerkstrasse 116,8037,Zürich,ZH,"Wasserwerkstrasse 116, 8037 Zürich",0.86,yes,yes,baugenossenschaft,60
Baugenossenschaft Glattal Zürich,Zürich,ZH,LOW,,CHE-101.098.137,VITASANA Baugenossenschaft,coop,Winterthurerstrasse 659,8051,Zürich,ZH,"Winterthurerstrasse 659, 8051 Zürich",0.50,yes,yes,baugenossenschaft,60
BaumannPlus GmbH,Seftigen,BE,HIGH,yes,CHE-449.748.018,BaumannPlus GmbH,Sàrl,Allmendweg 2,3662,Seftigen,BE,"Allmendweg 2, 3662 Seftigen",1.00,yes,yes,baumannplus,3
Baumgartner Immobilien AG,Horgen,ZH,HIGH,yes,CHE-102.445.307,Baumgartner & Co. AG,SA,Multergasse 6,9004,St. Gallen,SG,"Multergasse 6, 9004 St. Gallen",1.00,,,baumgartner,60
Baurealit GmbH,Flühli,LU,HIGH,,CHE-110.169.457,Baurealit GmbH,Sàrl,Hüttlenen 6,6173,Flühli,LU,"Hüttlenen 6, 6173 Flühli",1.00,yes,yes,baurealit,2
bavivi AG,Zurich,ZH,HIGH,,CHE-188.917.719,bavivi AG,SA,Pfingstweidstrasse 98,8005,Zürich,ZH,"Pfingstweidstrasse 98, 8005 Zürich",1.00,yes,yes,bavivi,1
BCN Immo Sàrl,Broc,FR,HIGH,,CHE-147.208.904,BCN Immo Sàrl,Sàrl,"c/o Nathalie Bulliard
Chemin de Fin-Derrey 21",1636,Broc,FR,"c/o Nathalie Bulliard
Chemin de Fin-Derrey 21, 1636 Broc",1.00,yes,yes,bcn,10
BD Gérance,,,NONE,,,,,,,,,,,,,,0
BD Gérance SA,Fribourg,FR,NONE,,,,,,,,,,,,,,0
BD Gérance SA Bulle,Bulle,FR,NONE,,,,,,,,,,,,,,0
BDO AG Bern,,,HIGH,yes,CHE-347.141.454,BDO SA,succursale,Route de la Corniche 2,1066,Epalinges,VD,"Route de la Corniche 2, 1066 Epalinges",1.00,,,bdo,60
BDO AG Solothurn,,,LOW,,CHE-102.065.910,Befa Solothurn AG,SA,Längackerstrasse 10,2545,Selzach,SO,"Längackerstrasse 10, 2545 Selzach",0.50,,,solothurn,60
BDO AG Wetzikon,,,LOW,,CHE-103.708.917,Autorama AG Wetzikon,SA,Buchgrindelstrasse 21,8620,Wetzikon ZH 1,ZH,"Buchgrindelstrasse 21, 8620 Wetzikon ZH 1",0.50,,,wetzikon,60
BDO AG Zürich,,,HIGH,yes,CHE-347.141.454,BDO SA,succursale,Route de la Corniche 2,1066,Epalinges,VD,"Route de la Corniche 2, 1066 Epalinges",1.00,,,bdo,60
BEE Generalunternehmung AG,Konolfingen,BE,MEDIUM,,CHE-107.390.091,Bee Architekten AG,SA,Emmentalstrasse 11,3510,Konolfingen,BE,"Emmentalstrasse 11, 3510 Konolfingen",0.67,yes,yes,bee,60
belleREAL SA,Frauenfeld,TG,HIGH,,CHE-101.638.594,belleREAL SA,SA,Schlossmühlestrasse 9,8500,Frauenfeld,TG,"Schlossmühlestrasse 9, 8500 Frauenfeld",1.00,yes,yes,bellereal,2
Bellevia Immobilien AG,Dübendorf,ZH,HIGH,,CHE-446.946.007,Bellevia Immobilien AG,SA,Auenstrasse 8,8600,Dübendorf,ZH,"Auenstrasse 8, 8600 Dübendorf",1.00,yes,yes,bellevia,1
Bellezza Immobilien GmbH,Deitingen,SO,HIGH,,CHE-112.498.699,Bellezza Immobilien GmbH,Sàrl,Bahnhofstrasse 30,4543,Deitingen,SO,"Bahnhofstrasse 30, 4543 Deitingen",1.00,yes,yes,bellezza,33
Belmont Residences AG,Zürich,ZH,HIGH,,CHE-323.697.465,Belmont Residences AG,SA,Zahnradstrasse 22,8005,Zürich,ZH,"Zahnradstrasse 22, 8005 Zürich",1.00,yes,yes,residences,30
BEM PROPERTY GROUP,Zürich,ZH,LOW,,CHE-101.066.456,Peach Property Group AG,SA,Neptunstrasse 96,8032,Zürich,ZH,"Neptunstrasse 96, 8032 Zürich",0.50,yes,yes,property,60
BEM Property Group AG,Zürich,ZH,LOW,,CHE-101.066.456,Peach Property Group AG,SA,Neptunstrasse 96,8032,Zürich,ZH,"Neptunstrasse 96, 8032 Zürich",0.50,yes,yes,property,60
BEREUTER Totalunternehmung AG,Effretikon,ZH,HIGH,,CHE-115.160.883,BEREUTER TOTALUNTERNEHMUNG AG,SA,Bahnhofstrasse 21,8307,Effretikon,ZH,"Bahnhofstrasse 21, 8307 Effretikon",1.00,yes,yes,totalunternehmung,51
Berger Liegenschaften AG,Basel,BS,LOW,,CHE-101.300.652,Egloff Liegenschaften AG,SA,Mauerstr. 74,4057,Basel,BS,"Mauerstr. 74, 4057 Basel",0.50,yes,yes,liegenschaften,60
Bern,Bern,BE,NONE,,,,,,,,,,,,,,0
Bern PostParc,Bern,BE,NONE,,,,,,,,,,,,,postparc,0
Bernard Nicod | Genève Gérance,Genève,GE,HIGH,yes,CHE-108.023.494,Bernard Nicod Nyon SA,SA,Chemin d'Eysins 51,1260,Nyon,VD,"Chemin d'Eysins 51, 1260 Nyon",1.00,,,bernard,60
Bernard Nicod | Lausanne BC Gérance,Lausanne,VD,MEDIUM,yes,CHE-105.851.230,Bernard Nicod SA,SA,Avenue de la Gare 26,1003,Lausanne,VD,"Avenue de la Gare 26, 1003 Lausanne",0.80,yes,yes,bernard,60
Bernard Nicod | Lausanne Gérance,Lausanne,VD,HIGH,yes,CHE-105.851.230,Bernard Nicod SA,SA,Avenue de la Gare 26,1003,Lausanne,VD,"Avenue de la Gare 26, 1003 Lausanne",1.00,yes,yes,bernard,60
Bernard Nicod | Lausanne Locaux Commerciaux,Lausanne,VD,NONE,,CHE-100.277.329,S.A. d'Investissements Immobiliers et Commerciaux,SA,Avenue Tissot 2,1006,Lausanne,VD,"Avenue Tissot 2, 1006 Lausanne",0.20,yes,yes,commerciaux,7
Bernard Nicod | Lausanne Locaux Commerciaux vente,Lausanne,VD,NONE,,CHE-100.277.329,S.A. d'Investissements Immobiliers et Commerciaux,SA,Avenue Tissot 2,1006,Lausanne,VD,"Avenue Tissot 2, 1006 Lausanne",0.18,yes,yes,commerciaux,7
Bernard Nicod | Monthey Gérance,Monthey,VD,MEDIUM,yes,CHE-108.023.494,Bernard Nicod Nyon SA,SA,Chemin d'Eysins 51,1260,Nyon,VD,"Chemin d'Eysins 51, 1260 Nyon",0.80,yes,,bernard,60
Bernard Nicod | Montreux Gérance,Montreux,VD,HIGH,yes,CHE-107.941.507,Bernard Nicod Montreux SA,SA,Rue du Théâtre 5,1820,Montreux,VD,"Rue du Théâtre 5, 1820 Montreux",1.00,yes,yes,bernard,60
Bernard Nicod | Morges Gérance,Morges,VD,HIGH,yes,CHE-105.963.834,Bernard Nicod Morges SA,SA,Rue de la Gare 11,1110,Morges,VD,"Rue de la Gare 11, 1110 Morges",1.00,yes,yes,bernard,60
Bernard Nicod | Nyon Gérance,Nyon,GE,HIGH,yes,CHE-108.023.494,Bernard Nicod Nyon SA,SA,Chemin d'Eysins 51,1260,Nyon,VD,"Chemin d'Eysins 51, 1260 Nyon",1.00,,yes,bernard,60
Bernard Nicod | Rolle Gérance,Rolle,VD,MEDIUM,yes,CHE-108.023.494,Bernard Nicod Nyon SA,SA,Chemin d'Eysins 51,1260,Nyon,VD,"Chemin d'Eysins 51, 1260 Nyon",0.80,yes,,bernard,60
Bernard Nicod | Vevey Gérance,Vevey,VD,MEDIUM,yes,CHE-108.023.494,Bernard Nicod Nyon SA,SA,Chemin d'Eysins 51,1260,Nyon,VD,"Chemin d'Eysins 51, 1260 Nyon",0.80,yes,,bernard,60
Bernard Nicod SA,Vevey,VD,HIGH,yes,CHE-108.023.494,Bernard Nicod Nyon SA,SA,Chemin d'Eysins 51,1260,Nyon,VD,"Chemin d'Eysins 51, 1260 Nyon",1.00,yes,,bernard,60
BERTRAND IMMOBILIER Sàrl,Lausanne,VD,MEDIUM,,CHE-100.442.769,Bertrand Corbaz SA,SA,Chemin du Crépon 56,1815,Clarens,VD,"Chemin du Crépon 56, 1815 Clarens",0.67,yes,,bertrand,60
besser.verwalten ag,St. Gallen,SG,HIGH,,CHE-400.385.185,besser.verwalten ag,SA,"c/o Dr. iur. Ronald Pedergnana, Rechtsanwälte und Notare
Rorschacher Strasse 21",9000,St. Gallen,SG,"c/o Dr. iur. Ronald Pedergnana, Rechtsanwälte und Notare
Rorschacher Strasse 21, 9000 St. Gallen",1.00,yes,yes,verwalten,4
betahouse,Zürich,ZH,NONE,,,,,,,,,,,,,betahouse,0
BETTERHOMES (Schweiz) AG,Schindellegi,ZH,HIGH,yes,CHE-112.567.225,BETTERHOMES AG,SA,Flurstrasse 55,8048,Zürich,ZH,"Flurstrasse 55, 8048 Zürich",1.00,yes,,betterhomes,15
BETTERHOMES (Suisse) SA,Etoy VD,VD,HIGH,yes,CHE-112.567.225,BETTERHOMES AG,SA,Flurstrasse 55,8048,Zürich,ZH,"Flurstrasse 55, 8048 Zürich",1.00,,,betterhomes,15
BETTERHOMES (Svizzera) SA,Camorino,TI,HIGH,yes,CHE-112.567.225,BETTERHOMES AG,SA,Flurstrasse 55,8048,Zürich,ZH,"Flurstrasse 55, 8048 Zürich",1.00,,,betterhomes,15
BeVe Immobilien-Treuhand AG,Basel,BS,HIGH,,CHE-113.060.259,BeVe Immobilien-Treuhand AG,SA,Lange Gasse 15,4052,Basel,BS,"Lange Gasse 15, 4052 Basel",1.00,yes,yes,beve,60
BeWi-Immo GmbH,Muri bei Bern,BE,MEDIUM,,CHE-114.920.829,Bewi Elektro GmbH,Sàrl,Grenzstrasse 4,8280,Kreuzlingen,TG,"Grenzstrasse 4, 8280 Kreuzlingen",0.67,,,bewi,60
Bewy AG,Zürich,ZH,HIGH,,CHE-141.728.559,Bewy AG,SA,"c/o Marcandrea Hunkeler
Hotzestrasse 16",8006,Zürich,ZH,"c/o Marcandrea Hunkeler
Hotzestrasse 16, 8006 Zürich",1.00,yes,yes,bewy,2
bgi bär-gerber immobilien ag,Kloten,ZH,LOW,,CHE-107.908.243,Gerber Treuhand AG,SA,Büelstrasse 11A,8132,Egg b. Zürich,ZH,"Büelstrasse 11A, 8132 Egg b. Zürich",0.50,yes,,gerber,60
Biland Immobilien Management AG,Oftringen,SO,LOW,,CHE-103.635.230,Aldiana Management und Consulting AG,SA,Korporationsweg 9b,8832,Wilen b. Wollerau,SZ,"Korporationsweg 9b, 8832 Wilen b. Wollerau",0.50,,,management,60
Bindella Immobilien AG,,,HIGH,yes,CHE-101.634.834,Bindella Immobilien AG,SA,In Gassen 6,8001,Zürich,ZH,"In Gassen 6, 8001 Zürich",1.00,,,bindella,11
Bitte kontaktieren Sie mich per Mail:,Dietlikon,ZH,NONE,,,,,,,,,,,,,kontaktieren,0
bk-immobilien,,,NONE,,,,,,,,,,,,,,0
BlatterIMMO AG,Kleinandelfingen,ZH,HIGH,,CHE-104.536.843,BlatterIMMO AG,SA,Schaffhauserstrasse 66a,8451,Kleinandelfingen,ZH,"Schaffhauserstrasse 66a, 8451 Kleinandelfingen",1.00,yes,yes,blatterimmo,2
Blattmann Immobilien-Treuhand,Zürich,ZH,HIGH,yes,CHE-107.388.266,Blattmann Immobilien-Treuhand,0101,"null
Imbisbühlstrasse 2",8049,Zürich,ZH,"null
Imbisbühlstrasse 2, 8049 Zürich",1.00,yes,yes,blattmann,29
Bloom - Intershop Management AG,Lausanne,VD,NONE,,CHE-100.346.597,1RELOCATION INVESTMENT & MANAGEMENT SA,SA,Chemin du Closalet 4,1023,Crissier,VD,"Chemin du Closalet 4, 1023 Crissier",0.33,yes,,management,60
BLUEGROUND SWITZERLAND GMBH,Zürich,ZH,LOW,,CHE-223.656.922,AGFS Switzerland GmbH,Sàrl,"c/o Markus Aeschbacher, Bratschi AG
Bahnhofstrasse 70",8001,Zürich,ZH,"c/o Markus Aeschbacher, Bratschi AG
Bahnhofstrasse 70, 8001 Zürich",0.50,yes,yes,switzerland,60
BODAG Immobilien AG,Winterthur,ZH,HIGH,yes,CHE-107.163.388,BODAG Immobilien AG,SA,Bleichestrasse 32,8400,Winterthur,ZH,"Bleichestrasse 32, 8400 Winterthur",1.00,yes,yes,bodag,3
BODAG Immobilien AG — BODAG Immobilien AG,Winterthur,ZH,HIGH,yes,CHE-107.163.388,BODAG Immobilien AG,SA,Bleichestrasse 32,8400,Winterthur,ZH,"Bleichestrasse 32, 8400 Winterthur",1.00,yes,yes,bodag,3
Bolliger Immobilier SA,La Chaux-de-Fonds,NE,HIGH,yes,CHE-107.913.244,Bolliger Immobilier SA,SA,avenue Léopold-Robert 12,2300,La Chaux-de-Fonds,NE,"avenue Léopold-Robert 12, 2300 La Chaux-de-Fonds",1.00,yes,yes,bolliger,60
Bolsinger Immobilien GmbH,Basel,BS,HIGH,,CHE-164.796.483,Bolsinger Immobilien GmbH,Sàrl,Lautengartenstrasse 7,4052,Basel,BS,"Lautengartenstrasse 7, 4052 Basel",1.00,yes,yes,bolsinger,2
Botti Group GmbH — Fabio Botti,Stallikon,ZH,MEDIUM,,CHE-168.432.531,Botti Group GmbH,Sàrl,Sellenbüren 59b,8143,Stallikon,ZH,"Sellenbüren 59b, 8143 Stallikon",0.67,yes,yes,botti,54
BR Immobilien AG,Eptingen,BL,NONE,,,,,,,,,,,,,,0
Bredella AG,Pratteln,BL,HIGH,,CHE-109.436.410,Bredella AG,SA,Hohenrainstrasse 10,4133,Pratteln,BL,"Hohenrainstrasse 10, 4133 Pratteln",1.00,yes,yes,bredella,2
Breitenmoser-Edelmann Treuhand AG,St. Gallen,SG,HIGH,,CHE-103.476.262,Breitenmoser-Edelmann Treuhand AG,SA,Wassergasse 39,9000,St. Gallen,SG,"Wassergasse 39, 9000 St. Gallen",1.00,yes,yes,breitenmoser,50
Brixel AG,Zürich,ZH,HIGH,,CHE-359.870.695,Brixel AG,SA,Ernastrasse 22,8004,Zürich,ZH,"Ernastrasse 22, 8004 Zürich",1.00,yes,yes,brixel,1
Broggi SA,Neuchâtel,NE,HIGH,yes,CHE-464.257.816,Broggi SA,SA,rue des Epancheurs 6,2000,Neuchâtel,NE,"rue des Epancheurs 6, 2000 Neuchâtel",1.00,yes,yes,broggi,30
BRUN AG Luzern,Emmenbrücke 1,LU,HIGH,yes,CHE-100.459.161,BRUN AG,SA,Emmenweidstrasse 58A,6020,Emmenbrücke,LU,"Emmenweidstrasse 58A, 6020 Emmenbrücke",1.00,yes,yes,brun,60
Brunner Verwaltungen AG,Bern,BE,HIGH,yes,CHE-103.664.266,Brunner AG Thun,SA,Bierigutstrasse 1A,3608,Thun,BE,"Bierigutstrasse 1A, 3608 Thun",1.00,yes,,brunner,60
Brunner Verwaltungen AG — Cédric Jung,Bern,BE,LOW,,CHE-107.146.680,Stiftung Salome Brunner,fond,Eichholzstrasse 18,3084,Wabern,BE,"Eichholzstrasse 18, 3084 Wabern",0.40,yes,yes,brunner,60
Brunner Verwaltungen AG — Sonja Müller,Bern,BE,LOW,,CHE-107.146.680,Stiftung Salome Brunner,fond,Eichholzstrasse 18,3084,Wabern,BE,"Eichholzstrasse 18, 3084 Wabern",0.40,yes,yes,brunner,60
Bruppacher Verwaltungs AG,Zürich,ZH,LOW,,CHE-107.899.905,Blum Verwaltungs- und Treuhand AG,SA,Löwenstrasse 20,8001,Zürich,ZH,"Löwenstrasse 20, 8001 Zürich",0.50,yes,yes,verwaltungs,60
BRYMMO,Aran,VD,NONE,,,,,,,,,,,,,brymmo,0
BT Barlocchi Treuhand AG,,,HIGH,,CHE-140.138.585,BT Barlocchi Treuhand AG,SA,Bahnhofstrasse 2,8800,Thalwil,ZH,"Bahnhofstrasse 2, 8800 Thalwil",1.00,,,barlocchi,2
Bücheler Architektur + Generalunternehmung AG,Amriswil,TG,LOW,,CHE-100.519.685,Burkart Architektur AG,SA,Kehlhofstrasse 9,8272,Ermatingen,TG,"Kehlhofstrasse 9, 8272 Ermatingen",0.50,yes,,architektur,60
Bucher,Luzern,LU,HIGH,yes,CHE-101.090.756,Bucher und Partner AG,SA,Christoph-Schnyderstrasse 46,6210,Sursee,LU,"Christoph-Schnyderstrasse 46, 6210 Sursee",1.00,yes,,bucher,60
Bujar Immobilier SA,St-Aubin,VD,HIGH,,CHE-445.747.801,Bujar Immobilier SA,SA,Route des Vernettes 7,1566,St-Aubin FR,FR,"Route des Vernettes 7, 1566 St-Aubin FR",1.00,,yes,bujar,21
Bulliard Immobilien AG,Düdingen,BE,HIGH,yes,CHE-107.773.954,Bulliard Immobilier SA,SA,Route d'Agy 10,1763,Granges-Paccot,FR,"Route d'Agy 10, 1763 Granges-Paccot",1.00,,,bulliard,18
Bulliard Immobilier SA,Granges-Paccot,FR,HIGH,yes,CHE-107.773.954,Bulliard Immobilier SA,SA,Route d'Agy 10,1763,Granges-Paccot,FR,"Route d'Agy 10, 1763 Granges-Paccot",1.00,yes,yes,bulliard,18
BULWARK Real Estate AG,Baar,ZG,HIGH,,CHE-176.859.877,BULWARK Real Estate AG,SA,Lindenstrasse 11,6340,Baar,ZG,"Lindenstrasse 11, 6340 Baar",1.00,yes,yes,bulwark,1
bumbacher immobilien gmbh,Spreitenbach,ZH,HIGH,,CHE-114.396.012,bumbacher immobilien gmbh,Sàrl,Willestrasse 3,8957,Spreitenbach,AG,"Willestrasse 3, 8957 Spreitenbach",1.00,,yes,bumbacher,4
Burgergemeinde Bern — Domänenverwaltung,Bern,BE,NONE,,,,,,,,,,,,,domänenverwaltung,0
Burgergemeinde Bern Immobilien — p.A. Domänenverwaltung,Bern,BE,NONE,,,,,,,,,,,,,domänenverwaltung,0
"Burgergemeinde Bern, Immobilien — Domänenverwaltung",Bern,BE,NONE,,,,,,,,,,,,,domänenverwaltung,0
Bürgi Immobiliare,Minusio,TI,HIGH,yes,CHE-103.873.717,Bürgi.ch AG,SA,Bergstrasse 177,8704,Herrliberg,ZH,"Bergstrasse 177, 8704 Herrliberg",1.00,,,bürgi,60
BVK,Zürich,ZH,HIGH,,CHE-301.370.547,BVK Services GmbH,Sàrl,"c/o BVK Personalvorsorge des Kantons Zürich
Obstgartenstrasse 21",8006,Zürich,ZH,"c/o BVK Personalvorsorge des Kantons Zürich
Obstgartenstrasse 21, 8006 Zürich",1.00,yes,yes,bvk,6
BWV Invest GmbH,Breitenbach,BL,LOW,,CHE-101.457.609,ABC-Invest AG,SA,"c/o ALTHAUS Legal
Schweizerhofstrasse 14",8750,Glarus,GL,"c/o ALTHAUS Legal
Schweizerhofstrasse 14, 8750 Glarus",0.50,,,invest,60
By Birnstiel GmbH,Unterkulm,AG,HIGH,,CHE-379.424.910,By Birnstiel GmbH,Sàrl,Kreuzstrasse 15,5726,Unterkulm,AG,"Kreuzstrasse 15, 5726 Unterkulm",1.00,yes,yes,birnstiel,3
BZImmobilier Sàrl,Valangin,NE,HIGH,,CHE-246.742.886,BZImmobilier Sàrl,Sàrl,"c/o Davina Burelli
Rue de l'Epervier 15",2053,Cernier,NE,"c/o Davina Burelli
Rue de l'Epervier 15, 2053 Cernier",1.00,yes,,bzimmobilier,1
C-Service Promotions Sàrl,Monthey,VD,MEDIUM,,CHE-103.896.339,Bau & Promotions AG,SA,Färberstrasse 24,8832,Wollerau,SZ,"Färberstrasse 24, 8832 Wollerau",0.67,,,promotions,60
C.Schneider Immobilien,Olten,SO,MEDIUM,,CHE-107.108.142,Schneider Gruppe Immobilien AG,SA,Hauptstrasse 219,5044,Schlossrued,AG,"Hauptstrasse 219, 5044 Schlossrued",0.67,,,schneider,60
Caisse de pensions Migros,Ecublens,VD,MEDIUM,,CHE-114.683.256,Caisse de pensions du Groupe Eldora,fond,Zone artisanale La Pièce 4,1180,Rolle,VD,"Zone artisanale La Pièce 4, 1180 Rolle",0.67,yes,,pensions,60
Caius Estates AG,Zürich,ZH,LOW,,CHE-109.902.027,Euro Estates GmbH,Sàrl,Räffelstrasse 10,8045,Zürich,ZH,"Räffelstrasse 10, 8045 Zürich",0.50,yes,yes,estates,60
Cale Immobilien GmbH,Sissach,BL,NONE,,CHE-100.516.250,Assemblea Spirituale Locale dei Bahà'i di Lugano,assoc,"c/o Giuseppe Valenti
Via Serafino Balestra 39",6900,Lugano,TI,"c/o Giuseppe Valenti
Via Serafino Balestra 39, 6900 Lugano",0.00,,,cale,60
Cale Immobilien Standort Basel,Basel,BS,NONE,,CHE-113.058.765,Standort Promotion in Obwalden,assoc,Dorfplatz 1,6060,Sarnen,OW,"Dorfplatz 1, 6060 Sarnen",0.33,,,standort,23
Capifid Immobiliare SA,Chiasso,TI,HIGH,yes,CHE-102.132.529,Capifid Holding SA,SA,"c/o Capifid SA
Via Bossi 50",6830,Chiasso,TI,"c/o Capifid SA
Via Bossi 50, 6830 Chiasso",1.00,yes,yes,capifid,7
CARANCI IMMOBILIEN,Mellingen,AG,HIGH,,CHE-350.880.960,Caranci Immobilien,0101,Im Geerig 71,5507,Mellingen,AG,"Im Geerig 71, 5507 Mellingen",1.00,yes,yes,caranci,3
CARE Immobilien GmbH,Stadel b. Niederglatt,ZH,MEDIUM,,CHE-103.069.750,CARE Handwerk AG,SA,Zürcherstrasse 25,8174,Stadel b. Niederglatt,ZH,"Zürcherstrasse 25, 8174 Stadel b. Niederglatt",0.67,yes,yes,care,60
Casa e Vita AG,Biel/Bienne,BE,MEDIUM,,CHE-103.339.211,Casa AG,SA,Gotthelfstr. 9,4054,Basel,BS,"Gotthelfstr. 9, 4054 Basel",0.67,,,casa,60
Casa Vera Immobilien GmbH,Solothurn,,MEDIUM,,CHE-103.339.211,Casa AG,SA,Gotthelfstr. 9,4054,Basel,BS,"Gotthelfstr. 9, 4054 Basel",0.67,,,casa,60
Casareo AG,Bösingen,BE,HIGH,,CHE-276.301.529,Casareo AG,SA,Uttewil 813,3178,Bösingen,FR,"Uttewil 813, 3178 Bösingen",1.00,,yes,casareo,1
Case Bertolotti Immobiliare GmbH,Ascona,TI,HIGH,,CHE-195.404.773,Case Bertolotti Immobiliare Sagl,Sàrl,Via Bartolomeo Rusca 2,6600,Locarno,TI,"Via Bartolomeo Rusca 2, 6600 Locarno",1.00,yes,,bertolotti,2
Catena Realty GmbH,Zürich,ZH,HIGH,,CHE-409.589.630,Catena Realty GmbH,Sàrl,Spiserstrasse 6d,8047,Zürich,ZH,"Spiserstrasse 6d, 8047 Zürich",1.00,yes,yes,catena,27
Cathrein Immobilien AG,Rüti ZH,ZH,HIGH,,CHE-114.029.944,Cathrein Immobilien AG,SA,Dorfstrasse 2,8630,Rüti ZH,ZH,"Dorfstrasse 2, 8630 Rüti ZH",1.00,yes,yes,cathrein,6
CAU IMMO,Neuchâtel,NE,NONE,,CHE-106.524.443,Pécaut Entreprise Technique S.A.,SA,rue du Puits-Godet 10,2000,Neuchâtel,NE,"rue du Puits-Godet 10, 2000 Neuchâtel",0.00,yes,yes,cau,60
Cayden Immobiler,Chêne-Bougeries,GE,NONE,,CHE-468.473.974,M&R conseils projets immobilers SA,succursale,Rue de Chantepoulet 25,1201,Genève,GE,"Rue de Chantepoulet 25, 1201 Genève",0.00,yes,,immobiler,1
CBRE,Basel,BS,HIGH,yes,CHE-106.059.044,CBRE (Zürich) AG,SA,Bärengasse 29,8001,Zürich,ZH,"Bärengasse 29, 8001 Zürich",1.00,,,cbre,9
CBRE (Schweiz),Basel,BS,HIGH,yes,CHE-106.059.044,CBRE (Zürich) AG,SA,Bärengasse 29,8001,Zürich,ZH,"Bärengasse 29, 8001 Zürich",1.00,,,cbre,9
CBRE (Zürich) AG,Zürich,ZH,HIGH,yes,CHE-106.059.044,CBRE (Zürich) AG,SA,Bärengasse 29,8001,Zürich,ZH,"Bärengasse 29, 8001 Zürich",1.00,yes,yes,cbre,9
CBRE Genève,Genève,GE,HIGH,yes,CHE-106.059.044,CBRE (Zürich) AG,SA,Bärengasse 29,8001,Zürich,ZH,"Bärengasse 29, 8001 Zürich",1.00,,,cbre,9
CBRE Lausanne,Lausanne,VD,HIGH,yes,CHE-106.059.044,CBRE (Zürich) AG,SA,Bärengasse 29,8001,Zürich,ZH,"Bärengasse 29, 8001 Zürich",1.00,,,cbre,9
CBRE Switzerland,Basel,BS,LOW,,CHE-103.943.134,Retail Marketing Switzerland AG,SA,Thiersteinerallee 12,4053,Basel,BS,"Thiersteinerallee 12, 4053 Basel",0.40,yes,yes,switzerland,60
Cedrico SA,Morges,VD,HIGH,,CHE-105.763.005,Cedrico SA,SA,Avenue du Léman 20,1025,St-Sulpice VD,VD,"Avenue du Léman 20, 1025 St-Sulpice VD",1.00,yes,,cedrico,1
Center Management,Wallisellen,ZH,LOW,,CHE-103.050.414,AWS Management AG,SA,Dorfstrasse 33,8155,Niederhasli,ZH,"Dorfstrasse 33, 8155 Niederhasli",0.50,yes,,management,60
Centre Saint Roch - Yverdon-les-Bains SA,Yverdon-les-Bains,VD,NONE,,CHE-100.172.340,Centre Equestre Lausannois SA,SA,Route de Berne 304,1000,Lausanne 25,VD,"Route de Berne 304, 1000 Lausanne 25",0.25,yes,,centre,60
Cerfeda Immobilien AG,Winterthur,ZH,HIGH,yes,CHE-289.611.778,CERFEDA IMMOBILIEN AG,SA,Turmhaldenstrasse 6,8400,Winterthur,ZH,"Turmhaldenstrasse 6, 8400 Winterthur",1.00,yes,yes,cerfeda,6
Certimo AG - Zürcher Unterland,Steinmaur,ZH,HIGH,,CHE-112.877.536,Certimo AG - Zürcher Unterland,SA,Gewerbestrasse 7,8162,Steinmaur,ZH,"Gewerbestrasse 7, 8162 Steinmaur",1.00,yes,yes,unterland,27
Certimo AG - Zürich,Zürich,ZH,HIGH,,CHE-104.933.032,Certimo AG - Zürich,SA,Stampfenbachstrasse 57,8006,Zürich,ZH,"Stampfenbachstrasse 57, 8006 Zürich",1.00,yes,yes,certimo,2
CGV Immobilier,Vouvry,VD,LOW,,CHE-267.943.427,"CGV, CADUFF GLOBAL VENTURES",0101,Grüngasse 21,8004,Zürich,ZH,"Grüngasse 21, 8004 Zürich",0.40,,,cgv,2
Cham Immobilien AG,Cham,ZG,NONE,,,,,,,,,,,,,,0
Charlaine,Sugiez,FR,NONE,,,,,,,,,,,,,charlaine,0
Charlaine Naudet,Bôle,NE,NONE,,,,,,,,,,,,,charlaine,0
CHIRICO Immobilien-Dienstleistungen GmbH,Grenchen,BE,LOW,,CHE-105.829.176,Schmid AG Dienstleistungen und Immobilien,SA,Hopfenweg 10,3007,Bern,BE,"Hopfenweg 10, 3007 Bern",0.50,yes,,dienstleistungen,60
CHIRICO Immobilien-Dienstleistungen GmbH — Alessandra Jovanovic,Grenchen,BE,NONE,,CHE-105.829.176,Schmid AG Dienstleistungen und Immobilien,SA,Hopfenweg 10,3007,Bern,BE,"Hopfenweg 10, 3007 Bern",0.33,yes,,dienstleistungen,60
Chreisel AG,Wallisellen,ZH,HIGH,,CHE-334.004.440,Chreisel AG,SA,Opfikonerstrasse 1,8304,Wallisellen,ZH,"Opfikonerstrasse 1, 8304 Wallisellen",1.00,yes,yes,chreisel,2
Chüestall Blausee AG,Riederalp,VS,HIGH,,CHE-114.929.322,Chüestall Blausee AG,SA,"c/o Alpgeteilschaft Greicheralp, Mathias Lorenz
Briggerstrasse 26",3987,Riederalp,VS,"c/o Alpgeteilschaft Greicheralp, Mathias Lorenz
Briggerstrasse 26, 3987 Riederalp",1.00,yes,yes,chüestall,2
Chur,Chur,GR,NONE,,,,,,,,,,,,,,0
Circum Real Estate AG,Basel,BS,HIGH,yes,CHE-183.189.349,Circum Real Estate AG,SA,Sandgrubenstrasse 44,4058,Basel,BS,"Sandgrubenstrasse 44, 4058 Basel",1.00,yes,yes,circum,8
City Residence GmbH,Zürich,ZH,HIGH,,CHE-100.657.293,City Residence GmbH,Sàrl,Neptunstrasse 14,8032,Zürich,ZH,"Neptunstrasse 14, 8032 Zürich",1.00,yes,yes,residence,60
City Stay AG,Zürich,ZH,LOW,,CHE-109.024.668,City-Immobilien und Verwaltungs AG,SA,Nürenbergstrasse 25,8037,Zürich,ZH,"Nürenbergstrasse 25, 8037 Zürich",0.50,yes,yes,city,60
CITY STAY Management GmbH,Zürich,ZH,LOW,,CHE-101.489.207,Disco-Management AG,SA,Beatengasse 11,8001,Zürich,ZH,"Beatengasse 11, 8001 Zürich",0.40,yes,yes,management,60
Cityflats by Serwiss,Luzern,LU,NONE,,,,,,,,,,,,,cityflats,0
Claras Immobilien AG,Kloten,ZH,HIGH,,CHE-105.952.173,Claras Immobilien AG,SA,Steinackerstrasse 29,8302,Kloten,ZH,"Steinackerstrasse 29, 8302 Kloten",1.00,yes,yes,claras,3
Claridenhof AG,Zürich,ZH,HIGH,,CHE-105.935.252,Claridenhof AG,SA,Gotthardstrasse 6,8002,Zürich,ZH,"Gotthardstrasse 6, 8002 Zürich",1.00,yes,yes,claridenhof,2
Co-Living Zürich Pincome GmbH,Zürich,ZH,MEDIUM,,CHE-191.856.610,Pincome GmbH,Sàrl,Zähringerstrasse 39,8001,Zürich,ZH,"Zähringerstrasse 39, 8001 Zürich",0.67,yes,yes,pincome,1
Cofimo & Co SA,Montreux,VD,HIGH,,CHE-383.313.165,Cofimo & Co SA,SA,Avenue des Alpes 3,1820,Montreux,VD,"Avenue des Alpes 3, 1820 Montreux",1.00,yes,yes,cofimo,2
COGERIM,Châtelaine,GE,HIGH,,CHE-106.016.129,COGERIM Société Coopérative de Gérance Immobilière,coop,avenue de Châtelaine 81 B,1219,Châtelaine,GE,"avenue de Châtelaine 81 B, 1219 Châtelaine",1.00,yes,yes,cogerim,1
COGERIM Société Coopérative de Gérance Immobilière,Châtelaine,GE,HIGH,,CHE-106.016.129,COGERIM Société Coopérative de Gérance Immobilière,coop,avenue de Châtelaine 81 B,1219,Châtelaine,GE,"avenue de Châtelaine 81 B, 1219 Châtelaine",1.00,yes,yes,cogerim,1
Coldwell Banker Swiss Riviera,Montreux,VD,LOW,,CHE-291.876.240,Messrs. Coldwell & Banker Real Estate Switzerland AG,SA,Guggiweg 3,6300,Zug,ZG,"Guggiweg 3, 6300 Zug",0.57,,,coldwell,2
Colin Knutti,Zürich,ZH,LOW,,CHE-409.323.629,Michlig Knutti Partner AG,SA,Seidengasse 15,8001,Zürich,ZH,"Seidengasse 15, 8001 Zürich",0.50,yes,yes,knutti,29
Colliers Switzerland AG,Zollikon,ZH,LOW,,CHE-223.656.922,AGFS Switzerland GmbH,Sàrl,"c/o Markus Aeschbacher, Bratschi AG
Bahnhofstrasse 70",8001,Zürich,ZH,"c/o Markus Aeschbacher, Bratschi AG
Bahnhofstrasse 70, 8001 Zürich",0.50,yes,,switzerland,60
Collofunda AG,Zürich,ZH,HIGH,,CHE-102.359.501,Collofunda AG,SA,Rämistrasse 7,8001,Zürich,ZH,"Rämistrasse 7, 8001 Zürich",1.00,yes,yes,collofunda,1
coming home GmbH,Glis,VS,HIGH,yes,CHE-178.079.761,coming home GmbH,Sàrl,Weidenweg 225,3902,Glis,VS,"Weidenweg 225, 3902 Glis",1.00,yes,yes,coming,14
Comptoir Immobilier Furer SA ? Vevey,Vevey,VD,LOW,,CHE-100.563.551,Société coopérative du Comptoir de Payerne,coop,"c/o Jacques Henchoz
Impasse du Creux du Van 6",1530,Payerne,VD,"c/o Jacques Henchoz
Impasse du Creux du Van 6, 1530 Payerne",0.40,yes,,comptoir,60
Comptoir Immobilier SA,Genève,GE,HIGH,yes,CHE-105.855.268,COMPTOIR IMMOBILIER SA,SA,Cours de Rive 7,1204,Genève,GE,"Cours de Rive 7, 1204 Genève",1.00,yes,yes,comptoir,60
Comte Immobilier,Bassecourt,JU,MEDIUM,,CHE-113.965.887,Philippe Comte,0101,Route Principale 16,2935,Beurnevésin,JU,"Route Principale 16, 2935 Beurnevésin",0.67,yes,,comte,60
Comte Immobilier Sàrl,Bassecourt,JU,MEDIUM,,CHE-113.965.887,Philippe Comte,0101,Route Principale 16,2935,Beurnevésin,JU,"Route Principale 16, 2935 Beurnevésin",0.67,yes,,comte,60
Concento Immobilien GmbH,Winterthur,ZH,HIGH,,CHE-230.770.954,Concento Immobilien GmbH,Sàrl,Stadthausstrasse 14,8400,Winterthur,ZH,"Stadthausstrasse 14, 8400 Winterthur",1.00,yes,yes,concento,1
Confimo AG,Basel,BS,HIGH,,CHE-110.348.416,Confimo AG,SA,Dornacherstrasse 279,4053,Basel,BS,"Dornacherstrasse 279, 4053 Basel",1.00,yes,yes,confimo,1
Conrad + Magnin AG,Chur,GR,HIGH,,CHE-114.714.649,Conrad + Magnin AG,SA,Albulastrasse 37,7000,Chur,GR,"Albulastrasse 37, 7000 Chur",1.00,yes,yes,conrad,60
Cornelia Aschwanden-Bucher,Isenthal,SZ,LOW,,CHE-188.854.289,Aschwanden GmbH,Sàrl,Schweigwiesstrasse 5,8835,Feusisberg,SZ,"Schweigwiesstrasse 5, 8835 Feusisberg",0.50,yes,,aschwanden,57
Corti Felger Trust GmbH,Bäch SZ,ZH,HIGH,,CHE-108.642.378,Corti Felger Trust GmbH,Sàrl,Seestrasse 69,8806,Bäch SZ,SZ,"Seestrasse 69, 8806 Bäch SZ",1.00,,yes,felger,9
Cosmopolitan Apartments AG,Freienbach,ZH,HIGH,,CHE-206.614.561,Cosmopolitan Apartments AG,SA,Kantonsstrasse 157,8807,Freienbach,SZ,"Kantonsstrasse 157, 8807 Freienbach",1.00,,yes,cosmopolitan,6
Costa Immobilien AG,Pontresina,GR,MEDIUM,,CHE-108.248.001,Costa Haustechnik GmbH,Sàrl,Via Maistra 62,7505,Celerina/Schlarigna,GR,"Via Maistra 62, 7505 Celerina/Schlarigna",0.67,yes,,costa,60
Cosy Host,,,MEDIUM,,CHE-449.989.131,Immo Cosy GmbH,Sàrl,"c/o Kurt Bearth
Grossacherstrasse 2",8634,Hombrechtikon,ZH,"c/o Kurt Bearth
Grossacherstrasse 2, 8634 Hombrechtikon",0.67,,,cosy,60
CRC Immobilien Wyss,Aesch BL,BL,MEDIUM,,CHE-100.168.628,Wyss Holding AG,SA,"c/o Hansrudolf Wyss
Museumstrasse 23",5200,Brugg AG,AG,"c/o Hansrudolf Wyss
Museumstrasse 23, 5200 Brugg AG",0.67,,,wyss,60
Crownhouse Immobilienagentur GmbH,Wangen ZH,ZH,HIGH,,CHE-308.927.942,Crownhouse Immobilienagentur GmbH,Sàrl,Hegnaustrasse 60,8602,Wangen b. Dübendorf,ZH,"Hegnaustrasse 60, 8602 Wangen b. Dübendorf",1.00,yes,,immobilienagentur,3
CSL Immobilien AG,Zürich,ZH,HIGH,yes,CHE-116.056.685,CSL Immobilien AG,SA,Schärenmoosstrasse 77,8052,Zürich,ZH,"Schärenmoosstrasse 77, 8052 Zürich",1.00,yes,yes,csl,19
CSS Kranken-Versicherung AG,Luzern,LU,NONE,,CHE-105.848.736,Orion Rechtsschutz-Versicherung AG,SA,Aeschenvorstadt 50,4051,Basel,BS,"Aeschenvorstadt 50, 4051 Basel",0.33,,,versicherung,60
Curtet Immobilier Sàrl,Yverdon-les-Bains,VD,HIGH,,CHE-377.064.640,Curtet Immobilier Sàrl,Sàrl,Rue de la Plaine 34,1400,Yverdon-les-Bains,VD,"Rue de la Plaine 34, 1400 Yverdon-les-Bains",1.00,yes,yes,curtet,3
d + r immobilien ag,Zufikon,AG,NONE,,,,,,,,,,,,,,0
D&D Gérance Sàrl,Neuchâtel,NE,NONE,,,,,,,,,,,,,,0
dasolymp AG,Niederbipp,BL,HIGH,,CHE-176.303.574,dasolymp AG,SA,Tulpenweg 2,6060,Sarnen,OW,"Tulpenweg 2, 6060 Sarnen",1.00,,,dasolymp,1
de — de Rham SA,Lausanne,VD,HIGH,yes,CHE-107.969.871,de Rham SA,SA,Avenue Mon-Repos 14,1005,Lausanne,VD,"Avenue Mon-Repos 14, 1005 Lausanne",1.00,yes,yes,rham,34
de — SA,Lausanne,VD,NONE,,,,,,,,,,,,,,0
de Rham SA,Lausanne,VD,HIGH,yes,CHE-107.969.871,de Rham SA,SA,Avenue Mon-Repos 14,1005,Lausanne,VD,"Avenue Mon-Repos 14, 1005 Lausanne",1.00,yes,yes,rham,34
de Rham SA — de Rham SA,Lausanne,VD,HIGH,yes,CHE-107.969.871,de Rham SA,SA,Avenue Mon-Repos 14,1005,Lausanne,VD,"Avenue Mon-Repos 14, 1005 Lausanne",1.00,yes,yes,rham,34
de Rham SA — Jessica Gabbani,Lausanne,VD,LOW,,CHE-115.589.513,Scialletti Jessica,0101,Route de Prilly 5,1004,Lausanne,VD,"Route de Prilly 5, 1004 Lausanne",0.40,yes,yes,jessica,60
de Rham SA — SA,Lausanne,VD,HIGH,yes,CHE-107.969.871,de Rham SA,SA,Avenue Mon-Repos 14,1005,Lausanne,VD,"Avenue Mon-Repos 14, 1005 Lausanne",1.00,yes,yes,rham,34
Deck AG,Basel,BS,HIGH,,CHE-102.651.108,Deck AG,SA,Aeschenvorstadt 25,4051,Basel,BS,"Aeschenvorstadt 25, 4051 Basel",1.00,yes,yes,deck,60
DEFLORIN AG,Felsberg,GR,HIGH,yes,CHE-221.978.533,DEFLORIN AG,SA,Rheinstrasse 63a,7012,Felsberg,GR,"Rheinstrasse 63a, 7012 Felsberg",1.00,yes,yes,deflorin,12
DELTA Immobilien,Seftigen,BE,HIGH,yes,CHE-100.541.041,Delta Treuhand AG,SA,"c/o Ruben Dellers
Alpenstrasse 9",3073,Gümligen,BE,"c/o Ruben Dellers
Alpenstrasse 9, 3073 Gümligen",1.00,yes,,delta,60
Densa Immobilien AG,Basel,BS,HIGH,yes,CHE-102.655.023,Densa Immobilien AG,SA,Schäferweg 16,4057,Basel,BS,"Schäferweg 16, 4057 Basel",1.00,yes,yes,densa,15
Desiree Gungon,Zürich,ZH,NONE,,CHE-230.522.563,FUTURE LEAD Dr. Desiree Anja Jäger,0101,Heinrichstrasse 141,8005,Zürich,ZH,"Heinrichstrasse 141, 8005 Zürich",0.25,yes,yes,desiree,5
Dezage Sàrl,Pully,VD,HIGH,,CHE-330.989.660,Dezage Sàrl,Sàrl,Chemin du Pré de la Tour 7,1009,Pully,VD,"Chemin du Pré de la Tour 7, 1009 Pully",1.00,yes,yes,dezage,1
Diatimis Sàrl,St-Blaise,NE,HIGH,,CHE-392.125.496,Diatimis Sàrl,Sàrl,rue de la Musinière 15,2072,St-Blaise,NE,"rue de la Musinière 15, 2072 St-Blaise",1.00,yes,yes,diatimis,1
Die Immobilien-Treuhänder — Straub & Partner AG,Lenzburg 1,AG,HIGH,,CHE-107.721.696,Die Immobilien-Treuhänder Straub & Partner AG,SA,Schafisheimerstrasse 14,5603,Staufen,AG,"Schafisheimerstrasse 14, 5603 Staufen",1.00,yes,,treuhänder,22
dietsche greber gmbh,Magden,AG,HIGH,,CHE-314.895.411,dietsche greber gmbh,Sàrl,Burgunderstrasse 18,4410,Liestal,BL,"Burgunderstrasse 18, 4410 Liestal",1.00,,,dietsche,38
DO NOT DEACTIVATE! WeeGee Account: Swiss Markteplace Group AG,Zürich,ZH,NONE,,,,,,,,,,,,,markteplace,0
Dolder Liegenschaften AG,Zürich,ZH,LOW,,CHE-101.513.780,Bellevue-Liegenschaften AG,SA,"c/o MZP AG
Mittelstrasse 14",8008,Zürich,ZH,"c/o MZP AG
Mittelstrasse 14, 8008 Zürich",0.50,yes,yes,liegenschaften,60
Domänenverwaltung,Bern,BE,NONE,,,,,,,,,,,,,domänenverwaltung,0
Domänenverwaltung - Burgergemeinde Bern,Bern,BE,NONE,,,,,,,,,,,,,domänenverwaltung,0
Domum,Dübendorf,ZH,HIGH,yes,CHE-222.664.652,Domum GmbH,Sàrl,Bergstrasse 177,8707,Uetikon am See,ZH,"Bergstrasse 177, 8707 Uetikon am See",1.00,yes,,domum,10
Domus Immobilier,Porrentruy,JU,HIGH,yes,CHE-101.273.529,Domus AG,SA,St.Jakobs-Str. 11,4052,Basel,BS,"St.Jakobs-Str. 11, 4052 Basel",1.00,,,domus,60
Domus Realty Sagl,Paradiso,TI,HIGH,,CHE-337.664.673,DOMUS REALTY SAGL,Sàrl,Via San Salvatore 7,6900,Paradiso,TI,"Via San Salvatore 7, 6900 Paradiso",1.00,yes,yes,realty,60
Domusdea Immobiliare,Locarno,TI,HIGH,,CHE-106.829.658,Domusdea SA,SA,Viale Giovacchino Respini 10,6600,Locarno,TI,"Viale Giovacchino Respini 10, 6600 Locarno",1.00,yes,yes,domusdea,1
Domusdea SA,Locarno,TI,HIGH,,CHE-106.829.658,Domusdea SA,SA,Viale Giovacchino Respini 10,6600,Locarno,TI,"Viale Giovacchino Respini 10, 6600 Locarno",1.00,yes,yes,domusdea,1
DORIS HÖRLER,St. Gallen,SG,MEDIUM,,CHE-107.131.460,Hörler AG,SA,Bildstrasse 5,9015,St. Gallen,SG,"Bildstrasse 5, 9015 St. Gallen",0.67,yes,yes,hörler,41
DORMEN AG,Ebikon,LU,MEDIUM,,CHE-104.129.981,Jugendheim Dormen,fond,Herrenwaldweg 17,6048,Horw,LU,"Herrenwaldweg 17, 6048 Horw",0.67,yes,,dormen,2
Dr. Kenig Liegenschaften GmbH,Zürich,ZH,LOW,,CHE-101.513.780,Bellevue-Liegenschaften AG,SA,"c/o MZP AG
Mittelstrasse 14",8008,Zürich,ZH,"c/o MZP AG
Mittelstrasse 14, 8008 Zürich",0.40,yes,yes,liegenschaften,60
Dr. Schefer & Partner,,,MEDIUM,,CHE-113.271.394,Dr. Schefer & Cie AG,SA,"c/o Pius M. Huber, Huber & Partner, Rechtsanwälte
Baarerstrasse 34",6300,Zug,ZG,"c/o Pius M. Huber, Huber & Partner, Rechtsanwälte
Baarerstrasse 34, 6300 Zug",0.80,,,schefer,46
Dr.Meyer Immobilien AG,Bern,BE,HIGH,,CHE-108.133.958,Dr.Meyer Treuhand AG,SA,Morgenstrasse 83A,3018,Bern,BE,"Morgenstrasse 83A, 3018 Bern",1.00,yes,yes,meyer,60
Dreieck Immobiliare SA,Lugano,TI,HIGH,yes,CHE-113.761.907,Dreieck Immobiliare SA,SA,Via Cantonale 19,6900,Lugano,TI,"Via Cantonale 19, 6900 Lugano",1.00,yes,yes,dreieck,13
DSC Immobilien AG,Bern,BE,NONE,,CHE-100.025.874,Bindschedler AG,SA,"c/o Rom Treuhand AG
Museumstrasse 10",3005,Bern,BE,"c/o Rom Treuhand AG
Museumstrasse 10, 3005 Bern",0.00,yes,yes,dsc,60
Dupertuis,,,MEDIUM,,CHE-113.846.194,Imprimerie Dupertuis Sàrl,Sàrl,Chemin de la Planchette 1,1860,Aigle,VD,"Chemin de la Planchette 1, 1860 Aigle",0.67,,,dupertuis,15
DYNACTIF SA,Neuchâtel,NE,HIGH,,CHE-293.275.666,Dynactif SA,SA,rue du Musée 6,2000,Neuchâtel,NE,"rue du Musée 6, 2000 Neuchâtel",1.00,yes,yes,dynactif,1
E & P Liegemschaften AG,Zofingen,BL,NONE,,,,,,,,,,,,,liegemschaften,0
e-support services ag,Muri b. Bern,BE,MEDIUM,,CHE-105.021.369,Netline Support GmbH,Sàrl,Beaulieustrasse 15,3012,Bern,BE,"Beaulieustrasse 15, 3012 Bern",0.67,yes,yes,support,60
E. Beck Verwaltung,,,HIGH,,CHE-100.363.383,Beck & Co. AG,SA,"c/o Rotmonten Treuhand AG
Schuppisstrasse 8",9016,St. Gallen,SG,"c/o Rotmonten Treuhand AG
Schuppisstrasse 8, 9016 St. Gallen",1.00,,,beck,60
E+S Verwaltungen GmbH,Zürich,ZH,NONE,,,,,,,,,,,,,,0
Easy Estates,Wallisellen,ZH,MEDIUM,,CHE-106.916.783,Zug Estates AG,SA,Baarerstrasse 18,6300,Zug,ZG,"Baarerstrasse 18, 6300 Zug",0.67,,,estates,60
Easy Property GmbH,Bern,BE,LOW,,CHE-102.756.641,Rajka Property AG,SA,"c/o Notariat Philipp Lüdy
Waisenhausplatz 14",3011,Bern,BE,"c/o Notariat Philipp Lüdy
Waisenhausplatz 14, 3011 Bern",0.50,yes,yes,property,60
Easyhomes Immobilien AG,Flamatt,BE,HIGH,,CHE-472.601.956,Easyhomes Immobilien AG,SA,Neueneggstrasse 4,3175,Flamatt,FR,"Neueneggstrasse 4, 3175 Flamatt",1.00,,yes,easyhomes,1
Ebuyhouse sagl,Paradiso,TI,HIGH,,CHE-420.073.429,Ebuyhouse Sagl,Sàrl,Riva Paradiso 4,6900,Paradiso,TI,"Riva Paradiso 4, 6900 Paradiso",1.00,yes,yes,ebuyhouse,1
Eckstein Planung + Bau GmbH,Männedorf,ZH,HIGH,,CHE-197.777.759,Eckstein Planung + Bau GmbH,Sàrl,Brüschstrasse 92,8708,Männedorf,ZH,"Brüschstrasse 92, 8708 Männedorf",1.00,yes,yes,eckstein,16
Ecoimmobilia AG,Winterthur,ZH,HIGH,,CHE-114.595.563,Ecoimmobilia AG,SA,Turmhaldenstrasse 6,8400,Winterthur,ZH,"Turmhaldenstrasse 6, 8400 Winterthur",1.00,yes,yes,ecoimmobilia,1
ED PROPERTIES Sàrl,Genève,GE,LOW,,CHE-100.363.638,P. Properties SA,SA,Route de Chêne 61 A,1208,Genève,GE,"Route de Chêne 61 A, 1208 Genève",0.50,yes,yes,properties,60
Ehemalige Mitarbeiter,Glattpark(Opfikon),ZH,LOW,,CHE-105.815.168,Buser + Mitarbeiter Immobilien AG,SA,Hauptstrasse 58,4417,Ziefen,BL,"Hauptstrasse 58, 4417 Ziefen",0.50,,,mitarbeiter,20
Ehrler & Partner AG,Zürich,ZH,HIGH,yes,CHE-105.627.218,Ehrler & Partner AG,SA,Vogelsangstrasse 48,8006,Zürich,ZH,"Vogelsangstrasse 48, 8006 Zürich",1.00,yes,yes,ehrler,39
Eiche Immobilien GmbH,Magden,AG,MEDIUM,,CHE-103.391.884,Wohnbaugenossenschaft Eiche,coop,"c/o Erik Rösler
Schwerzgrubstrasse 13",8903,Birmensdorf ZH,ZH,"c/o Erik Rösler
Schwerzgrubstrasse 13, 8903 Birmensdorf ZH",0.67,,,eiche,60
Eigenheim Schweiz GmbH,Uster,ZH,HIGH,yes,CHE-113.766.218,Eigenheim Schweiz GmbH,Sàrl,Poststrasse 6,8610,Uster,ZH,"Poststrasse 6, 8610 Uster",1.00,yes,yes,eigenheim,16
Einfache Gesellschaft Himmelrichstrasse,Meggen,LU,NONE,,,,,,,,,,,,,himmelrichstrasse,0
Eisenegger Immobilien & Treuhand AG,Regensdorf,ZH,HIGH,,CHE-150.492.077,Eisenegger Immobilien & Treuhand AG,SA,Althardstrasse 46,8105,Regensdorf,ZH,"Althardstrasse 46, 8105 Regensdorf",1.00,yes,yes,eisenegger,16
ELINDO Immobilien GmbH,Zug,ZG,HIGH,,CHE-299.977.672,Elindo Immobilien GmbH,Sàrl,Baarerstrasse 52,6300,Zug,ZG,"Baarerstrasse 52, 6300 Zug",1.00,yes,yes,elindo,1
Elliscasis Immobilien GmbH,Zürich,ZH,HIGH,,CHE-104.510.393,Elliscasis Immobilien GmbH,Sàrl,Schlossbachstrasse 2,8620,Wetzikon ZH,ZH,"Schlossbachstrasse 2, 8620 Wetzikon ZH",1.00,yes,,elliscasis,1
Elron Club AG,Luzern,LU,HIGH,,CHE-222.173.578,Elron Club AG,SA,Tribschenstrasse 62a,6005,Luzern,LU,"Tribschenstrasse 62a, 6005 Luzern",1.00,yes,yes,elron,12
Elron Immobilien AG,Muri b. Bern,BE,HIGH,yes,CHE-114.502.780,Elron Immobilien AG,SA,Schützenstrasse 3,4532,Feldbrunnen,SO,"Schützenstrasse 3, 4532 Feldbrunnen",1.00,,,elron,12
Emanuel Immobilien,Meggen,LU,HIGH,,CHE-115.132.349,Emanuel GmbH,Sàrl,Industriestrasse 57,8152,Glattbrugg,ZH,"Industriestrasse 57, 8152 Glattbrugg",1.00,,,emanuel,60
EMANUEL Immobilien AG,Meggen,LU,HIGH,,CHE-115.132.349,Emanuel GmbH,Sàrl,Industriestrasse 57,8152,Glattbrugg,ZH,"Industriestrasse 57, 8152 Glattbrugg",1.00,,,emanuel,60
Emmenegger & Züllig GmbH,Olten,SO,LOW,,CHE-102.030.656,Emmenegger Fides AG,SA,Leberngasse 9,4600,Olten,SO,"Leberngasse 9, 4600 Olten",0.50,yes,yes,emmenegger,60
EMPERIO AG,Geroldswil,ZH,HIGH,,CHE-161.377.121,emperio AG,SA,Poststrasse 1,8954,Geroldswil,ZH,"Poststrasse 1, 8954 Geroldswil",1.00,yes,yes,emperio,2
Engel & Völkers Arlesheim,Arlesheim,BL,MEDIUM,,CHE-258.082.387,Engel & Völkers Holding AG,SA,Poststrasse 26,6300,Zug,ZG,"Poststrasse 26, 6300 Zug",0.80,,,völkers,4
Engel & Völkers Ascona,Ascona,TI,MEDIUM,,CHE-258.082.387,Engel & Völkers Holding AG,SA,Poststrasse 26,6300,Zug,ZG,"Poststrasse 26, 6300 Zug",0.80,,,völkers,4
Engel & Völkers Basel,Basel,BS,HIGH,yes,CHE-258.082.387,Engel & Völkers Holding AG,SA,Poststrasse 26,6300,Zug,ZG,"Poststrasse 26, 6300 Zug",1.00,,,völkers,4
Engel & Völkers Basel-City,Basel,BS,MEDIUM,,CHE-258.082.387,Engel & Völkers Holding AG,SA,Poststrasse 26,6300,Zug,ZG,"Poststrasse 26, 6300 Zug",0.80,,,völkers,4
Engel & Völkers Liestal,Liestal,BL,MEDIUM,,CHE-258.082.387,Engel & Völkers Holding AG,SA,Poststrasse 26,6300,Zug,ZG,"Poststrasse 26, 6300 Zug",0.80,,,völkers,4
Engel & Völkers Lugano,Lugano,TI,HIGH,yes,CHE-258.082.387,Engel & Völkers Holding AG,SA,Poststrasse 26,6300,Zug,ZG,"Poststrasse 26, 6300 Zug",1.00,,,völkers,4
ENGEL & VÖLKERS RESIDENTIAL | FRAUENFELD,Frauenfeld,TG,LOW,,CHE-114.285.499,Swiss Residential Sàrl,Sàrl,Chemin de l'Ecouralaz 45,1801,Le Mont-Pèlerin,VD,"Chemin de l'Ecouralaz 45, 1801 Le Mont-Pèlerin",0.40,,,residential,33
Engel & Völkers Schweiz Invest AG,Zug,ZG,HIGH,yes,CHE-374.251.571,Engel&Völkers Schweiz Invest AG,succursale,Zugerstrasse 77,6340,Baar,ZG,"Zugerstrasse 77, 6340 Baar",1.00,yes,,völkers,4
Engel & Völkers Zürichsee Freienbach,Pfäffikon SZ,ZH,NONE,,CHE-376.249.817,Freienbach Gastro GmbH,Sàrl,Eichenstrasse 18,8808,Pfäffikon SZ,SZ,"Eichenstrasse 18, 8808 Pfäffikon SZ",0.33,,yes,freienbach,60
entrée Generalunternehmung AG,Steinhausen,ZG,HIGH,,CHE-103.017.411,entrée Generalunternehmung AG,SA,Hinterbergstrasse 49,6312,Steinhausen,ZG,"Hinterbergstrasse 49, 6312 Steinhausen",1.00,yes,yes,entrée,12
"Equans Switzerland Facility Management AG,",St. Gallen,SG,NONE,,CHE-100.156.298,Sigma-Aldrich (Switzerland) Holding AG,SA,Industriestrasse 25,9470,Buchs SG,SG,"Industriestrasse 25, 9470 Buchs SG",0.29,yes,,switzerland,60
Equipe de relocation Ouest,Lausanne 16,VD,LOW,,CHE-150.205.622,Auris Relocation SA,succursale,Chemin de Contigny 3,1007,Lausanne,VD,"Chemin de Contigny 3, 1007 Lausanne",0.40,yes,yes,relocation,60
Equity Real Estate SA,Lugano,TI,HIGH,yes,CHE-288.851.825,Equity Partner SA,SA,"c/o KFB Fiduciaria SA
Viale Stefano Franscini 16",6900,Lugano,TI,"c/o KFB Fiduciaria SA
Viale Stefano Franscini 16, 6900 Lugano",1.00,yes,yes,equity,60
erich thalmann consulting ag,Muri AG,AG,HIGH,,CHE-113.377.532,Thalmann Erich,0101,Le Revers 17,1345,Le Lieu,VD,"Le Revers 17, 1345 Le Lieu",1.00,,,thalmann,60
Erich Weber AG,Bern,BE,HIGH,yes,CHE-100.606.344,Erich Weber AG,SA,Bundesgasse 26,3011,Bern,BE,"Bundesgasse 26, 3011 Bern",1.00,yes,yes,erich,60
Erich Weber AG Immobilien,Bern,BE,HIGH,yes,CHE-100.606.344,Erich Weber AG,SA,Bundesgasse 26,3011,Bern,BE,"Bundesgasse 26, 3011 Bern",1.00,yes,yes,erich,60
Erop Real Estate & Partners AG,Lugano,TI,HIGH,,CHE-214.294.949,EROP REAL ESTATE & PARTNERS AG,SA,Via Emilio Bossi 9,6900,Lugano,TI,"Via Emilio Bossi 9, 6900 Lugano",1.00,yes,yes,erop,60
ESCA Immobilien,Zürich,ZH,NONE,,CHE-109.893.026,Pescatore Architekt GmbH,Sàrl,Jenatschstrasse 5,8002,Zürich,ZH,"Jenatschstrasse 5, 8002 Zürich",0.00,yes,yes,esca,60
Esca Immobilien AG,Zürich,ZH,NONE,,CHE-109.893.026,Pescatore Architekt GmbH,Sàrl,Jenatschstrasse 5,8002,Zürich,ZH,"Jenatschstrasse 5, 8002 Zürich",0.00,yes,yes,esca,60
ESCA VERWALTUNG,Zürich,ZH,NONE,,CHE-109.893.026,Pescatore Architekt GmbH,Sàrl,Jenatschstrasse 5,8002,Zürich,ZH,"Jenatschstrasse 5, 8002 Zürich",0.00,yes,yes,esca,60
Ethic-Immobilier Sàrl,Lausanne,VD,HIGH,yes,CHE-113.171.189,Ethic Sàrl,Sàrl,Rue de la Perreire 14,1635,La Tour-de-Trême,FR,"Rue de la Perreire 14, 1635 La Tour-de-Trême",1.00,,,ethic,60
ETI experts CH AG,,,HIGH,,CHE-114.637.316,ETI experts CH AG,SA,"c/o Adverta Treuhand AG
Quaderstrasse 11",7001,Chur,GR,"c/o Adverta Treuhand AG
Quaderstrasse 11, 7001 Chur",1.00,,,experts,60
Euro Estates GmbH,Zürich,ZH,HIGH,yes,CHE-109.902.027,Euro Estates GmbH,Sàrl,Räffelstrasse 10,8045,Zürich,ZH,"Räffelstrasse 10, 8045 Zürich",1.00,yes,yes,estates,60
Exclusive Homes Gränacher GmbH,Gipf-Oberfrick,AG,HIGH,,CHE-311.658.725,Exclusive Homes Gränacher GmbH,Sàrl,Bleumatthalde 3,5073,Gipf-Oberfrick,AG,"Bleumatthalde 3, 5073 Gipf-Oberfrick",1.00,yes,yes,exclusive,60
Exzellent AG,Thun,BE,HIGH,,CHE-112.866.722,Exzellent AG,SA,Allmendingen-Allee 2,3608,Thun,BE,"Allmendingen-Allee 2, 3608 Thun",1.00,yes,yes,exzellent,1
Eyer Immobilien AG,Glis,VS,NONE,,CHE-102.771.221,Alterssiedlung Greyerzstrasse AG,SA,"c/o Schweiz. Gemeinnütz. Frauenverein Bern
Fischerweg 3",3012,Bern,BE,"c/o Schweiz. Gemeinnütz. Frauenverein Bern
Fischerweg 3, 3012 Bern",0.00,,,eyer,60
F. Brändle Immo AG,St. Gallen,SG,HIGH,,CHE-115.797.980,F. Brändle Immo AG,SA,Goethestrasse 50,9008,St. Gallen,SG,"Goethestrasse 50, 9008 St. Gallen",1.00,yes,yes,brändle,60
F&S immo team GmbH,,,LOW,,CHE-102.607.515,Team-Bau AG,SA,Mellingerstrasse 53,5400,Baden,AG,"Mellingerstrasse 53, 5400 Baden",0.50,,,team,60
FAMBAU Genossenschaft,Bern,BE,MEDIUM,,CHE-302.816.540,Coop Genossenschaft,coop,Thiersteinerallee 12,4053,Basel,BS,"Thiersteinerallee 12, 4053 Basel",0.67,,,genossenschaft,60
Familia Plan SA,Le Mont-sur-Lausanne,VD,HIGH,,CHE-103.538.420,Familia Plan SA,SA,Route de Cugy 104,1052,Mont-sur-Lausanne,VD,"Route de Cugy 104, 1052 Mont-sur-Lausanne",1.00,yes,yes,familia,60
Fehr Immobilien AG,Evilard,BE,HIGH,yes,CHE-114.920.031,Fehr Immobilien AG,SA,"c/o Tobias Fehr
Chemin des Britanières 30",2533,Evilard,BE,"c/o Tobias Fehr
Chemin des Britanières 30, 2533 Evilard",1.00,yes,yes,fehr,60
Felder Immobilientreuhand AG,Zürich,ZH,HIGH,yes,CHE-113.311.817,Felder Immobilientreuhand AG,SA,Badenerstrasse 41,8004,Zürich,ZH,"Badenerstrasse 41, 8004 Zürich",1.00,yes,yes,immobilientreuhand,58
FELLER WYLER BAU AG,Thun,BE,LOW,,CHE-108.035.037,Martin Feller AG,SA,Moosweg 40,3645,Gwatt (Thun),BE,"Moosweg 40, 3645 Gwatt (Thun)",0.50,yes,yes,feller,60
Felsenberg AG,Baar,ZG,HIGH,,CHE-110.162.521,Felsenberg AG,SA,Bahnhofstrasse 4,6340,Baar,ZG,"Bahnhofstrasse 4, 6340 Baar",1.00,yes,yes,felsenberg,1
Ferrara Consulting GmbH,Binningen,BL,HIGH,yes,CHE-280.353.825,Ferrara Consulting GmbH,Sàrl,Waldeckweg 35,4102,Binningen,BL,"Waldeckweg 35, 4102 Binningen",1.00,yes,yes,ferrara,38
Fid SA,Losone,TI,NONE,,CHE-108.124.497,Studio Fiduciario Zucconi SA,SA,Via Borgo 2,6612,Ascona,TI,"Via Borgo 2, 6612 Ascona",0.00,yes,,fid,60
Fideconto gestioni immobiliari SA,Bellinzona,TI,HIGH,yes,CHE-112.299.332,Fideconto gestioni immobiliari SA,SA,Via Cancelliere Molo 11,6500,Bellinzona,TI,"Via Cancelliere Molo 11, 6500 Bellinzona",1.00,yes,yes,fideconto,10
Fiduciaire & Gérance Patrick Ridoux SA,Payerne,VD,LOW,,CHE-103.757.620,Fiduciaire CG Montreux SA,SA,Grand-Rue 92,1820,Montreux,VD,"Grand-Rue 92, 1820 Montreux",0.40,yes,,fiduciaire,60
Fiduciaire Daniel Jaggi S.A.,Neuchâtel,NE,MEDIUM,,CHE-103.460.025,D & D Fiduciaire S.A.,SA,rue de l'Evole 19,2000,Neuchâtel,NE,"rue de l'Evole 19, 2000 Neuchâtel",0.67,yes,yes,fiduciaire,60
Fiduciaire et gérance Patrick Ridoux SA,Payerne,VD,LOW,,CHE-103.757.620,Fiduciaire CG Montreux SA,SA,Grand-Rue 92,1820,Montreux,VD,"Grand-Rue 92, 1820 Montreux",0.40,yes,,fiduciaire,60
Fiduciaria Immobiliare Börner-Albertini,Lugano,TI,LOW,,CHE-101.753.752,Fiduciaria di Lugano SA,SA,Via Greina 3,6900,Lugano,TI,"Via Greina 3, 6900 Lugano",0.50,yes,yes,fiduciaria,60
Fiduciaria Immobiliare Medici Sagl,Mendrisio,TI,MEDIUM,,CHE-101.753.752,Fiduciaria di Lugano SA,SA,Via Greina 3,6900,Lugano,TI,"Via Greina 3, 6900 Lugano",0.67,yes,,fiduciaria,60
FINIRING Verwaltungs AG,Egg bei Zürich,ZH,LOW,,CHE-107.899.905,Blum Verwaltungs- und Treuhand AG,SA,Löwenstrasse 20,8001,Zürich,ZH,"Löwenstrasse 20, 8001 Zürich",0.50,yes,yes,verwaltungs,60
Fischer AG Immobilienmanagement,Zürich,ZH,HIGH,,CHE-202.924.206,Fischer AG Immobilienmanagement,SA,Lessingstrasse 15,8002,Zürich,ZH,"Lessingstrasse 15, 8002 Zürich",1.00,yes,yes,immobilienmanagement,28
Fischer Sandra Immobilien AG,Otelfingen,ZH,MEDIUM,,CHE-100.748.984,Fischer Immobilien AG Basel,SA,Gotthelfstr. 7,4054,Basel,BS,"Gotthelfstr. 7, 4054 Basel",0.67,,,fischer,60
FIT Immobilien AG,Mels,ZH,MEDIUM,,CHE-100.791.543,FIT PLANUNGS AG,SA,Zollikerstrasse 62,8702,Zollikon,ZH,"Zollikerstrasse 62, 8702 Zollikon",0.67,yes,,fit,60
FlexOffice (Schweiz) AG,Zürich,ZH,HIGH,,CHE-325.324.472,Flexoffice (Schweiz) AG,SA,Talacker 21,8001,Zürich,ZH,"Talacker 21, 8001 Zürich",1.00,yes,yes,flexoffice,2
Flughafen Zürich AG,Zürich-Flughafen,ZH,NONE,,,,,,,,,,,,,,0
FM Immobilier & Développement SA,Sion,VS,LOW,,CHE-106.004.439,Société de Développement de Verbier,assoc,Route de Verbier Station 61,1936,Verbier,VS,"Route de Verbier Station 61, 1936 Verbier",0.50,yes,,développement,60
Follow Immobilien,Solothurn,SO,HIGH,,CHE-481.609.253,Follow Immobilien GmbH,Sàrl,Hauptstrasse 30,3186,Düdingen,FR,"Hauptstrasse 30, 3186 Düdingen",1.00,,,follow,15
"Fontana & Partner AG, Immobilien",Männedorf,ZH,HIGH,yes,CHE-108.639.229,"Fontana & Partner AG, Immobilien",SA,Gewerbestrasse 5b,8708,Männedorf,ZH,"Gewerbestrasse 5b, 8708 Männedorf",1.00,yes,yes,fontana,60
Fontana Sotheby's International Realty,Lugano,TI,LOW,,CHE-105.818.623,Christie's (International) SA,SA,Rue du Mont-Blanc 12,1201,Genève,GE,"Rue du Mont-Blanc 12, 1201 Genève",0.50,,,international,60
Förderstiftung TECHNOPARK® Aargau,Brugg,AG,HIGH,,CHE-113.184.476,Förderstiftung Technopark Aargau,fond,Badenerstrasse 13,5200,Brugg AG,AG,"Badenerstrasse 13, 5200 Brugg AG",1.00,yes,yes,förderstiftung,24
Formbau AG,Liestal,BL,HIGH,,CHE-106.305.510,Formbau AG,SA,Fischmarkt 18,4410,Liestal,BL,"Fischmarkt 18, 4410 Liestal",1.00,yes,yes,formbau,3
Fortenia Immobilien-Treuhand GmbH,Glattpark (Opfikon),ZH,HIGH,,CHE-239.833.207,Fortenia Immobilien- Treuhand GmbH,Sàrl,Thurgauerstrasse 105,8152,Glattpark (Opfikon),ZH,"Thurgauerstrasse 105, 8152 Glattpark (Opfikon)",1.00,yes,yes,fortenia,1
Fortimo AG,St.Gallen,SG,HIGH,yes,CHE-109.090.582,Fortimo AG,SA,Rorschacher Strasse 286,9016,St. Gallen,SG,"Rorschacher Strasse 286, 9016 St. Gallen",1.00,yes,yes,fortimo,6
Fortimo Invest AG,St. Gallen,SG,HIGH,,CHE-109.704.645,Fortimo Invest AG,SA,Rorschacher Strasse 286,9016,St. Gallen,SG,"Rorschacher Strasse 286, 9016 St. Gallen",1.00,yes,yes,fortimo,6
FOTI Immobilier,Monthey,VD,HIGH,,CHE-130.909.364,Foti Immobilier Sàrl,Sàrl,Rue de Venise 8,1870,Monthey,VS,"Rue de Venise 8, 1870 Monthey",1.00,,yes,foti,18
FR Immobilien AG,Rheinfelden,AG,NONE,,,,,,,,,,,,,,0
FR Immobilien AG — FR Immobilien AG,Rheinfelden,AG,NONE,,,,,,,,,,,,,,0
FRAM HOSPITALITY Sàrl,Genève,GE,MEDIUM,,CHE-113.975.041,SWISS HOSPITALITY HOLDING SA,SA,rue Butini 7,1202,Genève,GE,"rue Butini 7, 1202 Genève",0.67,yes,yes,hospitality,60
Futurehomes GmbH,Solothurn,SO,HIGH,,CHE-302.493.833,Futurehomes GmbH,Sàrl,Hauptbahnhofstrasse 7,4500,Solothurn,SO,"Hauptbahnhofstrasse 7, 4500 Solothurn",1.00,yes,yes,futurehomes,1
Futuro Immobilien AG,Arlesheim,BL,HIGH,yes,CHE-101.669.040,Futuro Immobilien AG,SA,Postplatz 1,4144,Arlesheim,BL,"Postplatz 1, 4144 Arlesheim",1.00,yes,yes,futuro,34
G3D Immobilien AG,Baar,ZG,HIGH,,CHE-497.681.977,G3D Immobilien AG,SA,Mühlegasse 18,6340,Baar,ZG,"Mühlegasse 18, 6340 Baar",1.00,yes,yes,g3d,1
Ganija Immobilien AG,Seuzach,ZH,HIGH,,CHE-112.508.518,Ganija Immobilien AG,SA,Schaffhauserstrasse 73,8472,Seuzach,ZH,"Schaffhauserstrasse 73, 8472 Seuzach",1.00,yes,yes,ganija,6
Gastroconsult,Zürich,ZH,HIGH,yes,CHE-106.027.162,Gastroconsult AG,SA,Blumenfeldstrasse 20,8046,Zürich,ZH,"Blumenfeldstrasse 20, 8046 Zürich",1.00,yes,yes,gastroconsult,16
Gastroconsult AG,Bern,BE,HIGH,yes,CHE-284.424.401,Gastroconsult AG,succursale,Weltpoststrasse 5,3015,Bern,BE,"Weltpoststrasse 5, 3015 Bern",1.00,yes,yes,gastroconsult,16
GBL,Zürich,ZH,HIGH,yes,CHE-451.973.613,GBL Immobilien AG,SA,Oberer Toracker 14,9100,Herisau,AR,"Oberer Toracker 14, 9100 Herisau",1.00,,,gbl,43
GBV Treuhand GmbH,Muttenz,BL,HIGH,yes,CHE-114.279.010,GBV Treuhand GmbH,Sàrl,Bahnhofstrasse 60,4132,Muttenz,BL,"Bahnhofstrasse 60, 4132 Muttenz",1.00,yes,yes,gbv,3
Geiser Immobilien und Treuhand AG,Steffisburg,BE,HIGH,yes,CHE-107.225.279,Geiser Immobilien und Treuhand AG,SA,Glockentalstrasse 6,3612,Steffisburg,BE,"Glockentalstrasse 6, 3612 Steffisburg",1.00,yes,yes,geiser,60
GEMAG Gebrüder Müller AG,St. Gallen,SG,MEDIUM,,CHE-106.715.428,Gebrüder Müller AG,SA,Schorenweg 21,4144,Arlesheim,BL,"Schorenweg 21, 4144 Arlesheim",0.80,,,gebrüder,60
Genève,Genève,GE,NONE,,,,,,,,,,,,,,0
Genossenschaft Alterswohnungen Bäretswil,Bäretswil,ZH,MEDIUM,,CHE-102.435.119,Genossenschaft Alterswohnungen Wiesendangen,coop,"c/o Beat Kalberer
Stationsstrasse 57",8542,Wiesendangen,ZH,"c/o Beat Kalberer
Stationsstrasse 57, 8542 Wiesendangen",0.67,yes,,alterswohnungen,60
Gerama S.A.,Fribourg,FR,HIGH,,CHE-331.483.854,Gerama S.A.,SA,Place de la Gare 5,1700,Fribourg,FR,"Place de la Gare 5, 1700 Fribourg",1.00,yes,yes,gerama,3
GERAMA SA,Fribourg,FR,LOW,,CHE-331.483.854,Gerama S.A.,SA,Place de la Gare 5,1700,Fribourg,FR,"Place de la Gare 5, 1700 Fribourg",0.50,yes,yes,gerama,3
Gérance Charles Berset SA,La Chaux-de-Fonds,NE,HIGH,,CHE-107.872.763,Gérance Charles Berset SA,SA,rue Jardinière 87,2300,La Chaux-de-Fonds,NE,"rue Jardinière 87, 2300 La Chaux-de-Fonds",1.00,yes,yes,charles,60
Gérance Hirt Sàrl,Marly,FR,HIGH,yes,CHE-105.791.421,Hirt Immo AG,SA,Länggasse 28,2504,Biel/Bienne,BE,"Länggasse 28, 2504 Biel/Bienne",1.00,,,hirt,60
Gérance Immobilière Leuba SA,Renens,VD,HIGH,yes,CHE-105.753.716,Groupe Leuba SA,SA,Route de Cossonay 101,1020,Renens VD,VD,"Route de Cossonay 101, 1020 Renens VD",1.00,yes,yes,leuba,47
Gerber + Partner AG,Biel-Benken BL,BL,HIGH,yes,CHE-105.815.487,Gerber + Partner AG,SA,Hauptstrasse 42,4105,Biel-Benken BL,BL,"Hauptstrasse 42, 4105 Biel-Benken BL",1.00,yes,yes,gerber,60
Gerber Andreas,Gümligen,BE,LOW,,CHE-107.150.090,Andreas Hofmann AG,SA,Industriestrasse 30,4912,Aarwangen,BE,"Industriestrasse 30, 4912 Aarwangen",0.50,yes,,andreas,60
Gérofinance-Régie du Rhône SA,Genève 2,GE,HIGH,,CHE-107.758.802,Gerofinance - Régie du Rhône SA,SA,Avenue de l'Etang 57,1219,Châtelaine,GE,"Avenue de l'Etang 57, 1219 Châtelaine",1.00,yes,,gérofinance,2
Gestina SA,Fribourg,FR,HIGH,,CHE-104.988.116,Gestina SA Régie immobilière,SA,Rue de Locarno 3,1700,Fribourg,FR,"Rue de Locarno 3, 1700 Fribourg",1.00,yes,yes,gestina,1
Gestival S.à r.l.,Vallorbe,VD,HIGH,,CHE-108.368.763,Gestival S.à r.l.,Sàrl,Grand-Rue 35,1337,Vallorbe,VD,"Grand-Rue 35, 1337 Vallorbe",1.00,yes,yes,gestival,3
Gestival Sàrl,Vallorbe,VD,MEDIUM,,CHE-495.727.261,Gestival immobilier et promotion Sàrl,Sàrl,Grand-Rue 35 a,1337,Vallorbe,VD,"Grand-Rue 35 a, 1337 Vallorbe",0.67,yes,yes,gestival,3
Gestival Sàrl Location,Vallorbe,VD,LOW,,CHE-495.727.261,Gestival immobilier et promotion Sàrl,Sàrl,Grand-Rue 35 a,1337,Vallorbe,VD,"Grand-Rue 35 a, 1337 Vallorbe",0.50,yes,yes,gestival,3
Gfeller Treuhand und Verwaltungs AG,Dübendorf,ZH,LOW,,CHE-100.826.006,Aegis Verwaltungs AG Winterthur,SA,Loorstrasse 5,8400,Winterthur,ZH,"Loorstrasse 5, 8400 Winterthur",0.50,yes,,verwaltungs,60
Gidaboll AG,Zürich,ZH,HIGH,,CHE-100.834.655,Gidaboll AG,SA,Binzstrasse 15,8045,Zürich,ZH,"Binzstrasse 15, 8045 Zürich",1.00,yes,yes,gidaboll,1
Gilliand Immobilier,Payerne,VD,HIGH,,CHE-264.788.171,Gilliand Immobilier,0101,Place du Marché 10,1530,Payerne,VD,"Place du Marché 10, 1530 Payerne",1.00,yes,yes,gilliand,10
Glandon Apartments AG,Meggen,LU,HIGH,,CHE-113.334.617,GLANDON Apartments AG,SA,Luzernerstrasse 8,6045,Meggen,LU,"Luzernerstrasse 8, 6045 Meggen",1.00,yes,yes,apartments,60
Global House Lugano,Lugano,TI,MEDIUM,,CHE-102.458.020,La Global SA,SA,Strada di Pregassona 43,6963,Pregassona,TI,"Strada di Pregassona 43, 6963 Pregassona",0.67,yes,,global,60
Global House Lugano Sagl,Lugano,TI,MEDIUM,,CHE-102.458.020,La Global SA,SA,Strada di Pregassona 43,6963,Pregassona,TI,"Strada di Pregassona 43, 6963 Pregassona",0.67,yes,,global,60
Global Immobilien GmbH,St. Gallen,SG,HIGH,,CHE-102.458.020,La Global SA,SA,Strada di Pregassona 43,6963,Pregassona,TI,"Strada di Pregassona 43, 6963 Pregassona",1.00,,,global,60
GLOBOHOME AG,Wil,SG,HIGH,,CHE-318.257.356,GLOBOHOME AG,SA,Toggenburgerstrasse 23,9500,Wil SG,SG,"Toggenburgerstrasse 23, 9500 Wil SG",1.00,yes,yes,globohome,1
GMÜNDER & GAMMA AG,Wil SG,SG,HIGH,,CHE-390.891.697,GMÜNDER & GAMMA AG,SA,St. Gallerstrasse 66b,9500,Wil SG,SG,"St. Gallerstrasse 66b, 9500 Wil SG",1.00,yes,yes,gmünder,41
Goda Verwaltung,Zug,ZG,HIGH,,CHE-115.427.081,Goda Verwaltung AG,SA,Untermüli 9,6302,Zug,ZG,"Untermüli 9, 6302 Zug",1.00,yes,yes,goda,24
Goda Verwaltung AG,Zug,ZG,HIGH,,CHE-115.427.081,Goda Verwaltung AG,SA,Untermüli 9,6302,Zug,ZG,"Untermüli 9, 6302 Zug",1.00,yes,yes,goda,24
Goldinger Immobilien AG,St. Gallen,SG,HIGH,yes,CHE-388.999.492,GOLDINGER Immobilien AG,succursale,Walenbüchelstrasse 3,9000,St. Gallen,SG,"Walenbüchelstrasse 3, 9000 St. Gallen",1.00,yes,yes,goldinger,21
Gomo Company GmbH,Wallisellen,ZH,HIGH,yes,CHE-412.203.836,Gomo Group GmbH,Sàrl,In Huebwiesen 11,8600,Dübendorf,ZH,"In Huebwiesen 11, 8600 Dübendorf",1.00,yes,,gomo,19
Gomo Group GmbH,Dübendorf,ZH,HIGH,yes,CHE-412.203.836,Gomo Group GmbH,Sàrl,In Huebwiesen 11,8600,Dübendorf,ZH,"In Huebwiesen 11, 8600 Dübendorf",1.00,yes,yes,gomo,19
GPF Gestion de Patrimoine Foncier GÉRANCE,Genève,GE,LOW,,CHE-110.402.033,"Fondation Immobilière ""Patrimoine""",fond,"c/o Siegrist & Lazzarotto, avocats
quai des Bergues 23",1201,Genève,GE,"c/o Siegrist & Lazzarotto, avocats
quai des Bergues 23, 1201 Genève",0.50,yes,yes,patrimoine,60
Graf Immobilien AG,Wettingen,AG,HIGH,yes,CHE-107.950.564,Graf Immobilien AG,SA,Schönaustrasse 59,5430,Wettingen,AG,"Schönaustrasse 59, 5430 Wettingen",1.00,yes,yes,graf,60
Graf Immobilien AG — Maram Cham,Wettingen,AG,LOW,,CHE-193.533.158,Maram Sàrl,Sàrl,Rue de Sainte-Hélène 13,2000,Neuchâtel,NE,"Rue de Sainte-Hélène 13, 2000 Neuchâtel",0.50,,,maram,7
grebimmo GmbH,Birmensdorf,ZH,HIGH,,CHE-209.264.888,grebimmo GmbH,Sàrl,Luzernerstrasse 20,8903,Birmensdorf ZH,ZH,"Luzernerstrasse 20, 8903 Birmensdorf ZH",1.00,yes,yes,grebimmo,1
Greenbrix Anlagestiftung,Zug,ZG,HIGH,,CHE-329.949.257,Greenbrix Anlagestiftung,fond,Kolinplatz 2,6300,Zug,ZG,"Kolinplatz 2, 6300 Zug",1.00,yes,yes,anlagestiftung,48
GREM Schaeppi — Schaeppi Grundstücke AG,Zürich,ZH,MEDIUM,yes,CHE-110.142.062,Schaeppi Grundstücke AG,SA,Sihlfeldstrasse 10,8003,Zürich,ZH,"Sihlfeldstrasse 10, 8003 Zürich",0.80,yes,yes,grundstücke,23
Gribimmo GmbH,Reinach,AG,HIGH,,CHE-296.891.270,Gribimmo GmbH,Sàrl,Herrenweg 8,5734,Reinach AG,AG,"Herrenweg 8, 5734 Reinach AG",1.00,yes,yes,gribimmo,1
Grieder Immobilien AG,Rüschlikon,ZH,HIGH,yes,CHE-335.019.467,Grieder Immobilien AG,SA,Loostrasse 5,8803,Rüschlikon,ZH,"Loostrasse 5, 8803 Rüschlikon",1.00,yes,yes,grieder,45
Grivag AG,Zürich,ZH,HIGH,,CHE-396.981.873,Grivag AG,SA,Klausstrasse 43,8008,Zürich,ZH,"Klausstrasse 43, 8008 Zürich",1.00,yes,yes,grivag,1
Groupe Prisme SA,Montagny-près-Yverdon,VD,HIGH,,CHE-347.634.604,Prisme Immobilier SA,SA,En Chamard 61,1442,Montagny-Yverdon,VD,"En Chamard 61, 1442 Montagny-Yverdon",1.00,yes,,prisme,10
Groupe SF Immo SA,Fribourg,FR,NONE,,,,,,,,,,,,,,0
Grundeigentümer Verband Schweiz,Bern,,HIGH,,CHE-331.856.599,Grundeigentümer Verband Schweiz,assoc,Laupenstrasse 1,3008,Bern,BE,"Laupenstrasse 1, 3008 Bern",1.00,,yes,grundeigentümer,2
H & H Immo-Management GmbH,Bellach,SO,LOW,,CHE-103.635.230,Aldiana Management und Consulting AG,SA,Korporationsweg 9b,8832,Wilen b. Wollerau,SZ,"Korporationsweg 9b, 8832 Wilen b. Wollerau",0.50,,,management,60
H + H IMMO AG,Wettingen,AG,NONE,,,,,,,,,,,,,,0
H.P. Burkhalter + Partner AG,Liebefeld,BE,HIGH,yes,CHE-106.109.854,H.P. Burkhalter + Partner AG,SA,Könizstrasse 161,3097,Liebefeld,BE,"Könizstrasse 161, 3097 Liebefeld",1.00,yes,yes,burkhalter,60
H&B Real Estate AG,Basel,BS,NONE,,,,,,,,,,,,,,0
H&B Real Estate AG Basel,Basel,BS,NONE,,,,,,,,,,,,,,0
H&K Group AG,Delémont,JU,NONE,,,,,,,,,,,,,,0
Habitat's Partner & Co. GmbH,,,MEDIUM,,CHE-103.083.796,S.I. HABITAT S.A.,SA,"c/o JAMALCO SA
Avenue Villamont 23",1005,Lausanne,VD,"c/o JAMALCO SA
Avenue Villamont 23, 1005 Lausanne",0.67,,,habitat,60
Habitrust Real Estate,Lugano,TI,HIGH,yes,CHE-100.578.156,Habitrust Group SA,SA,Via Cantonale 19,6900,Lugano,TI,"Via Cantonale 19, 6900 Lugano",1.00,yes,yes,habitrust,4
Hadira Immobilien GmbH,Basel,BS,HIGH,yes,CHE-443.282.263,Hadira Immobilien GmbH,Sàrl,Elisabethenstrasse 54,4051,Basel,BS,"Elisabethenstrasse 54, 4051 Basel",1.00,yes,yes,hadira,2
Haffer Immobilien AG,Luzern,LU,HIGH,,CHE-230.111.214,Haffer Immobilien AG,SA,Hertensteinstrasse 51,6004,Luzern,LU,"Hertensteinstrasse 51, 6004 Luzern",1.00,yes,yes,haffer,31
Halter & Partner GmbH,Witterswil,BL,HIGH,,CHE-107.831.385,Halter AG,SA,Zürcherstrasse 39,8952,Schlieren,ZH,"Zürcherstrasse 39, 8952 Schlieren",1.00,,,halter,60
Halter AG,Schlieren,ZH,HIGH,,CHE-107.831.385,Halter AG,SA,Zürcherstrasse 39,8952,Schlieren,ZH,"Zürcherstrasse 39, 8952 Schlieren",1.00,yes,yes,halter,60
Hans Amonn AG,,,HIGH,yes,CHE-106.957.227,Hans Amonn AG,SA,Blümlisalpstrasse 4,3074,Muri bei Bern,BE,"Blümlisalpstrasse 4, 3074 Muri bei Bern",1.00,,,amonn,5
HattemerPartner GmbH,Basel,BS,HIGH,,CHE-112.864.249,HattemerPartner GmbH,Sàrl,Holbeinstr. 102,4051,Basel,BS,"Holbeinstr. 102, 4051 Basel",1.00,yes,yes,hattemerpartner,1
Hauptsitz,Brig,VS,HIGH,,CHE-491.647.485,hauptsitz gmbh,Sàrl,Moserstrasse 4,3014,Bern,BE,"Moserstrasse 4, 3014 Bern",1.00,,,hauptsitz,1
Haussener Verwaltungen AG,Bern,BE,HIGH,yes,CHE-184.936.669,Haussener Verwaltungen AG,SA,Monbijoustrasse 22,3011,Bern,BE,"Monbijoustrasse 22, 3011 Bern",1.00,yes,yes,haussener,23
Hauswirth Immobilien GmbH,Winterthur,ZH,HIGH,yes,CHE-114.861.380,Hauswirth Immobilien GmbH,Sàrl,Marktgasse 37,8400,Winterthur,ZH,"Marktgasse 37, 8400 Winterthur",1.00,yes,yes,hauswirth,41
Hauswirth Immobilien GmbH — Hauswirth Immobilien GmbH,Winterthur,ZH,HIGH,yes,CHE-114.861.380,Hauswirth Immobilien GmbH,Sàrl,Marktgasse 37,8400,Winterthur,ZH,"Marktgasse 37, 8400 Winterthur",1.00,yes,yes,hauswirth,41
Hecht Immo Consult AG,Basel,BS,LOW,,CHE-103.244.272,Care Consult AG,SA,"c/o artax Fide Consult AG
Gartenstr. 95",4052,Basel,BS,"c/o artax Fide Consult AG
Gartenstr. 95, 4052 Basel",0.50,yes,yes,consult,60
hegibau liegenschaften ag,Rothrist,BL,HIGH,,CHE-107.953.054,hegibau liegenschaften ag,SA,Rössliweg 29b,4852,Rothrist,AG,"Rössliweg 29b, 4852 Rothrist",1.00,,yes,liegenschaften,60
Heiko Bachmann,,,MEDIUM,,CHE-102.962.229,Bachmann Immobilien AG,SA,Sempacherstrasse 19,6003,Luzern,LU,"Sempacherstrasse 19, 6003 Luzern",0.67,,,bachmann,60
Heimberg Immobilien AG,Fislisbach,AG,HIGH,yes,CHE-110.089.338,Heimberg Immobilien,0101,Badenerstrasse 26,5442,Fislisbach,AG,"Badenerstrasse 26, 5442 Fislisbach",1.00,yes,yes,heimberg,44
Heinzer Immobilien+Treuhand AG,,,HIGH,yes,CHE-100.063.656,Heinzer AG,SA,Haltingerstrasse 40,4057,Basel,BS,"Haltingerstrasse 40, 4057 Basel",1.00,,,heinzer,43
Helbling Immobilien & Verwaltungs AG,Biel/Bienne,BE,LOW,,CHE-107.922.496,Ascofida Treuhand- & Verwaltungs-AG,SA,Zeughausgasse 24,3011,Bern,BE,"Zeughausgasse 24, 3011 Bern",0.50,yes,,verwaltungs,60
Helvetia,,,HIGH,yes,CHE-107.479.667,Helvetia Consulting AG,SA,Dufourstrasse 40,9001,St. Gallen,SG,"Dufourstrasse 40, 9001 St. Gallen",1.00,,,helvetia,60
Helvetia Assurances — Gérance immobilière Neuchâtel,Neuchâtel,NE,NONE,,CHE-109.677.362,Fondation Neuchâteloise Assurances du 125e anniversaire,fond,"c/o AXA Agence générale Dylan Creanza
rue Saint-Honoré 2",2000,Neuchâtel,NE,"c/o AXA Agence générale Dylan Creanza
rue Saint-Honoré 2, 2000 Neuchâtel",0.33,yes,yes,assurances,60
"Helvetia Compagnia Svizzera d'Assicurazioni sulla Vita SA, Agenzia generale Bellinzona",Bellinzona,TI,LOW,,CHE-481.428.970,"Mobiliare Svizzera Società d'assicurazioni Agenzia Generale di Bellinzona, Michele Masdonati",0101,Piazza del Sole 5,6500,Bellinzona,TI,"Piazza del Sole 5, 6500 Bellinzona",0.50,yes,yes,assicurazioni,31
"Helvetia Compagnie Suisse d'Assurances sur la Vie SA, Agence générale Bienne / Biel",Bienne / Biel,BE,MEDIUM,,CHE-105.762.690,"VAUDOISE GENERALE, Compagnie d'Assurances SA",SA,Avenue de Cour 41,1007,Lausanne,VD,"Avenue de Cour 41, 1007 Lausanne",0.67,,,assurances,60
"Helvetia Compagnie Suisse d'Assurances sur la Vie SA, Agence générale Fribourg",Givisiez,FR,MEDIUM,,CHE-105.762.690,"VAUDOISE GENERALE, Compagnie d'Assurances SA",SA,Avenue de Cour 41,1007,Lausanne,VD,"Avenue de Cour 41, 1007 Lausanne",0.67,,,assurances,60
"Helvetia Compagnie Suisse d'Assurances sur la Vie SA, Agence générale Genève",Genève,GE,MEDIUM,,CHE-105.762.690,"VAUDOISE GENERALE, Compagnie d'Assurances SA",SA,Avenue de Cour 41,1007,Lausanne,VD,"Avenue de Cour 41, 1007 Lausanne",0.67,,,assurances,60
"Helvetia Compagnie Suisse d'Assurances sur la Vie SA, Agence générale Lausanne La Côte",Lausanne,VD,MEDIUM,,CHE-105.762.690,"VAUDOISE GENERALE, Compagnie d'Assurances SA",SA,Avenue de Cour 41,1007,Lausanne,VD,"Avenue de Cour 41, 1007 Lausanne",0.62,yes,yes,assurances,60
"Helvetia Compagnie Suisse d'Assurances sur la Vie SA, Agence générale Neuchâtel",Neuchâtel,NE,LOW,,CHE-105.763.241,"TSM Compagnie d'Assurances, Société coopérative",coop,rue Jaquet-Droz 43b,2300,La Chaux-de-Fonds,NE,"rue Jaquet-Droz 43b, 2300 La Chaux-de-Fonds",0.55,yes,,assurances,60
"Helvetia Compagnie Suisse d'Assurances sur la Vie SA, Agence générale Sion",Sion,VS,MEDIUM,,CHE-105.762.690,"VAUDOISE GENERALE, Compagnie d'Assurances SA",SA,Avenue de Cour 41,1007,Lausanne,VD,"Avenue de Cour 41, 1007 Lausanne",0.67,,,assurances,60
Helvetia Schweizerische Lebensversicherungsges. AG,St. Gallen,SG,MEDIUM,,CHE-100.912.410,Helvetia Schweizerische Lebensversicherungsgesellschaft AG,SA,St.Alban-Anlage 26,4052,Basel,BS,"St.Alban-Anlage 26, 4052 Basel",0.67,,,lebensversicherungsges,2
"Helvetia Schweizerische Lebensversicherungsgesellschaft AG, Generalagentur Aarau",Buchs,AG,MEDIUM,,CHE-100.912.410,Helvetia Schweizerische Lebensversicherungsgesellschaft AG,SA,St.Alban-Anlage 26,4052,Basel,BS,"St.Alban-Anlage 26, 4052 Basel",0.86,,,lebensversicherungsgesellschaft,2
"Helvetia Schweizerische Lebensversicherungsgesellschaft AG, Generalagentur Baden",Baden,AG,MEDIUM,,CHE-100.912.410,Helvetia Schweizerische Lebensversicherungsgesellschaft AG,SA,St.Alban-Anlage 26,4052,Basel,BS,"St.Alban-Anlage 26, 4052 Basel",0.86,,,lebensversicherungsgesellschaft,2
"Helvetia Schweizerische Lebensversicherungsgesellschaft AG, Generalagentur Baselland",Liestal,BL,MEDIUM,,CHE-100.912.410,Helvetia Schweizerische Lebensversicherungsgesellschaft AG,SA,St.Alban-Anlage 26,4052,Basel,BS,"St.Alban-Anlage 26, 4052 Basel",0.75,,,lebensversicherungsgesellschaft,2
"Helvetia Schweizerische Lebensversicherungsgesellschaft AG, Generalagentur Graubünden",Chur,GR,MEDIUM,,CHE-100.912.410,Helvetia Schweizerische Lebensversicherungsgesellschaft AG,SA,St.Alban-Anlage 26,4052,Basel,BS,"St.Alban-Anlage 26, 4052 Basel",0.75,,,lebensversicherungsgesellschaft,2
"Helvetia Schweizerische Lebensversicherungsgesellschaft AG, Generalagentur Luzern",Luzern,LU,MEDIUM,,CHE-100.912.410,Helvetia Schweizerische Lebensversicherungsgesellschaft AG,SA,St.Alban-Anlage 26,4052,Basel,BS,"St.Alban-Anlage 26, 4052 Basel",0.86,,,lebensversicherungsgesellschaft,2
"Helvetia Schweizerische Lebensversicherungsgesellschaft AG, Generalagentur Rapperswil",Rapperswil-Jona,ZH,MEDIUM,,CHE-100.912.410,Helvetia Schweizerische Lebensversicherungsgesellschaft AG,SA,St.Alban-Anlage 26,4052,Basel,BS,"St.Alban-Anlage 26, 4052 Basel",0.75,,,lebensversicherungsgesellschaft,2
"Helvetia Schweizerische Lebensversicherungsgesellschaft AG, Generalagentur Rheinfelden",Rheinfelden,AG,MEDIUM,,CHE-100.912.410,Helvetia Schweizerische Lebensversicherungsgesellschaft AG,SA,St.Alban-Anlage 26,4052,Basel,BS,"St.Alban-Anlage 26, 4052 Basel",0.75,,,lebensversicherungsgesellschaft,2
"Helvetia Schweizerische Lebensversicherungsgesellschaft AG, Generalagentur St. Gallen Appenzell",St. Gallen,SG,MEDIUM,,CHE-100.912.410,Helvetia Schweizerische Lebensversicherungsgesellschaft AG,SA,St.Alban-Anlage 26,4052,Basel,BS,"St.Alban-Anlage 26, 4052 Basel",0.60,,,lebensversicherungsgesellschaft,2
"Helvetia Schweizerische Lebensversicherungsgesellschaft AG, Generalagentur Thun",Thun,BE,MEDIUM,,CHE-100.912.410,Helvetia Schweizerische Lebensversicherungsgesellschaft AG,SA,St.Alban-Anlage 26,4052,Basel,BS,"St.Alban-Anlage 26, 4052 Basel",0.86,,,lebensversicherungsgesellschaft,2
"Helvetia Schweizerische Lebensversicherungsgesellschaft AG, Generalagentur Winterthur",Winterthur,ZH,MEDIUM,,CHE-100.912.410,Helvetia Schweizerische Lebensversicherungsgesellschaft AG,SA,St.Alban-Anlage 26,4052,Basel,BS,"St.Alban-Anlage 26, 4052 Basel",0.86,,,lebensversicherungsgesellschaft,2
"Helvetia Schweizerische Lebensversicherungsgesellschaft AG, Generalagentur Zürich",Zürich,ZH,MEDIUM,,CHE-100.912.410,Helvetia Schweizerische Lebensversicherungsgesellschaft AG,SA,St.Alban-Anlage 26,4052,Basel,BS,"St.Alban-Anlage 26, 4052 Basel",0.86,,,lebensversicherungsgesellschaft,2
Helvetia Service AG,Basel,BS,HIGH,yes,CHE-107.479.667,Helvetia Consulting AG,SA,Dufourstrasse 40,9001,St. Gallen,SG,"Dufourstrasse 40, 9001 St. Gallen",1.00,,,helvetia,60
Helvetia Service SA,Lausanne,VD,HIGH,yes,CHE-107.479.667,Helvetia Consulting AG,SA,Dufourstrasse 40,9001,St. Gallen,SG,"Dufourstrasse 40, 9001 St. Gallen",1.00,,,helvetia,60
Helvetia Versicherungen,Luzern,LU,LOW,yes,CHE-101.503.037,CONCORDIA Versicherungen AG,SA,Bundesplatz 15,6002,Luzern,LU,"Bundesplatz 15, 6002 Luzern",0.50,yes,yes,versicherungen,60
Helvetia Versicherungen — Immobilienbewirtschaftung,Basel,BS,LOW,,CHE-100.166.380,Zuellig Immobilienbewirtschaftung AG,SA,Arvenweg 7,8404,Winterthur,ZH,"Arvenweg 7, 8404 Winterthur",0.40,,,immobilienbewirtschaftung,9
Helvetia Versicherungen — Immobilienbewirtschaftung Zürich,Dübendorf,ZH,LOW,,CHE-100.166.380,Zuellig Immobilienbewirtschaftung AG,SA,Arvenweg 7,8404,Winterthur,ZH,"Arvenweg 7, 8404 Winterthur",0.40,yes,,immobilienbewirtschaftung,9
Heusser Home AG,Volketswil,ZH,HIGH,,CHE-441.186.252,Heusser Home AG,SA,Brugglenstrasse 12,8604,Volketswil,ZH,"Brugglenstrasse 12, 8604 Volketswil",1.00,yes,yes,heusser,60
HEV Verwaltungs AG,,,LOW,,CHE-102.528.494,ABT-Verwaltungs AG,SA,Seehaldenstrasse 2,9400,Rorschach,SG,"Seehaldenstrasse 2, 9400 Rorschach",0.50,,,verwaltungs,60
HEV Verwaltungs AG — Hauptsitz St. Gallen,St . Gallen,SG,NONE,,CHE-107.263.009,Cellere Verwaltungs AG,SA,Hodlerstrasse 2,9001,St. Gallen,SG,"Hodlerstrasse 2, 9001 St. Gallen",0.29,yes,yes,verwaltungs,60
HEV Verwaltungs AG — Immoshop Werdenberg-Sarganserland,Buchs SG,SG,NONE,,CHE-109.989.152,Förderstiftung für die Region Sarganserland - Walensee - Werdenberg,fond,Hans Albrecht-Strasse ,7310,Bad Ragaz,SG,"Hans Albrecht-Strasse , 7310 Bad Ragaz",0.36,yes,,sarganserland,12
HEV Verwaltungs AG — Niederlassung Linthgebiet,Rapperswil,ZH,NONE,,CHE-382.849.523,"Thurgauer Kantonalbank, Niederlassung Aadorf",succursale,"null
Morgentalstrasse 4",8355,Aadorf,TG,"null
Morgentalstrasse 4, 8355 Aadorf",0.25,,,niederlassung,60
HEV Zürich,Zürich,ZH,NONE,,CHE-103.297.162,HEVO Immobilien AG,SA,Zwillikerstrasse 4,8908,Hedingen,ZH,"Zwillikerstrasse 4, 8908 Hedingen",0.00,yes,,hev,60
HIAG,Zürich,ZH,HIGH,yes,CHE-105.977.210,HIAG Immobilien Schweiz AG,SA,Bahnhofplatz 14,8001,Zürich,ZH,"Bahnhofplatz 14, 8001 Zürich",1.00,yes,yes,hiag,13
HIAG Immobilien Schweiz AG,Zürich,ZH,HIGH,yes,CHE-105.977.210,HIAG Immobilien Schweiz AG,SA,Bahnhofplatz 14,8001,Zürich,ZH,"Bahnhofplatz 14, 8001 Zürich",1.00,yes,yes,hiag,13
HIAG Immobilier Léman SA,Genève,GE,MEDIUM,,CHE-101.871.759,Fondation du Léman,fond,Rue AGASSE 45,1208,Genève,GE,"Rue AGASSE 45, 1208 Genève",0.67,yes,yes,léman,60
HiFlow,Plan-les-Ouates,GE,HIGH,,CHE-234.147.889,HIFLOW,assoc,Chemin du Champ-des-Filles 36 A,1228,Plan-les-Ouates,GE,"Chemin du Champ-des-Filles 36 A, 1228 Plan-les-Ouates",1.00,yes,yes,hiflow,2
HILAG Immobilien AG,Luzern,LU,HIGH,,CHE-232.977.673,HILAG Immobilien AG,SA,Obernauerstrasse 58,6012,Obernau,LU,"Obernauerstrasse 58, 6012 Obernau",1.00,yes,,hilag,4
hisa immobilien ag,Zuzwil,SG,HIGH,yes,CHE-341.518.052,hisa immobilien ag,SA,Ringstrasse 1,9524,Zuzwil SG,SG,"Ringstrasse 1, 9524 Zuzwil SG",1.00,yes,yes,hisa,31
hit Treuhand GmbH,Uster,ZH,NONE,,CHE-102.363.218,AGZ Architekten-Gesellschaft Zürich AG in Liquidation,SA,"c/o Annelies Rigby
Ferdinand Hodler-Strasse 44",8049,Zürich,ZH,"c/o Annelies Rigby
Ferdinand Hodler-Strasse 44, 8049 Zürich",0.00,yes,,hit,60
HOFA Immobilien GmbH,Brig,VS,HIGH,,CHE-333.903.063,HOFA Immobilien GmbH,Sàrl,Saflischstrasse 1,3900,Brig,VS,"Saflischstrasse 1, 3900 Brig",1.00,yes,yes,hofa,17
Home of Innovation,Winterthur,ZH,LOW,,CHE-108.347.637,Innovation GmbH,Sàrl,Freigutstrasse 22,8002,Zürich,ZH,"Freigutstrasse 22, 8002 Zürich",0.50,yes,,innovation,60
Home-Switzerland AG,Dübendorf 1,ZH,LOW,,CHE-223.656.922,AGFS Switzerland GmbH,Sàrl,"c/o Markus Aeschbacher, Bratschi AG
Bahnhofstrasse 70",8001,Zürich,ZH,"c/o Markus Aeschbacher, Bratschi AG
Bahnhofstrasse 70, 8001 Zürich",0.50,yes,,switzerland,60
home2be Immobilien Consulting AG,Fislisbach,AG,HIGH,,CHE-171.547.927,home2be Immobilien Consulting AG,SA,Badenerstrasse 12,5442,Fislisbach,AG,"Badenerstrasse 12, 5442 Fislisbach",1.00,yes,yes,home2be,1
home65 AG,Rüttenen,SO,HIGH,,CHE-414.617.829,home65 AG,SA,Hauptstrasse 26,4522,Rüttenen,SO,"Hauptstrasse 26, 4522 Rüttenen",1.00,yes,yes,home65,2
HomeFinders AG,Cham,ZG,HIGH,,CHE-268.207.549,HomeFinders AG,SA,Gewerbestrasse 9,6330,Cham,ZG,"Gewerbestrasse 9, 6330 Cham",1.00,yes,yes,homefinders,1
Homeliv Immo GmbH,Oberriet,SG,HIGH,,CHE-245.271.157,HomeLiv Immo GmbH,Sàrl,Buckstrasse 2,9463,Oberriet SG,SG,"Buckstrasse 2, 9463 Oberriet SG",1.00,yes,yes,homeliv,2
Homes and More GmbH,Freienbach,ZH,LOW,,CHE-112.803.101,Finest Homes AG,SA,Pfalzgasse 6,8001,Zürich,ZH,"Pfalzgasse 6, 8001 Zürich",0.50,yes,,homes,60
HOMEStay,,,HIGH,,CHE-349.210.876,Homestay AG Schweiz,SA,Heiligkreuzstrasse 40,9008,St. Gallen,SG,"Heiligkreuzstrasse 40, 9008 St. Gallen",1.00,,,homestay,7
Homestay AG Schweiz,St. Gallen,SG,HIGH,,CHE-349.210.876,Homestay AG Schweiz,SA,Heiligkreuzstrasse 40,9008,St. Gallen,SG,"Heiligkreuzstrasse 40, 9008 St. Gallen",1.00,yes,yes,homestay,7
Homewell SA,Lausanne,VD,HIGH,,CHE-132.541.683,Homewell SA,SA,Rue Saint-Martin 22,1003,Lausanne,VD,"Rue Saint-Martin 22, 1003 Lausanne",1.00,yes,yes,homewell,1
Hôtel de Famille S.A.,Vevey,VD,HIGH,,CHE-102.216.505,Hôtel de Famille S.A.,SA,Rue des Communaux 20,1800,Vevey,VD,"Rue des Communaux 20, 1800 Vevey",1.00,yes,yes,famille,60
HOUSE & TRADE SA,Mendrisio,TI,MEDIUM,,CHE-108.802.765,HTI House Trade AG,SA,Rain 63,5000,Aarau,AG,"Rain 63, 5000 Aarau",0.80,,,house,60
HP Brunner Immobilien,Wald ZH,ZH,MEDIUM,,CHE-100.714.608,Brunner & Co AG,SA,"c/o TRÜMPLER AG
Aathalstrasse 84",8610,Uster,ZH,"c/o TRÜMPLER AG
Aathalstrasse 84, 8610 Uster",0.67,yes,,brunner,60
HPC Liegenschaften GmbH,Zug,ZG,LOW,,CHE-101.895.056,Gehring Liegenschaften AG,SA,"c/o Corfam Immo AG
Chamerstrasse 50",6300,Zug,ZG,"c/o Corfam Immo AG
Chamerstrasse 50, 6300 Zug",0.50,yes,yes,liegenschaften,60
HR Immobilien AG,Bellach,SO,NONE,,,,,,,,,,,,,,0
HRS Investment AG,Frauenfeld,TG,MEDIUM,,CHE-102.442.852,Investment AG,SA,Eichenweg 62,3095,Spiegel b. Bern,BE,"Eichenweg 62, 3095 Spiegel b. Bern",0.67,,,investment,60
HRS Real Estate AG,Basel,BS,HIGH,,CHE-105.857.853,HRS Real Estate AG,SA,Walzmühlestrasse 48,8501,Frauenfeld,TG,"Walzmühlestrasse 48, 8501 Frauenfeld",1.00,,,hrs,60
HRS Real Estate SA,St-Sulpice VD,VD,HIGH,,CHE-105.857.853,HRS Real Estate AG,SA,Walzmühlestrasse 48,8501,Frauenfeld,TG,"Walzmühlestrasse 48, 8501 Frauenfeld",1.00,,,hrs,60
HUBER REAL ESTATE AG,Muri b. Bern,BE,HIGH,yes,CHE-102.457.799,HUBER REAL ESTATE PARTNER AG,SA,Luzernerstrasse 44,6030,Ebikon,LU,"Luzernerstrasse 44, 6030 Ebikon",1.00,,,huber,60
HUBER REAL ESTATE PARTNER AG,Ebikon,LU,HIGH,yes,CHE-102.457.799,HUBER REAL ESTATE PARTNER AG,SA,Luzernerstrasse 44,6030,Ebikon,LU,"Luzernerstrasse 44, 6030 Ebikon",1.00,yes,yes,huber,60
"HUBER REAL ESTATE PARTNER AG, Filiale Zürich — Seefeld/Spaces",Zürich,ZH,NONE,,CHE-316.375.163,"Möbel-Pfister AG, Filiale Zürich",succursale,Neumühlequai 10,8001,Zürich,ZH,"Neumühlequai 10, 8001 Zürich",0.29,yes,yes,filiale,60
HUBIMMO Partenariat Immobilier Sàrl,Saint-Aubin,VD,HIGH,,CHE-250.033.942,Hubimmo Partenariat Immobilier Sàrl,Sàrl,Route du Château 23,1566,St-Aubin FR,FR,"Route du Château 23, 1566 St-Aubin FR",1.00,,,partenariat,4
Hüsser Immobau AG,Bremgarten AG,AG,HIGH,,CHE-111.757.473,Hüsser Immobau AG,SA,Oberebenestrasse 20,5620,Bremgarten AG,AG,"Oberebenestrasse 20, 5620 Bremgarten AG",1.00,yes,yes,immobau,60
I,Brissago,TI,NONE,,,,,,,,,,,,,,0
I&M Immobilien AG,Uster,ZH,NONE,,,,,,,,,,,,,,0
IDZ Immobilien Dienstleistungszentrum AG,Rapperswil-Jona,ZH,HIGH,,CHE-113.658.066,IDZ Immobilien Dienstleistungszentrum AG,SA,Webergasse 2,8640,Rapperswil SG,SG,"Webergasse 2, 8640 Rapperswil SG",1.00,,,dienstleistungszentrum,6
IDZ Immobilien Dienstleistungszentrum GmbH,Rapperswil-Jona,ZH,HIGH,,CHE-113.658.066,IDZ Immobilien Dienstleistungszentrum AG,SA,Webergasse 2,8640,Rapperswil SG,SG,"Webergasse 2, 8640 Rapperswil SG",1.00,,,dienstleistungszentrum,6
Ilaria Mollo,Winterthur,ZH,LOW,,CHE-302.932.732,Ilaria Saggese,0101,Köchlistrasse 22,8004,Zürich,ZH,"Köchlistrasse 22, 8004 Zürich",0.50,yes,,ilaria,19
Imag Concept SA,Maroggia,TI,MEDIUM,,CHE-102.102.149,e-Concept AG,SA,Bertiswilstrasse 2,6023,Rothenburg,LU,"Bertiswilstrasse 2, 6023 Rothenburg",0.67,,,concept,60
Imhof Immobilien AG,Aadorf,ZH,HIGH,yes,CHE-102.241.851,Imhof Immobilien AG,SA,Wittenwilerstrasse 4,8355,Aadorf,TG,"Wittenwilerstrasse 4, 8355 Aadorf",1.00,,yes,imhof,60
Immo - Küng GmbH,Muri AG,AG,HIGH,,CHE-107.152.634,Küng & Co AG,SA,St.Gallerstrasse 129,8404,Winterthur,ZH,"St.Gallerstrasse 129, 8404 Winterthur",1.00,,,küng,60
Immo 418 AG,Ottenbach,ZH,HIGH,,CHE-322.900.528,Immo 418 AG,SA,Isenbergstrasse 30,8913,Ottenbach,ZH,"Isenbergstrasse 30, 8913 Ottenbach",1.00,yes,yes,418,3
Immo ADEMI SA,Bouveret,VD,HIGH,,CHE-110.117.532,Ademi GmbH,Sàrl,Poststrasse 47,8580,Amriswil,TG,"Poststrasse 47, 8580 Amriswil",1.00,,,ademi,60
Immo Global Swiss SA,Pambio-Noranco,TI,HIGH,,CHE-102.458.020,La Global SA,SA,Strada di Pregassona 43,6963,Pregassona,TI,"Strada di Pregassona 43, 6963 Pregassona",1.00,yes,,global,60
"immo otti, Inka AG",Kehrsiten,ZG,NONE,,CHE-106.337.378,Bi Plan Ivo Della Gola Bigliotti,0101,Falkenweg 4,6340,Baar,ZG,"Falkenweg 4, 6340 Baar",0.00,yes,,otti,60
Immo Performance Sàrl,Gland,VD,HIGH,,CHE-109.456.559,E-PERFORMANCE AG,SA,Rotzbergstrasse 19,6362,Stansstad,NW,"Rotzbergstrasse 19, 6362 Stansstad",1.00,,,performance,60
IMMO Rheintal GmbH,Altstätten SG,SG,HIGH,yes,CHE-286.913.705,Rheintal Real Estate AG,SA,Trogenerstrasse 16,9450,Altstätten SG,SG,"Trogenerstrasse 16, 9450 Altstätten SG",1.00,yes,yes,rheintal,60
Immo Schützenmatte GmbH — Werner Reding,Einsiedeln,ZH,LOW,,CHE-112.729.918,Immo Schützenmatte GmbH,Sàrl,"c/o Reding-Egger Brigitte
Klostermühlestrasse 3",8840,Einsiedeln,SZ,"c/o Reding-Egger Brigitte
Klostermühlestrasse 3, 8840 Einsiedeln",0.50,,yes,schützenmatte,3
Immo V (Five) Sàrl,Etoy,VD,MEDIUM,,CHE-107.964.460,FIVE Agency AG,SA,Sonnengartenstrasse 6,9000,St. Gallen,SG,"Sonnengartenstrasse 6, 9000 St. Gallen",0.67,,,five,60
Immo Wettige AG,,,HIGH,,CHE-102.113.377,Immo Wettige AG,SA,Bahnhofstrasse 105,5430,Wettingen,AG,"Bahnhofstrasse 105, 5430 Wettingen",1.00,,,wettige,2
Immo-Steiner Verwaltungen GmbH,Zürich,ZH,MEDIUM,,CHE-105.928.795,Steiner Flughafebeck AG,SA,Weihersteig 1,8037,Zürich,ZH,"Weihersteig 1, 8037 Zürich",0.67,yes,yes,steiner,60
ImmoBene AG,Bern 14,BE,HIGH,,CHE-271.543.083,ImmoBene AG,SA,Balderstrasse 30,3007,Bern,BE,"Balderstrasse 30, 3007 Bern",1.00,yes,yes,immobene,1
immoberatung GmbH,Unterengstringen,ZH,HIGH,,CHE-372.056.314,immoberatung GmbH,Sàrl,Büelstrasse 30,8103,Unterengstringen,ZH,"Büelstrasse 30, 8103 Unterengstringen",1.00,yes,yes,immoberatung,3
Immobest Verwaltung,,,MEDIUM,,CHE-166.063.090,Immobest Verwaltung Speishändler,0101,Manessestrasse 73,8003,Zürich,ZH,"Manessestrasse 73, 8003 Zürich",0.67,,,immobest,3
Immobilia Suisse AG,Egerkingen,SO,MEDIUM,,CHE-101.806.555,Immobilia Moderna SA,SA,"c/o Paolo Flückiger
Via alla Rocca 8",6600,Solduno,TI,"c/o Paolo Flückiger
Via alla Rocca 8, 6600 Solduno",0.67,,,immobilia,60
Immobiliare e Fiduciaria Ceppi & CO. SA,Chiasso,TI,HIGH,,CHE-101.220.496,Immobiliare e Fiduciaria Ceppi e Co. SA,SA,Corso San Gottardo 35,6830,Chiasso,TI,"Corso San Gottardo 35, 6830 Chiasso",1.00,yes,yes,fiduciaria,60
Immobiliare SL,Muralto,TI,NONE,,,,,,,,,,,,,,0
Immobiliare SL SA,Muralto,TI,NONE,,,,,,,,,,,,,,0
Immobilias.ch,Ilanz,GR,HIGH,,CHE-383.494.291,immobilias.ch sa,SA,Poststrasse 1,7130,Ilanz,GR,"Poststrasse 1, 7130 Ilanz",1.00,yes,yes,immobilias,11
Immobilien AEDES Prima AG,Aarau,AG,HIGH,,CHE-280.810.596,Immobilien AEDES Prima AG,SA,Neugutstrasse 4,5000,Aarau,AG,"Neugutstrasse 4, 5000 Aarau",1.00,yes,yes,aedes,7
Immobilien Arnet AG,Luzern,LU,HIGH,yes,CHE-103.615.894,"Arnet & Co. AG, Luzern",SA,Moosstrasse 2,6003,Luzern,LU,"Moosstrasse 2, 6003 Luzern",1.00,yes,yes,arnet,60
Immobilien House Gossweiler,Lenzburg,AG,HIGH,,CHE-109.099.873,Immobilien House Gossweiler,0101,Schützenmattstrasse 7,5600,Lenzburg,AG,"Schützenmattstrasse 7, 5600 Lenzburg",1.00,yes,yes,gossweiler,25
Immobilien Karajannakis GmbH,Baden Dättwil,AG,HIGH,,CHE-154.344.010,Immobilien Karajannakis GmbH,Sàrl,Täfernstrasse 32,5405,Dättwil AG,AG,"Täfernstrasse 32, 5405 Dättwil AG",1.00,yes,,karajannakis,2
Immobilien Wyss Schweiz AG,Steffisburg bei Thun,BE,HIGH,yes,CHE-100.168.628,Wyss Holding AG,SA,"c/o Hansrudolf Wyss
Museumstrasse 23",5200,Brugg AG,AG,"c/o Hansrudolf Wyss
Museumstrasse 23, 5200 Brugg AG",1.00,,,wyss,60
Immobilien-Treuhand Schneider&Co,Basel,BS,HIGH,yes,CHE-107.108.142,Schneider Gruppe Immobilien AG,SA,Hauptstrasse 219,5044,Schlossrued,AG,"Hauptstrasse 219, 5044 Schlossrued",1.00,,,schneider,60
Immobilienkultur AG — Immobilienkultur AG,Zürich,ZH,HIGH,yes,CHE-497.958.831,Immobilienkultur Zürich AG,SA,Seefeldstrasse 62,8008,Zürich,ZH,"Seefeldstrasse 62, 8008 Zürich",1.00,yes,yes,immobilienkultur,3
Immobilienkultur Verwaltungen AG,Zürich,ZH,HIGH,yes,CHE-497.958.831,Immobilienkultur Zürich AG,SA,Seefeldstrasse 62,8008,Zürich,ZH,"Seefeldstrasse 62, 8008 Zürich",1.00,yes,yes,immobilienkultur,3
Immobilienkultur Verwaltungen AG — Immobilienkultur Verwaltungen AG,Zürich,ZH,HIGH,yes,CHE-497.958.831,Immobilienkultur Zürich AG,SA,Seefeldstrasse 62,8008,Zürich,ZH,"Seefeldstrasse 62, 8008 Zürich",1.00,yes,yes,immobilienkultur,3
Immobilienkultur Zürich AG,Zürich,ZH,HIGH,yes,CHE-497.958.831,Immobilienkultur Zürich AG,SA,Seefeldstrasse 62,8008,Zürich,ZH,"Seefeldstrasse 62, 8008 Zürich",1.00,yes,yes,immobilienkultur,3
Immobilière Genevoise - Location,Genève,GE,MEDIUM,,CHE-273.696.473,REGIE GENEVOISE IMMOBILIERE SA,SA,route de Thonon 160,1222,Vésenaz,GE,"route de Thonon 160, 1222 Vésenaz",0.67,yes,,genevoise,60
Immobloom Sàrl,La Chaux-de-Fonds,NE,HIGH,,CHE-255.324.200,Immobloom Sàrl,Sàrl,rue de la Balance 2,2300,La Chaux-de-Fonds,NE,"rue de la Balance 2, 2300 La Chaux-de-Fonds",1.00,yes,yes,immobloom,1
Immocal Partner AG,Affoltern am Albis,ZH,HIGH,yes,CHE-114.155.543,Immocal AG,SA,Untere Bahnhofstrasse 12,8910,Affoltern am Albis,ZH,"Untere Bahnhofstrasse 12, 8910 Affoltern am Albis",1.00,yes,yes,immocal,2
"Immocal Partner AG, Affoltern am Albis",Affoltern am Albis,ZH,LOW,,CHE-114.155.543,Immocal AG,SA,Untere Bahnhofstrasse 12,8910,Affoltern am Albis,ZH,"Untere Bahnhofstrasse 12, 8910 Affoltern am Albis",0.40,yes,yes,immocal,2
Immocloud Sàrl,Crissier,VD,HIGH,,CHE-361.265.977,Immocloud Sàrl,Sàrl,Chemin de Mongevon 8,1023,Crissier,VD,"Chemin de Mongevon 8, 1023 Crissier",1.00,yes,yes,immocloud,1
ImmoCrans SA,Crans-Montana,VS,HIGH,,CHE-377.610.092,ImmoCrans SA,SA,Rue Centrale 31,3963,Crans-Montana,VS,"Rue Centrale 31, 3963 Crans-Montana",1.00,yes,yes,immocrans,1
IMMOcreativ Balmer GmbH,Spiez,BE,HIGH,,CHE-476.775.294,IMMOcreativ Balmer GmbH,Sàrl,Thunstrasse 8,3700,Spiez,BE,"Thunstrasse 8, 3700 Spiez",1.00,yes,yes,immocreativ,1
Immodue GmbH,Bülach,ZH,HIGH,,CHE-116.172.802,Immodue GmbH,Sàrl,Rössligasse 4,8180,Bülach,ZH,"Rössligasse 4, 8180 Bülach",1.00,yes,yes,immodue,1
Immohelp AG,Basel,BS,HIGH,,CHE-103.563.180,Immohelp AG,SA,Nauenstr. 41,4052,Basel,BS,"Nauenstr. 41, 4052 Basel",1.00,yes,yes,immohelp,2
IMMOHOLD Real Estate GmbH,Zürich,ZH,HIGH,,CHE-172.069.557,Immohold Real Estate GmbH,Sàrl,Renggerstrasse 31,8038,Zürich,ZH,"Renggerstrasse 31, 8038 Zürich",1.00,yes,yes,immohold,5
Immolak,Zürich,ZH,HIGH,,CHE-163.395.874,Immolak GmbH,Sàrl,route de Chêne 14,1207,Genève,GE,"route de Chêne 14, 1207 Genève",1.00,,,immolak,2
Immolak GmbH,Genf,GE,HIGH,,CHE-163.395.874,Immolak GmbH,Sàrl,route de Chêne 14,1207,Genève,GE,"route de Chêne 14, 1207 Genève",1.00,yes,,immolak,2
Immolak Sàrl,Genève,GE,HIGH,,CHE-163.395.874,Immolak GmbH,Sàrl,route de Chêne 14,1207,Genève,GE,"route de Chêne 14, 1207 Genève",1.00,yes,yes,immolak,2
ImmoLeague AG,Kreuzlingen,SH,HIGH,yes,CHE-109.907.697,ImmoLeague AG,SA,Löwenstrasse 10,8280,Kreuzlingen,TG,"Löwenstrasse 10, 8280 Kreuzlingen",1.00,,yes,immoleague,5
Immolife Ticino SA,Maroggia,TI,HIGH,,CHE-116.234.923,Immolife Ticino SA,SA,Via Baldassarre Longhena 24,6817,Maroggia,TI,"Via Baldassarre Longhena 24, 6817 Maroggia",1.00,yes,yes,immolife,4
ImmolifeTicino SA,Maroggia,TI,NONE,,,,,,,,,,,,,immolifeticino,0
immoMARTI Immobilien GmbH,Dinhard,ZH,HIGH,,CHE-306.419.244,immoMARTI Immobilien GmbH,Sàrl,Büelstrasse 55,8474,Dinhard,ZH,"Büelstrasse 55, 8474 Dinhard",1.00,yes,yes,immomarti,1
Immondo AG - die Immobilienwelt,Langenthal,BL,HIGH,,CHE-170.450.449,Immondo AG - die Immobilienwelt,SA,Jurastrasse 15,4900,Langenthal,BE,"Jurastrasse 15, 4900 Langenthal",1.00,,yes,immobilienwelt,2
Immopart AG,Solothurn,SO,HIGH,,CHE-354.753.007,Immopart AG,SA,Weissensteinstrasse 71,4500,Solothurn,SO,"Weissensteinstrasse 71, 4500 Solothurn",1.00,yes,yes,immopart,29
Immoprogramm SA,Bellinzona,TI,HIGH,,CHE-106.552.310,Immoprogramm SA,SA,Viale Stazione 4,6500,Bellinzona,TI,"Viale Stazione 4, 6500 Bellinzona",1.00,yes,yes,immoprogramm,1
ImmoRise GmbH,Hombrechtikon,ZH,HIGH,,CHE-140.550.773,ImmoRise GmbH,Sàrl,Herrgass 6,8634,Hombrechtikon,ZH,"Herrgass 6, 8634 Hombrechtikon",1.00,yes,yes,immorise,1
Immoroom AG,Henau,SG,HIGH,,CHE-449.152.096,Immoroom AG,SA,Bachwes 24,9247,Henau,SG,"Bachwes 24, 9247 Henau",1.00,yes,yes,immoroom,1
IMMOSEEKER AG,Brig,VS,HIGH,,CHE-114.107.515,IMMOSEEKER AG,SA,Bernstrasse 26,3280,Murten,FR,"Bernstrasse 26, 3280 Murten",1.00,,,immoseeker,7
ImmoSET GmbH — Immobilien-Verwaltung,Islikon,TG,HIGH,,CHE-356.021.636,ImmoSET GmbH,Sàrl,Hauptstrasse 58,8546,Islikon,TG,"Hauptstrasse 58, 8546 Islikon",1.00,yes,yes,immoset,1
ImmoSET GmbH — Immobilienverwaltung,Islikon,TG,LOW,,CHE-414.103.424,Malici Immobilienverwaltung,0101,Kirchstrasse 21,8580,Amriswil,TG,"Kirchstrasse 21, 8580 Amriswil",0.50,yes,,immobilienverwaltung,49
Immoshop Werdenberg,,,MEDIUM,,CHE-353.114.276,Stiftung Werdenberg,fond,"c/o Dr. Matthias Tschudi, Tschudi Thaler Rechtsanwälte
Löwenstrasse 3",8001,Zürich,ZH,"c/o Dr. Matthias Tschudi, Tschudi Thaler Rechtsanwälte
Löwenstrasse 3, 8001 Zürich",0.67,,,werdenberg,32
ImmoSky AG - Dübendorf,Dübendorf,ZH,MEDIUM,,CHE-455.613.160,ImmoSky AG,SA,Spittelweg 2,5034,Suhr,AG,"Spittelweg 2, 5034 Suhr",0.67,,,immosky,1
ImmoSoul AG,Lenzburg,AG,HIGH,,CHE-116.335.659,ImmoSoul AG,SA,Schützenmattstrasse 7,5600,Lenzburg,AG,"Schützenmattstrasse 7, 5600 Lenzburg",1.00,yes,yes,immosoul,1
Immostalder GmbH,Bern 6,BE,HIGH,,CHE-438.000.312,Immostalder GmbH,Sàrl,Jubiläumsstrasse 91,3005,Bern,BE,"Jubiläumsstrasse 91, 3005 Bern",1.00,yes,yes,immostalder,1
Immostile SA,Chiasso,TI,HIGH,,CHE-323.585.441,Immostile SA,SA,Via Emilio Bossi 32,6830,Chiasso,TI,"Via Emilio Bossi 32, 6830 Chiasso",1.00,yes,yes,immostile,1
Immosuisse Uk Ltd,Zürich,ZH,NONE,,,,,,,,,,,,,immosuisse,0
immotega property management ag,Münchenbuchsee,BE,LOW,,CHE-105.931.030,Bigla Management AG,SA,Werkstrasse 36,3250,Lyss,BE,"Werkstrasse 36, 3250 Lyss",0.40,yes,,management,60
Immotov AG,Zürich,ZH,HIGH,yes,CHE-166.249.996,Immotov AG,SA,Martastrasse 145,8003,Zürich,ZH,"Martastrasse 145, 8003 Zürich",1.00,yes,yes,immotov,3
IMMOVENTA GmbH,Ipsach,BE,HIGH,,CHE-170.757.126,IMMOVENTA GmbH,Sàrl,Buchenweg 3,2563,Ipsach,BE,"Buchenweg 3, 2563 Ipsach",1.00,yes,yes,immoventa,1
Immovesta AG,Zürich,ZH,HIGH,,CHE-109.454.856,Immovesta AG,SA,Weberstrasse 4,8004,Zürich,ZH,"Weberstrasse 4, 8004 Zürich",1.00,yes,yes,immovesta,2
Immovisa GmbH,,,HIGH,,CHE-319.435.028,Immovisa GmbH,Sàrl,Gibelinstrasse 25,4500,Solothurn,SO,"Gibelinstrasse 25, 4500 Solothurn",1.00,,,immovisa,1
Immovisa GmbH — Immovisa GmbH,Solothurn,SO,HIGH,,CHE-319.435.028,Immovisa GmbH,Sàrl,Gibelinstrasse 25,4500,Solothurn,SO,"Gibelinstrasse 25, 4500 Solothurn",1.00,yes,yes,immovisa,1
Immowengi AG,Solothurn,SO,HIGH,,CHE-106.477.921,Immowengi AG,SA,Hans Huber-Strasse 38,4500,Solothurn,SO,"Hans Huber-Strasse 38, 4500 Solothurn",1.00,yes,yes,immowengi,1
Immowengi AG — Bewirtschaftung,Solothurn,SO,LOW,,CHE-475.203.664,GYSIN AG Bau und Bewirtschaftung von Immobilien,SA,Tschertligasse 6,4622,Egerkingen,SO,"Tschertligasse 6, 4622 Egerkingen",0.50,yes,,bewirtschaftung,51
Immowengi AG — Philipp Roth,Solothurn,SO,LOW,,CHE-106.477.921,Immowengi AG,SA,Hans Huber-Strasse 38,4500,Solothurn,SO,"Hans Huber-Strasse 38, 4500 Solothurn",0.50,yes,yes,immowengi,1
ImmoXellent AG,Rotkreuz,ZG,HIGH,,CHE-187.094.185,ImmoXellent AG,SA,Mühlematt 6,6343,Rotkreuz,ZG,"Mühlematt 6, 6343 Rotkreuz",1.00,yes,yes,immoxellent,1
ImmoZog AG,Birsfelden,BL,HIGH,,CHE-352.989.125,ImmoZog AG,SA,Am Stausee 32,4127,Birsfelden,BL,"Am Stausee 32, 4127 Birsfelden",1.00,yes,yes,immozog,1
Imogroup Grand Genève,Chêne-Bourg,GE,MEDIUM,,CHE-113.084.254,IMOgroup AG,SA,Hafenstrasse 50c,8280,Kreuzlingen,TG,"Hafenstrasse 50c, 8280 Kreuzlingen",0.67,,,imogroup,2
Imvedo SA,Cadempino,TI,HIGH,,CHE-103.323.606,Imvedo SA,SA,Via Ponteggia 23,6814,Cadempino,TI,"Via Ponteggia 23, 6814 Cadempino",1.00,yes,yes,imvedo,1
Ina Immobilia AG,Celerina/Schlarigna,GR,LOW,,CHE-101.806.555,Immobilia Moderna SA,SA,"c/o Paolo Flückiger
Via alla Rocca 8",6600,Solduno,TI,"c/o Paolo Flückiger
Via alla Rocca 8, 6600 Solduno",0.50,,,immobilia,60
Innora Immobilien AG,Däniken SO,SO,HIGH,,CHE-103.806.750,Innora Immobilien AG,SA,Walkistrasse 41,4658,Däniken SO,SO,"Walkistrasse 41, 4658 Däniken SO",1.00,yes,yes,innora,11
inspecta treuhand ag,St. Gallen,SG,HIGH,,CHE-107.263.624,inspecta treuhand ag,SA,Rorschacher Strasse 304,9016,St. Gallen,SG,"Rorschacher Strasse 304, 9016 St. Gallen",1.00,yes,yes,inspecta,8
inspecta treuhand ag Bereich Immbobilien,St. Gallen,SG,NONE,,,,,,,,,,,,,immbobilien,0
inspecta treuhand ag Bereich Immobilien,St. Gallen,SG,MEDIUM,,CHE-107.263.624,inspecta treuhand ag,SA,Rorschacher Strasse 304,9016,St. Gallen,SG,"Rorschacher Strasse 304, 9016 St. Gallen",0.67,yes,yes,inspecta,8
Inspire 529 GmbH,Zürich,ZH,HIGH,,CHE-444.832.551,Inspire 529 GmbH,Sàrl,"c/o Inspire 925 GmbH
Asylstrasse 77",8032,Zürich,ZH,"c/o Inspire 925 GmbH
Asylstrasse 77, 8032 Zürich",1.00,yes,yes,inspire,60
Inter Real Estate AG,Zug,ZG,MEDIUM,,CHE-103.615.842,Argo Inter AG,SA,Sagenmattstrasse 24,6003,Luzern,LU,"Sagenmattstrasse 24, 6003 Luzern",0.67,,,inter,60
Intercity Immobilien AG,Zürich,ZH,HIGH,yes,CHE-100.836.039,Intercity Group Holding AG,SA,Zollikerstrasse 141,8008,Zürich,ZH,"Zollikerstrasse 141, 8008 Zürich",1.00,yes,yes,intercity,15
Interfida SA,Chiasso,TI,HIGH,yes,CHE-110.225.937,Interfida SA,SA,Corso San Gottardo 35,6830,Chiasso,TI,"Corso San Gottardo 35, 6830 Chiasso",1.00,yes,yes,interfida,7
Interfida SA Lugano,Lugano,TI,HIGH,yes,CHE-105.737.700,Interfida Holding SA,SA,Piazza del Ponte 9,6850,Mendrisio,TI,"Piazza del Ponte 9, 6850 Mendrisio",1.00,yes,,interfida,7
Intermezzo Houses AG,Fällanden,ZH,HIGH,,CHE-387.596.281,Intermezzo Houses AG,SA,"c/o Gabriel Jundt
Chilewäg 9",8117,Fällanden,ZH,"c/o Gabriel Jundt
Chilewäg 9, 8117 Fällanden",1.00,yes,yes,intermezzo,6
Intershop Management AG,Zürich,ZH,LOW,,CHE-101.489.207,Disco-Management AG,SA,Beatengasse 11,8001,Zürich,ZH,"Beatengasse 11, 8001 Zürich",0.50,yes,yes,management,60
Intrahall Treuhand + Verw. AG,,,LOW,,CHE-107.518.043,Intrahall Treuhand und Verwaltungs AG,SA,Solothurnstrasse 31,3303,Jegenstorf,BE,"Solothurnstrasse 31, 3303 Jegenstorf",0.50,,,intrahall,1
INTRAHALL Treuhand und Verwaltungs AG,Jegenstorf,BE,LOW,,CHE-107.922.496,Ascofida Treuhand- & Verwaltungs-AG,SA,Zeughausgasse 24,3011,Bern,BE,"Zeughausgasse 24, 3011 Bern",0.50,yes,,verwaltungs,60
Investhaus AG,Basel,BS,HIGH,,CHE-475.166.129,Investhaus AG,SA,St. Jakobs-Strasse 187,4052,Basel,BS,"St. Jakobs-Strasse 187, 4052 Basel",1.00,yes,yes,investhaus,1
Iseli & Partner Immobilien AG,Bern,BE,HIGH,yes,CHE-114.374.588,Iseli GmbH,Sàrl,Dorfstrasse 28,3504,Niederhünigen,BE,"Dorfstrasse 28, 3504 Niederhünigen",1.00,yes,,iseli,60
Islami Immobilien & Finanzen,Würenlingen,AG,HIGH,,CHE-466.851.516,Islami Immobilien & Finanzen,0101,Bergstrasse 14,8953,Dietikon,ZH,"Bergstrasse 14, 8953 Dietikon",1.00,,,finanzen,60
ismaili architekten gmbh,Winterthur,ZH,LOW,,CHE-106.466.538,bär + architekten AG,SA,Nelkenstrasse 2,8400,Winterthur,ZH,"Nelkenstrasse 2, 8400 Winterthur",0.50,yes,yes,architekten,60
IT3 Immobilien + Treuhand AG,St. Gallen,SG,HIGH,yes,CHE-492.406.464,IT3 Immobilien + Treuhand AG,succursale,Teufener Strasse 12,9000,St. Gallen,SG,"Teufener Strasse 12, 9000 St. Gallen",1.00,yes,yes,it3,7
IT3 Immobilien und Treuhand AG,St. Gallen,SG,HIGH,yes,CHE-492.406.464,IT3 Immobilien + Treuhand AG,succursale,Teufener Strasse 12,9000,St. Gallen,SG,"Teufener Strasse 12, 9000 St. Gallen",1.00,yes,yes,it3,7
IT3 Treuhand + Immobilien AG,Schaffhausen,SH,HIGH,yes,CHE-109.392.250,IT3 Immobilien + Treuhand AG,SA,Schönmaiengässchen 1,8200,Schaffhausen,SH,"Schönmaiengässchen 1, 8200 Schaffhausen",1.00,yes,yes,it3,7
IT3 Treuhand + Immobilien AG — Haus zum Thiergarten,Schaffhausen,SH,LOW,,CHE-310.004.194,Thiergarten Immobilien AG,SA,Schönmaiengässchen 1,8200,Schaffhausen,SH,"Schönmaiengässchen 1, 8200 Schaffhausen",0.40,yes,yes,thiergarten,1
ITL Immobilien AG,Zollikon,ZH,MEDIUM,,CHE-103.398.490,ITL Ritz SA,SA,"c/o SEF Associati GmbH
Via dal Bagn 1",7500,St. Moritz,GR,"c/o SEF Associati GmbH
Via dal Bagn 1, 7500 St. Moritz",0.67,,,itl,60
Ivan Koenig,,,LOW,,CHE-100.149.594,Debrunner Koenig AG,SA,Raiffeisenplatz 2,9000,St. Gallen,SG,"Raiffeisenplatz 2, 9000 St. Gallen",0.50,,,koenig,28
Janine Hager,Winterthur,ZH,LOW,,CHE-112.200.960,Janine Fenner Treuhand,0101,Im Brünneli 26,8127,Forch,ZH,"Im Brünneli 26, 8127 Forch",0.50,yes,,janine,60
Jean-Philippe Favre,Lausanne,VD,LOW,,CHE-104.878.350,"CHAVE Jean-Philippe, SIDA.CH",0101,Chemin des Esserts 9,1092,Belmont-Lausanne,VD,"Chemin des Esserts 9, 1092 Belmont-Lausanne",0.57,yes,yes,philippe,60
Jenni Immobilien Treuhand AG,Belp,BE,HIGH,,CHE-101.014.413,Jenni,0101,"null
Maienweg 8",9470,Buchs,SG,"null
Maienweg 8, 9470 Buchs",1.00,,,jenni,60
Jessica — Gabbani,Lausanne,VD,LOW,,CHE-115.589.513,Scialletti Jessica,0101,Route de Prilly 5,1004,Lausanne,VD,"Route de Prilly 5, 1004 Lausanne",0.50,yes,yes,jessica,60
Jessica — Jessica Gabbani,Lausanne,VD,LOW,,CHE-115.589.513,Scialletti Jessica,0101,Route de Prilly 5,1004,Lausanne,VD,"Route de Prilly 5, 1004 Lausanne",0.50,yes,yes,jessica,60
Jessica Gabbani — Jessica Gabbani,Lausanne,VD,LOW,,CHE-115.589.513,Scialletti Jessica,0101,Route de Prilly 5,1004,Lausanne,VD,"Route de Prilly 5, 1004 Lausanne",0.50,yes,yes,jessica,60
JHK Immobilien AG,Zürich,ZH,HIGH,,CHE-106.938.371,JHK Immobilien AG,SA,Staubstrasse 15,8038,Zürich,ZH,"Staubstrasse 15, 8038 Zürich",1.00,yes,yes,jhk,2
JMI Immobilien,Glattbrugg,ZH,MEDIUM,,CHE-373.267.865,JMI - Milanovic Immobilien,0101,Zunstrasse 9c,8152,Opfikon,ZH,"Zunstrasse 9c, 8152 Opfikon",0.67,yes,,jmi,16
Jo immo Sàrl,Payerne,VD,NONE,,,,,,,,,,,,,,0
Johanna Lehner Immobilien-Coaching GmbH,Bubendorf,BL,NONE,,CHE-109.593.630,Coaching Performance Stephan Greier,0101,Erlenstrasse 27,4106,Therwil,BL,"Erlenstrasse 27, 4106 Therwil",0.29,yes,,coaching,60
John Taylor Crans-Montana,Crans-Montana,VS,LOW,,CHE-148.281.849,John Taylor Gstaad AG,SA,Dorfplatz 60,3792,Saanen,BE,"Dorfplatz 60, 3792 Saanen",0.57,,,taylor,22
John Taylor Montreux,Montreux,VD,MEDIUM,,CHE-148.281.849,John Taylor Gstaad AG,SA,Dorfplatz 60,3792,Saanen,BE,"Dorfplatz 60, 3792 Saanen",0.80,,,taylor,22
John Taylor Sion,Sion,VS,MEDIUM,,CHE-148.281.849,John Taylor Gstaad AG,SA,Dorfplatz 60,3792,Saanen,BE,"Dorfplatz 60, 3792 Saanen",0.80,,,taylor,22
John Taylor Verbier,Verbier,VS,MEDIUM,,CHE-148.281.849,John Taylor Gstaad AG,SA,Dorfplatz 60,3792,Saanen,BE,"Dorfplatz 60, 3792 Saanen",0.67,,,taylor,22
Jones Lang LaSalle (Geneva) SA,Genève,GE,HIGH,yes,CHE-114.502.159,Jones Lang LaSalle (Geneva) SA,SA,Rue Vallin 2,1201,Genève,GE,"Rue Vallin 2, 1201 Genève",1.00,yes,yes,lasalle,5
Jones Lang LaSalle AG,Zürich,ZH,HIGH,yes,CHE-116.166.150,Jones Lang LaSalle AG,SA,Hardstrasse 201,8005,Zürich,ZH,"Hardstrasse 201, 8005 Zürich",1.00,yes,yes,lasalle,5
Josef Wiederkehr Immobilien AG,Dietikon,ZH,HIGH,yes,CHE-107.938.267,Josef Wiederkehr Immobilien AG,SA,Holzmattstrasse 7,8953,Dietikon,ZH,"Holzmattstrasse 7, 8953 Dietikon",1.00,yes,yes,wiederkehr,60
Jouan - de Rham,Vésenaz,GE,HIGH,yes,CHE-380.638.197,Jouan - de Rham SA,SA,Rue de Saint-Victor 4,1206,Genève,GE,"Rue de Saint-Victor 4, 1206 Genève",1.00,yes,,jouan,5
JR Gestion Sàrl,Sion,VS,NONE,,,,,,,,,,,,,,0
Juchli Immobilien AG,Zürich,ZH,HIGH,,CHE-318.641.708,Juchli Immobilien AG,SA,Friesenbergplatz 11,8045,Zürich,ZH,"Friesenbergplatz 11, 8045 Zürich",1.00,yes,yes,juchli,18
Julius Baer Real Estate Ltd.,Zurich,ZH,LOW,,CHE-104.092.697,Julius Bär Stiftung,fond,"c/o Bank Julius Bär & Co
Bahnhofstrasse 36",8001,Zürich,ZH,"c/o Bank Julius Bär & Co
Bahnhofstrasse 36, 8001 Zürich",0.40,yes,yes,julius,60
Jungstay GmbH,Allschwil,BL,HIGH,,CHE-479.856.612,Jungstay GmbH,Sàrl,Merkurstrasse 46,4123,Allschwil,BL,"Merkurstrasse 46, 4123 Allschwil",1.00,yes,yes,jungstay,1
K. Bucher Immobilien Treuhand,Oberdorf,ZG,HIGH,,CHE-106.632.653,K. Bucher Immobilien-Treuhand AG,SA,Aawasserstrasse 2,6370,Oberdorf NW,NW,"Aawasserstrasse 2, 6370 Oberdorf NW",1.00,,yes,bucher,60
K. Bucher Immobilien Treuhand AG,Oberdorf,ZG,HIGH,,CHE-106.632.653,K. Bucher Immobilien-Treuhand AG,SA,Aawasserstrasse 2,6370,Oberdorf NW,NW,"Aawasserstrasse 2, 6370 Oberdorf NW",1.00,,yes,bucher,60
kade & partner ag,Dübendorf,ZH,HIGH,,CHE-107.161.395,kade & partner ag,SA,Ringstrasse 18b,8600,Dübendorf,ZH,"Ringstrasse 18b, 8600 Dübendorf",1.00,yes,yes,kade,60
Kälin Hansjörg,Stadel,ZH,LOW,,CHE-103.513.087,Hansjörg Mohr AG,SA,Ackeretstrasse 2,8400,Winterthur,ZH,"Ackeretstrasse 2, 8400 Winterthur",0.50,yes,,hansjörg,49
KANAAN AG,Zürich,ZH,HIGH,,CHE-323.096.550,Kanaan AG,SA,Sihleggstrasse 23,8832,Wollerau,SZ,"Sihleggstrasse 23, 8832 Wollerau",1.00,,,kanaan,3
Käppeli Immobilien,Thun,BE,HIGH,yes,CHE-108.478.245,Käppeli Immobilien AG,SA,Militärstrasse 9,3600,Thun,BE,"Militärstrasse 9, 3600 Thun",1.00,yes,yes,käppeli,60
Kaymo  agence immobilier,Le Mont-sur-Lausanne,VD,HIGH,,CHE-181.743.097,KAYMO Sàrl,Sàrl,Route de la Clochatte 106 c,1052,Le Mont-sur-Lausanne,VD,"Route de la Clochatte 106 c, 1052 Le Mont-sur-Lausanne",1.00,yes,yes,kaymo,1
KEE Properties AG,Geroldswil,ZH,LOW,,CHE-102.948.933,Immotov Properties AG,SA,Martastrasse 145,8003,Zürich,ZH,"Martastrasse 145, 8003 Zürich",0.50,yes,,properties,60
KELLER Immobilien-Treuhand AG,Wallisellen,ZH,HIGH,yes,CHE-106.305.220,Keller Immobilien-Treuhand AG,SA,Kirchstrasse 1,8304,Wallisellen,ZH,"Kirchstrasse 1, 8304 Wallisellen",1.00,yes,yes,keller,60
Keller Immobilien-Treuhand AG — Kompetenzzentrum für Immobilien,Wallisellen,ZH,MEDIUM,,CHE-185.406.859,Kompetenzzentrum Keller GmbH,Sàrl,Grünaustrasse 2,8953,Dietikon,ZH,"Grünaustrasse 2, 8953 Dietikon",0.80,yes,,kompetenzzentrum,41
"Keller Immobilien-Treuhand AG, Wallisellen",Wallisellen,ZH,MEDIUM,,CHE-106.305.220,Keller Immobilien-Treuhand AG,SA,Kirchstrasse 1,8304,Wallisellen,ZH,"Kirchstrasse 1, 8304 Wallisellen",0.67,yes,yes,keller,60
keller real estate,Russikon,ZH,HIGH,yes,CHE-101.910.193,Keller Holding AG,SA, ,8422,Pfungen,ZH," , 8422 Pfungen",1.00,yes,,keller,60
Kempter Immobilier Sàrl,Vufflens-la-Ville,VD,MEDIUM,,CHE-310.368.153,Ruben Kempter Immobilier Sàrl,Sàrl,L'Arzillier 45,1302,Vufflens-la-Ville,VD,"L'Arzillier 45, 1302 Vufflens-la-Ville",0.67,yes,yes,kempter,10
Kenzou AG,,,HIGH,,CHE-150.462.805,Kenzou AG,SA,Bielweg 4,3934,Zeneggen,VS,"Bielweg 4, 3934 Zeneggen",1.00,,,kenzou,2
Kista Immobilien AG,Cham,ZG,HIGH,yes,CHE-146.101.155,Kista Immobilien AG,SA,Brunnmatt 16,6330,Cham,ZG,"Brunnmatt 16, 6330 Cham",1.00,yes,yes,kista,14
KL Immo Sàrl,Vétroz,VS,NONE,,,,,,,,,,,,,,0
KLD Dillier Immobilien AG,Schneisingen,AG,HIGH,,CHE-350.207.993,KLD Dillier Immobilien AG,SA,Bergstrasse 13,5425,Schneisingen,AG,"Bergstrasse 13, 5425 Schneisingen",1.00,yes,yes,dillier,31
Kling Liegenschaftsverwaltung AG,Basel,BS,HIGH,,CHE-440.384.074,Kling Liegenschaftsverwaltung AG,SA,Grenzacherstrasse 79,4058,Basel,BS,"Grenzacherstrasse 79, 4058 Basel",1.00,yes,yes,liegenschaftsverwaltung,43
KNAP Immobilien GmbH,Zetzwil,AG,HIGH,,CHE-360.830.946,KNAP Immobilien GmbH,Sàrl,Eggstrasse 205,5732,Zetzwil,AG,"Eggstrasse 205, 5732 Zetzwil",1.00,yes,yes,knap,20
Koch Immobilien,Wallisellen,ZH,HIGH,yes,CHE-101.611.595,KOCH Group AG,SA,Birgistrasse 3,8304,Wallisellen,ZH,"Birgistrasse 3, 8304 Wallisellen",1.00,yes,yes,koch,60
Kocher Immobilien AG,Solothurn,SO,HIGH,yes,CHE-101.979.227,Kocher AG,SA,"c/o Christoph Landolt
Schützenstrasse 24",4900,Langenthal,BE,"c/o Christoph Landolt
Schützenstrasse 24, 4900 Langenthal",1.00,,,kocher,60
KONImmo AG,Bern,BE,HIGH,,CHE-246.581.962,KONImmo AG,SA,Wylerringstrasse 62,3014,Bern,BE,"Wylerringstrasse 62, 3014 Bern",1.00,yes,yes,konimmo,1
Kornhaus Verwaltungs AG,Zürich,ZH,LOW,,CHE-107.899.905,Blum Verwaltungs- und Treuhand AG,SA,Löwenstrasse 20,8001,Zürich,ZH,"Löwenstrasse 20, 8001 Zürich",0.50,yes,yes,verwaltungs,60
Kovacs experience,Basel,BS,LOW,,CHE-101.477.658,Golf Experience AG,SA,Wartenbergstrasse 47,4052,Basel,BS,"Wartenbergstrasse 47, 4052 Basel",0.50,yes,yes,experience,60
Krieger & Linsi AG,Luzern,LU,HIGH,,CHE-104.142.734,Krieger & Linsi AG,SA,Frankenstrasse 2,6003,Luzern,LU,"Frankenstrasse 2, 6003 Luzern",1.00,yes,yes,krieger,30
Kriens (Pilatusmarkt),Kriens,LU,NONE,,,,,,,,,,,,,pilatusmarkt,0
Krummenacher & Talberg Immobilien,Oberbüren,SG,MEDIUM,,CHE-244.739.235,Krummenacher Immobilien (Schweiz) GmbH,Sàrl,Sandackerstrasse 30,9245,Oberbüren,SG,"Sandackerstrasse 30, 9245 Oberbüren",0.67,yes,yes,krummenacher,56
Kuhn Immobilien,Worb,BE,HIGH,yes,CHE-102.619.518,Kuhn Immobilien AG,SA,Kirchweg 3,3812,Wilderswil,BE,"Kirchweg 3, 3812 Wilderswil",1.00,yes,,kuhn,60
"Kuhn Immobilien, Inhaber Jürg Messerli",Worb,BE,LOW,,CHE-113.715.913,Messerli Verwaltungen GmbH,Sàrl,Militärstrasse 24,3014,Bern,BE,"Militärstrasse 24, 3014 Bern",0.40,yes,,messerli,60
Künzi Treuhand AG,Bubikon,ZH,HIGH,yes,CHE-106.587.047,Künzi Treuhand AG,SA,Rosswiesstrasse 29,8608,Bubikon,ZH,"Rosswiesstrasse 29, 8608 Bubikon",1.00,yes,yes,künzi,60
Künzler & Partner Immobilien GmbH,Glarus,TG,HIGH,yes,CHE-105.517.340,Künzler & Partners AG,SA,Moos 1,2513,Twann,BE,"Moos 1, 2513 Twann",1.00,,,künzler,60
Kyrona Real Estate Sagl,Agno,TI,HIGH,yes,CHE-113.221.812,Kyrona Real Estate Sagl,Sàrl,Strada Regina 167,6982,Agno,TI,"Strada Regina 167, 6982 Agno",1.00,yes,yes,kyrona,3
L + R Dienstleistungen GmbH,Willisau,LU,LOW,,CHE-105.800.511,BS Immobilien + Dienstleistungen AG,SA,Kantonsstrasse 5,6105,Schachen,LU,"Kantonsstrasse 5, 6105 Schachen",0.40,yes,,dienstleistungen,60
L.Comina Immobilier,Crans-Montana,VS,HIGH,,CHE-301.906.904,L. Comina Immobilier SA,SA,"c/o Ludivine Léonard
Route des Briesses 6",3963,Crans-Montana,VS,"c/o Ludivine Léonard
Route des Briesses 6, 3963 Crans-Montana",1.00,yes,yes,comina,12
L'adresse Immobilière Sàrl,Martigny,VS,HIGH,yes,CHE-285.599.612,l'Adresse Immobilière Sàrl,Sàrl,Avenue de la Gare 46b,1920,Martigny,VS,"Avenue de la Gare 46b, 1920 Martigny",1.00,yes,yes,adresse,16
L'Arcade Sàrl,Corsier-sur-Vevey,VD,HIGH,yes,CHE-109.401.630,L'Arcade Sàrl,Sàrl,Chemin de Meruz 1,1804,Corsier-sur-Vevey,VD,"Chemin de Meruz 1, 1804 Corsier-sur-Vevey",1.00,yes,yes,arcade,50
La Perle Immobilier,Eysins,GE,HIGH,,CHE-101.104.944,Perle GmbH,Sàrl,Hauptbahnhofstrasse 5,4500,Solothurn,SO,"Hauptbahnhofstrasse 5, 4500 Solothurn",1.00,,,perle,60
La Perle Immobilier Sàrl,Genève,GE,HIGH,,CHE-101.104.944,Perle GmbH,Sàrl,Hauptbahnhofstrasse 5,4500,Solothurn,SO,"Hauptbahnhofstrasse 5, 4500 Solothurn",1.00,,,perle,60
La Praille (Grand-Lancy),Grand-Lancy,GE,LOW,,CHE-109.614.574,Harmony Praille SA,SA,Route des Jeunes 8,1212,Grand-Lancy,GE,"Route des Jeunes 8, 1212 Grand-Lancy",0.40,yes,yes,praille,15
La Rose Groupe SA,Lausanne,VD,LOW,,CHE-100.255.871,Le Laurier rose A. S.A.,SA,"c/o Georges Mettrau
Rue Saint-Pierre 2",1003,Lausanne,VD,"c/o Georges Mettrau
Rue Saint-Pierre 2, 1003 Lausanne",0.40,yes,yes,rose,60
La Via Immobilien GmbH,Hombrechtikon,ZH,MEDIUM,,CHE-103.181.447,Immobiliare Via Borromini SA,SA,Via Maraini 24,6900,Lugano,TI,"Via Maraini 24, 6900 Lugano",0.67,,,via,60
LAGE A REAL ESTATE GmbH,Zug,ZG,NONE,,CHE-107.933.979,Birchler outillage S.A.,SA,chemin de la Lisière 1,1053,Cugy VD,VD,"chemin de la Lisière 1, 1053 Cugy VD",0.33,,,lage,60
Lambertini & Partners,Lugano,TI,HIGH,,CHE-107.534.013,Lambertini & Partners SA,SA,Via Serafino Balestra 18,6900,Lugano,TI,"Via Serafino Balestra 18, 6900 Lugano",1.00,yes,yes,lambertini,2
Lambertini & Partners Gestioni Immobiliari S.A.,Lugano,TI,MEDIUM,,CHE-105.272.061,Lambertini & Partners Gestioni Immobiliari SA,SA,Via S. Balestra 18,6900,Lugano,TI,"Via S. Balestra 18, 6900 Lugano",0.67,yes,yes,lambertini,2
Lambertini & Partners Gestioni Immobiliari SA,Lugano,TI,HIGH,,CHE-105.272.061,Lambertini & Partners Gestioni Immobiliari SA,SA,Via S. Balestra 18,6900,Lugano,TI,"Via S. Balestra 18, 6900 Lugano",1.00,yes,yes,lambertini,2
Landnotariat + Advokatur,Langnau i. E.,BE,HIGH,,CHE-437.984.210,Landnotariat + Advokatur GmbH,Sàrl,Kirchgasse 9,3550,Langnau im Emmental,BE,"Kirchgasse 9, 3550 Langnau im Emmental",1.00,yes,,landnotariat,1
Lässer Treuhand AG,Biel/Bienne,BE,HIGH,yes,CHE-105.712.025,Lässer Treuhand AG,SA,"null
Bahnhofstrasse 12",2502,Biel/Bienne,BE,"null
Bahnhofstrasse 12, 2502 Biel/Bienne",1.00,yes,yes,lässer,31
LATICO Sàrl,Sion,VS,HIGH,,CHE-382.814.074,LATICO Sàrl,Sàrl,Ruelle du Midi 10,1950,Sion,VS,"Ruelle du Midi 10, 1950 Sion",1.00,yes,yes,latico,6
Lauber Barbüda Treuhand AG,Scuol,GR,HIGH,,CHE-107.056.611,Lauber Barbüda Treuhand AG,SA,Suot Rachögna 417,7550,Scuol,GR,"Suot Rachögna 417, 7550 Scuol",1.00,yes,yes,barbüda,2
Lausanne,Lausanne,VD,NONE,,,,,,,,,,,,,,0
LAYF GmbH,Zürich,ZH,HIGH,,CHE-397.645.449,LAYF GmbH,Sàrl,Buckhauserstrasse 36,8048,Zürich,ZH,"Buckhauserstrasse 36, 8048 Zürich",1.00,yes,yes,layf,6
LB Immo GmbH,Bolligen,BE,NONE,,,,,,,,,,,,,,0
LED Liegenschaften AG,Baar,ZG,LOW,,CHE-101.895.056,Gehring Liegenschaften AG,SA,"c/o Corfam Immo AG
Chamerstrasse 50",6300,Zug,ZG,"c/o Corfam Immo AG
Chamerstrasse 50, 6300 Zug",0.50,yes,,liegenschaften,60
Leder & Co Immo AG,Rapperswil,ZH,HIGH,,CHE-102.226.395,Leder & Co. AG,SA,Fluhstrasse 30,8645,Jona,SG,"Fluhstrasse 30, 8645 Jona",1.00,,,leder,60
Ledermann Management AG,Zürich,ZH,LOW,,CHE-101.489.207,Disco-Management AG,SA,Beatengasse 11,8001,Zürich,ZH,"Beatengasse 11, 8001 Zürich",0.50,yes,yes,management,60
Lehmann Immobilien,Langnau Im Emmental,BE,HIGH,yes,CHE-107.818.835,Treuhand Lehmann AG,SA,Mezenerweg 8a,3013,Bern,BE,"Mezenerweg 8a, 3013 Bern",1.00,yes,,lehmann,60
Lelia Immobilien GmbH,Zürich,ZH,HIGH,,CHE-467.517.801,Lelia Immobilien GmbH,Sàrl,Dolderstrasse 62,8032,Zürich,ZH,"Dolderstrasse 62, 8032 Zürich",1.00,yes,yes,lelia,9
LEMAN KEYS,Genève,GE,LOW,,CHE-106.036.273,CFM.LEMAN.CH SA,SA,route de Saint-Julien 255,1258,Perly,GE,"route de Saint-Julien 255, 1258 Perly",0.50,yes,,leman,60
Leman Perspectives Sàrl,Lausanne,VD,HIGH,,CHE-402.262.168,Leman Perspectives Sàrl,Sàrl,Rue de Bourg 27,1003,Lausanne,VD,"Rue de Bourg 27, 1003 Lausanne",1.00,yes,yes,perspectives,39
Lemon Immobilien,Baden,AG,HIGH,yes,CHE-107.148.199,Lemon Group AG,SA,Seftigenstrasse 300,3084,Wabern,BE,"Seftigenstrasse 300, 3084 Wabern",1.00,,,lemon,60
LENZLINGER IMMOBILIEN,,,HIGH,yes,CHE-107.872.409,Lenzlinger Immo SA,SA,Rue des Noyers 11,2000,Neuchâtel,NE,"Rue des Noyers 11, 2000 Neuchâtel",1.00,,,lenzlinger,16
Lerch & Partner Generalunternehmung AG,Bäch SZ,ZH,HIGH,yes,CHE-103.768.842,Lerch AG,SA,Mettlenbachstrasse 1,8617,Mönchaltorf,ZH,"Mettlenbachstrasse 1, 8617 Mönchaltorf",1.00,yes,,lerch,60
Lerch Promotionen AG,Bäch SZ,ZH,HIGH,,CHE-116.149.097,Lerch Promotionen AG,SA,Seestrasse 24b,8806,Bäch SZ,SZ,"Seestrasse 24b, 8806 Bäch SZ",1.00,,yes,promotionen,2
Les Résidences Emma SA,Orbe,VD,MEDIUM,,CHE-107.695.018,Les Résidences Emma S.A.,SA,Rue des Terreaux 33,1350,Orbe,VD,"Rue des Terreaux 33, 1350 Orbe",0.67,yes,yes,résidences,60
Leuenberger Immo GmbH,Dänikon ZH,ZH,HIGH,yes,CHE-100.130.459,Leuenberger & Co,RI,Zürcherstrasse 162,8952,Schlieren,ZH,"Zürcherstrasse 162, 8952 Schlieren",1.00,yes,,leuenberger,60
Level21 GmbH,Baar,ZG,HIGH,,CHE-435.262.146,Level21 GmbH,Sàrl,Inwilerstrasse 15,6340,Baar,ZG,"Inwilerstrasse 15, 6340 Baar",1.00,yes,yes,level21,1
LIAL REAL ESTATE SARL,Pampigny,VD,NONE,,CHE-103.169.819,Logis Familial S.A.,SA,"c/o Bernard Nicod SA
Galeries Benjamin-Constant 1",1003,Lausanne,VD,"c/o Bernard Nicod SA
Galeries Benjamin-Constant 1, 1003 Lausanne",0.00,yes,,lial,60
LIDIWO Immobilien AG,,,HIGH,,CHE-107.826.094,LIDIWO Immobilien AG,SA,Brandbachstrasse 10,8305,Dietlikon,ZH,"Brandbachstrasse 10, 8305 Dietlikon",1.00,,,lidiwo,1
Lienhardt & Partner Privatbank Zürich AG,Zürich,ZH,HIGH,yes,CHE-105.933.879,Lienhardt & Partner Privatbank Zürich AG,SA,Rämistrasse 23,8001,Zürich,ZH,"Rämistrasse 23, 8001 Zürich",1.00,yes,yes,privatbank,9
Lietreu Immoservice AG,Niederwangen,BE,HIGH,,CHE-103.938.328,Lietreu Immoservice AG,SA,Bodelenweg 21,3172,Niederwangen b. Bern,BE,"Bodelenweg 21, 3172 Niederwangen b. Bern",1.00,yes,yes,immoservice,60
Lifestyle Company AG,Bern,BE,HIGH,yes,CHE-100.274.472,Lifestyle Consulting GmbH,Sàrl,Stegreutiweg 2,3110,Münsingen,BE,"Stegreutiweg 2, 3110 Münsingen",1.00,yes,,lifestyle,60
Litzius Immobilien-Dienste AG,Arlesheim,BL,HIGH,,CHE-107.618.928,Litzius Immobilien-Dienste AG,SA,Hauptstrasse 43,4144,Arlesheim,BL,"Hauptstrasse 43, 4144 Arlesheim",1.00,yes,yes,litzius,1
Living Estates AG,Dättwil,AG,MEDIUM,,CHE-318.307.333,ch'estates ag,SA,Sägetstrasse 93,4802,Strengelbach,AG,"Sägetstrasse 93, 4802 Strengelbach",0.67,yes,,estates,60
Living Group,Zürich,ZH,HIGH,,CHE-102.123.648,Living AG,SA,"c/o Senn Treuhand AG
Im Bungert 13",5430,Wettingen,AG,"c/o Senn Treuhand AG
Im Bungert 13, 5430 Wettingen",1.00,,,living,60
Living Raum GmbH,Zürich,ZH,LOW,,CHE-110.114.829,Capitalis Living SA,SA,Bellerivestrasse 65,8008,Zürich,ZH,"Bellerivestrasse 65, 8008 Zürich",0.50,yes,yes,living,60
Livio Gredig,,,MEDIUM,,CHE-106.001.872,Gredig + Partner AG,SA,Spitalstrasse 1,7430,Thusis,GR,"Spitalstrasse 1, 7430 Thusis",0.67,,,gredig,28
Livit AG Real Estate Management,St. Gallen,SG,LOW,,CHE-107.801.987,FKB Management AG,SA,Hauptstrasse 30,9424,Rheineck,SG,"Hauptstrasse 30, 9424 Rheineck",0.50,yes,,management,60
LML immobilier SA,Blonay,VD,HIGH,yes,CHE-388.730.211,LML Immobilier SA,SA,Chemin des Fontanettes 3,1807,Blonay,VD,"Chemin des Fontanettes 3, 1807 Blonay",1.00,yes,yes,lml,21
Locations Générales,Genève,GE,LOW,,CHE-273.634.153,Speedimmo Locations Sàrl,Sàrl,Place du Molard 4,1204,Genève,GE,"Place du Molard 4, 1204 Genève",0.50,yes,yes,locations,53
Locom Sàrl,Morges,VD,HIGH,,CHE-351.538.725,Locom Sàrl,Sàrl,Rue de Lausanne 45,1110,Morges,VD,"Rue de Lausanne 45, 1110 Morges",1.00,yes,yes,locom,6
Losinger Marazzi AG,Bern,BE,HIGH,yes,CHE-106.006.800,Losinger Marazzi AG,SA,Wankdorfallee 5,3014,Bern,BE,"Wankdorfallee 5, 3014 Bern",1.00,yes,yes,losinger,17
Lubana AG,Burgdorf,BE,HIGH,,CHE-115.773.815,Lubana AG,SA,Fischermätteli 19,3400,Burgdorf,BE,"Fischermätteli 19, 3400 Burgdorf",1.00,yes,yes,lubana,1
Lubana AG — Kurt Beck,Burgdorf,BE,LOW,,CHE-115.773.815,Lubana AG,SA,Fischermätteli 19,3400,Burgdorf,BE,"Fischermätteli 19, 3400 Burgdorf",0.50,yes,yes,lubana,1
Lugano,Lugano,TI,NONE,,,,,,,,,,,,,,0
LUGANO HOME SAGL,Lugano,TI,HIGH,yes,CHE-103.033.249,Home Group Service SA,SA,route des Acacias 48,1227,Carouge GE,GE,"route des Acacias 48, 1227 Carouge GE",1.00,,,home,60
Lüscher Immo AG,Olten,SO,HIGH,yes,CHE-103.299.623,Lüscher Immobilien AG,SA,"c/o Erhard Lüscher
Haldenstrasse 20",8967,Widen,AG,"c/o Erhard Lüscher
Haldenstrasse 20, 8967 Widen",1.00,,,lüscher,60
Luzern,Luzern,LU,NONE,,,,,,,,,,,,,,0
LVTiC Sàrl,Puidoux,VD,HIGH,,CHE-146.541.577,LVTiC Sàrl,Sàrl,Rue du Vergnolet 8,1070,Puidoux,VD,"Rue du Vergnolet 8, 1070 Puidoux",1.00,yes,yes,lvtic,2
LZ-Liegenschaftenverwaltung AG,Bennau,ZH,HIGH,,CHE-102.228.520,LZ-Liegenschaftenverwaltung AG,SA,Industriestrasse 14,8836,Bennau,SZ,"Industriestrasse 14, 8836 Bennau",1.00,,yes,liegenschaftenverwaltung,15
M. J. Real Estate Consulting GmbH,Zürich,ZH,NONE,,,,,,,,,,,,,,0
M. Xavier GILLOT,Porrentruy,JU,LOW,,CHE-109.970.106,Bregnard Xavier,0101,"null
Rue Saint-Germain 21",2853,Courfaivre,JU,"null
Rue Saint-Germain 21, 2853 Courfaivre",0.40,yes,,xavier,60
M.I.Development SA,Montreux,VD,LOW,,CHE-107.669.110,GM Development SARL,Sàrl,Route de Prilly 21,1023,Crissier,VD,"Route de Prilly 21, 1023 Crissier",0.40,yes,,development,60
Maag Immobilientreuhand GmbH,Zürich,ZH,HIGH,,CHE-157.340.066,Maag Immobilientreuhand GmbH,Sàrl,Voltastrasse 35,8044,Zürich,ZH,"Voltastrasse 35, 8044 Zürich",1.00,yes,yes,immobilientreuhand,58
mach4 Immobilien-Treuhand AG,Schlieren,ZH,HIGH,,CHE-106.379.939,mach4 Immobilien-Treuhand AG,SA,Ifangstrasse 1,8952,Schlieren,ZH,"Ifangstrasse 1, 8952 Schlieren",1.00,yes,yes,mach4,1
Madörin Group GmbH,Ostermundigen,BE,HIGH,yes,CHE-406.579.954,Madörin Group GmbH,Sàrl,Mitteldorfstrasse 17,3072,Ostermundigen,BE,"Mitteldorfstrasse 17, 3072 Ostermundigen",1.00,yes,yes,madörin,18
Maillard ImmoServices SA,Romont,FR,HIGH,,CHE-459.935.591,Maillard ImmoServices SA,SA,Place Saint-Jacques 50,1680,Romont FR,FR,"Place Saint-Jacques 50, 1680 Romont FR",1.00,yes,yes,immoservices,5
Maison Schreyer & Cie,,,HIGH,,CHE-219.608.357,Maison Schreyer & Cie.,RI,Dorfstrasse 18,3264,Diessbach bei Büren,BE,"Dorfstrasse 18, 3264 Diessbach bei Büren",1.00,,,schreyer,9
Malag AG Generalunternehmung,Zürich,ZH,HIGH,yes,CHE-107.305.843,Malag AG Generalunternehmung,SA,Freiestrasse 44,8032,Zürich,ZH,"Freiestrasse 44, 8032 Zürich",1.00,yes,yes,malag,35
map architektur + verwaltung gmbh,Wallisellen,ZH,MEDIUM,,CHE-108.040.529,map architektur + planung ag,SA,Neugutstrasse 12,8304,Wallisellen,ZH,"Neugutstrasse 12, 8304 Wallisellen",0.80,yes,yes,architektur,60
Marbet Immobilien AG,Luzern 7,LU,HIGH,yes,CHE-105.265.718,Marbet Immobilien AG,SA,Taubenhausstrasse 4,6000,Luzern 7,LU,"Taubenhausstrasse 4, 6000 Luzern 7",1.00,yes,yes,marbet,7
Markstein AG,Baden,AG,HIGH,yes,CHE-107.901.057,Markstein AG,SA,Haselstrasse 16,5400,Baden,AG,"Haselstrasse 16, 5400 Baden",1.00,yes,yes,markstein,4
Markstein AG  Zürich,Zürich,ZH,HIGH,yes,CHE-114.827.319,Markstein AG Zürich,SA,Löwenstrasse 40,8001,Zürich,ZH,"Löwenstrasse 40, 8001 Zürich",1.00,yes,yes,markstein,4
Marly Innovation Center,Marly,FR,LOW,,CHE-108.347.637,Innovation GmbH,Sàrl,Freigutstrasse 22,8002,Zürich,ZH,"Freigutstrasse 22, 8002 Zürich",0.50,,,innovation,60
Martha Ruf Immobilientreuhand AG,Unterseen,BE,HIGH,,CHE-107.880.828,Martha Ruf Immobilientreuhand AG,SA,Kirchgasse 3,3800,Unterseen,BE,"Kirchgasse 3, 3800 Unterseen",1.00,yes,yes,immobilientreuhand,58
Martin Meier Immobilientreuhand GmbH,Zürich,ZH,HIGH,,CHE-176.444.602,Martin Meier Immobilientreuhand GmbH,Sàrl,Mühlebachstrasse 173,8008,Zürich,ZH,"Mühlebachstrasse 173, 8008 Zürich",1.00,yes,yes,immobilientreuhand,58
Massplan AG,Ruswil,LU,HIGH,,CHE-269.432.184,Massplan AG,SA,Grindel 31,6017,Ruswil,LU,"Grindel 31, 6017 Ruswil",1.00,yes,yes,massplan,1
Matma Immobilien AG,Volketswil,ZH,HIGH,,CHE-109.869.074,Matma Immobilien AG,SA,Javastrasse 11,8604,Volketswil,ZH,"Javastrasse 11, 8604 Volketswil",1.00,yes,yes,matma,5
MATRO Immobilien AG,Abtwil SG,SG,HIGH,,CHE-102.885.149,MATRO SA,SA,"c/o Baumgartner Steuerberatung + Treuhand AG
Oberfeldstrasse 7f",9437,Marbach SG,SG,"c/o Baumgartner Steuerberatung + Treuhand AG
Oberfeldstrasse 7f, 9437 Marbach SG",1.00,yes,,matro,27
Mavida Immobilien,Wald,ZH,MEDIUM,,CHE-466.653.212,MAVIDA Selbsthilfezentrum,assoc,Wiesenring 12,8590,Romanshorn,TG,"Wiesenring 12, 8590 Romanshorn",0.67,,,mavida,3
Mawee SA,Vernayaz,VS,HIGH,,CHE-149.856.787,Mawee SA,SA,Grand Rue 21,1904,Vernayaz,VS,"Grand Rue 21, 1904 Vernayaz",1.00,yes,yes,mawee,2
Max Pfister Baubüro AG,St. Gallen,SG,HIGH,,CHE-102.036.742,Max Pfister Baubüro AG,SA,Burgstrasse 108,9000,St. Gallen,SG,"Burgstrasse 108, 9000 St. Gallen",1.00,yes,yes,pfister,60
MB2 Immobilien AG,Biel/Bienne,BE,HIGH,yes,CHE-150.676.022,MB2 Immobilien AG,SA,Mühlebrücke 2,2502,Biel/Bienne,BE,"Mühlebrücke 2, 2502 Biel/Bienne",1.00,yes,yes,mb2,4
MD Immo AG,Riedt,TG,NONE,,,,,,,,,,,,,,0
MDA Group Real Estate,Lugano,TI,HIGH,,CHE-292.900.823,MDA Consulting Sàrl,Sàrl,chemin des Pluviers 9,1228,Plan-les-Ouates,GE,"chemin des Pluviers 9, 1228 Plan-les-Ouates",1.00,,,mda,60
Meili Unternehmungen AG,Zollikon,ZH,HIGH,yes,CHE-100.433.032,Meili Treuhand AG,SA,Bankstrasse 8,8400,Winterthur,ZH,"Bankstrasse 8, 8400 Winterthur",1.00,yes,,meili,60
Meinen Immobilien GmbH,,,HIGH,,CHE-263.789.222,Meinen Immobilien GmbH,Sàrl,Gartenstrasse 4,3007,Bern,BE,"Gartenstrasse 4, 3007 Bern",1.00,,,meinen,9
Meir Shitrit Advocate GmbH,Luzern,LU,HIGH,,CHE-114.275.590,Meir Shitrit Advocate GmbH,Sàrl,Lindenhausstrasse 13,6005,Luzern,LU,"Lindenhausstrasse 13, 6005 Luzern",1.00,yes,yes,advocate,4
Menegroup AG,Horn,SG,HIGH,,CHE-114.803.939,Menegroup AG,SA,Bahnhofstrasse 12,9326,Horn,TG,"Bahnhofstrasse 12, 9326 Horn",1.00,,yes,menegroup,1
Mentor Immobilien,Wädenswil,ZH,HIGH,yes,CHE-103.884.218,MENTOR TREUHAND AG,SA,Seestrasse 33b,8820,Wädenswil,ZH,"Seestrasse 33b, 8820 Wädenswil",1.00,yes,yes,mentor,60
METROPOLIS MPV Real Estate Sagl,Manno,TI,HIGH,,CHE-437.870.859,Metropolis MPV Real Estate Sagl,Sàrl,Via Cantonale 43,6928,Manno,TI,"Via Cantonale 43, 6928 Manno",1.00,yes,yes,metropolis,8
MF Architektur GmbH,Amriswil,TG,LOW,,CHE-100.519.685,Burkart Architektur AG,SA,Kehlhofstrasse 9,8272,Ermatingen,TG,"Kehlhofstrasse 9, 8272 Ermatingen",0.50,yes,,architektur,60
MG Immobiliare | Barnes Lugano,Lugano,TI,MEDIUM,,CHE-114.158.820,BARNES Suisse Holding SA,SA,"c/o BARNES Suisse SA
Avenue de l'Etang 57",1219,Châtelaine,GE,"c/o BARNES Suisse SA
Avenue de l'Etang 57, 1219 Châtelaine",0.67,,,barnes,10
MGW Immobilien AG,Basel,BS,HIGH,yes,CHE-235.523.038,MGW Immobilien AG,SA,Sissacherstrasse 29,4052,Basel,BS,"Sissacherstrasse 29, 4052 Basel",1.00,yes,yes,mgw,20
Michael Nuessli Inomoplus,Worb,BE,MEDIUM,,CHE-191.110.723,Michael Nüssli inomoplus,0101,Sonneggstrasse 15,3076,Worb,BE,"Sonneggstrasse 15, 3076 Worb",0.67,yes,yes,inomoplus,1
Midas Properties,Saint-Sulpice,VD,LOW,,CHE-106.005.261,ACE Properties SA,SA,Avenue Mon-Repos 22,1005,Lausanne,VD,"Avenue Mon-Repos 22, 1005 Lausanne",0.50,yes,,properties,60
MIDOMA AG,Sursee,LU,HIGH,,CHE-436.161.105,MIDOMA AG,SA,Buchenstrasse 8,6210,Sursee,LU,"Buchenstrasse 8, 6210 Sursee",1.00,yes,yes,midoma,1
MIDOMA AG - J. Matosevic,Sursee,LU,NONE,,CHE-174.711.643,Bernard Management Matosevic,0101,Dorfstrasse 26B,6236,Wilihof,LU,"Dorfstrasse 26B, 6236 Wilihof",0.33,yes,,matosevic,5
Migros Vaud,Ecublens VD,VD,HIGH,,CHE-105.896.913,Société coopérative Migros Vaud,coop,Chemin du Dévent ,1024,Ecublens VD,VD,"Chemin du Dévent , 1024 Ecublens VD",1.00,yes,yes,migros,35
Migros-Pensionskasse,Schlieren,ZH,LOW,,CHE-102.112.610,Pensionskasse der SADA AG,fond,Vega-Strasse 3,8152,Glattpark (Opfikon),ZH,"Vega-Strasse 3, 8152 Glattpark (Opfikon)",0.50,yes,,pensionskasse,60
Millenium Properties SA,Genève,GE,HIGH,,CHE-112.762.666,Millenium Properties SA,SA,Boulevard du Théâtre 5,1204,Genève,GE,"Boulevard du Théâtre 5, 1204 Genève",1.00,yes,yes,properties,60
Millennium Immobilien & Consulting GmbH,Möriken-Wildegg,AG,HIGH,yes,CHE-114.602.915,Millennium Immobilien & Consulting GmbH,Sàrl,Oberdorfstrasse 9 A,5506,Mägenwil,AG,"Oberdorfstrasse 9 A, 5506 Mägenwil",1.00,yes,,millennium,37
Minder Immobilien,Burgdorf,BE,HIGH,yes,CHE-112.418.890,Minder AG,SA,Fenchern 1,2556,Scheuren,BE,"Fenchern 1, 2556 Scheuren",1.00,yes,,minder,60
mks mieten.kaufen.services.ag,Geschinen,VS,HIGH,,CHE-474.181.362,mks mieten.kaufen.services.ag,SA,Furkastrasse 752,3985,Geschinen,VS,"Furkastrasse 752, 3985 Geschinen",1.00,yes,yes,mieten,19
MLG Immobilien AG,Bern,BE,HIGH,yes,CHE-105.481.788,MLG Generalunternehmung AG,SA,Zikadenweg 27a,3006,Bern,BE,"Zikadenweg 27a, 3006 Bern",1.00,yes,yes,mlg,16
Mobimo AG,Küsnacht ZH,ZH,HIGH,yes,CHE-103.612.281,Mobimo AG,SA,Seestrasse 59,8700,Küsnacht ZH,ZH,"Seestrasse 59, 8700 Küsnacht ZH",1.00,yes,yes,mobimo,7
Mobimo Management AG,Küsnacht,ZH,LOW,,CHE-103.050.414,AWS Management AG,SA,Dorfstrasse 33,8155,Niederhasli,ZH,"Dorfstrasse 33, 8155 Niederhasli",0.50,yes,,management,60
Mobimo Management SA,Lausanne,VD,LOW,,CHE-100.346.597,1RELOCATION INVESTMENT & MANAGEMENT SA,SA,Chemin du Closalet 4,1023,Crissier,VD,"Chemin du Closalet 4, 1023 Crissier",0.40,yes,,management,60
Mobra Verwaltungen,Zürich,ZH,NONE,,CHE-249.462.058,"Immobrasilien, KlG",RI,"c/o Urs Solèr
Promenadenstrasse 42",8193,Eglisau,ZH,"c/o Urs Solèr
Promenadenstrasse 42, 8193 Eglisau",0.00,yes,,mobra,7
Monnier Immo SA,Pully,VD,HIGH,yes,CHE-147.818.327,MONNIER IMMO SA,SA,Avenue du Prieuré 8,1009,Pully,VD,"Avenue du Prieuré 8, 1009 Pully",1.00,yes,yes,monnier,55
Monopoly Real Estate Sagl,Lugano,TI,HIGH,yes,CHE-206.866.772,Monopoly Real Estate sagl,Sàrl,Via Serafino Balestra 33,6900,Lugano,TI,"Via Serafino Balestra 33, 6900 Lugano",1.00,yes,yes,monopoly,14
montoit.ch Sàrl,Sévaz,VD,HIGH,,CHE-417.041.340,montoit.ch Sàrl,Sàrl,Chemin du Pré du Château 16,1470,Estavayer-le-Lac,FR,"Chemin du Pré du Château 16, 1470 Estavayer-le-Lac",1.00,,,montoit,3
Moos & Partner Immobilien GmbH,,,HIGH,,CHE-107.937.210,Moos Immo AG,SA,Mühlebrückestrasse 3,8400,Winterthur,ZH,"Mühlebrückestrasse 3, 8400 Winterthur",1.00,,,moos,60
Moser Anlageimmobilien AG,Dübendorf,ZH,HIGH,,CHE-135.650.305,Moser Anlageimmobilien AG,SA,Wallisellenstrasse 16,8600,Dübendorf,ZH,"Wallisellenstrasse 16, 8600 Dübendorf",1.00,yes,yes,anlageimmobilien,4
Moser Immobilien und Architektur AG,Ascona,TI,LOW,,CHE-103.289.458,Brawand Architektur AG,SA,Stadelstrasse 6,6048,Horw,LU,"Stadelstrasse 6, 6048 Horw",0.50,,,architektur,60
Moser und Partner AG,Ittigen,BE,HIGH,,CHE-107.190.497,moser bau immobilien ag,SA,Gotthardstrasse 28,6300,Zug,ZG,"Gotthardstrasse 28, 6300 Zug",1.00,,,moser,60
Motel Fehraltorf,Fehraltorf,ZH,LOW,,CHE-112.833.622,Budget Motel GmbH,Sàrl,Langwiesenstrasse 7,8108,Dällikon,ZH,"Langwiesenstrasse 7, 8108 Dällikon",0.50,yes,,motel,34
MPP Fiduciaria SA,Lugano,TI,MEDIUM,,CHE-101.753.752,Fiduciaria di Lugano SA,SA,Via Greina 3,6900,Lugano,TI,"Via Greina 3, 6900 Lugano",0.67,yes,yes,fiduciaria,60
MSC immo trust,Lugano,TI,MEDIUM,,CHE-103.989.202,e-trust AG,SA,Chamerstrasse 172,6300,Zug,ZG,"Chamerstrasse 172, 6300 Zug",0.67,,,trust,60
Mühlemann Immobilien AG,Kirchberg BE,BE,HIGH,yes,CHE-115.617.701,Mühlemann Immobilien AG,SA,Solothurnstrasse 6,3422,Kirchberg BE,BE,"Solothurnstrasse 6, 3422 Kirchberg BE",1.00,yes,yes,mühlemann,60
Mühlemann Immobilien AG — Verkauf,Kirchberg BE,BE,MEDIUM,,CHE-115.617.701,Mühlemann Immobilien AG,SA,Solothurnstrasse 6,3422,Kirchberg BE,BE,"Solothurnstrasse 6, 3422 Kirchberg BE",0.67,yes,yes,mühlemann,60
Müller & Schuhmacher AG,Winterthur,ZH,HIGH,,CHE-112.398.661,Müller & Schuhmacher Treuhand und Immobilien AG,SA,Bürglistrasse 29,8400,Winterthur,ZH,"Bürglistrasse 29, 8400 Winterthur",1.00,yes,yes,schuhmacher,46
Müller Family Office AG,St. Gallen,SG,LOW,,CHE-107.267.970,Schlüssel Müller AG.,SA,Katharinengasse 14,9004,St. Gallen,SG,"Katharinengasse 14, 9004 St. Gallen",0.40,yes,yes,müller,60
Multigestioni SA,Locarno,TI,HIGH,,CHE-113.826.429,Multigestioni SA,SA,Via Trevani 1,6600,Locarno,TI,"Via Trevani 1, 6600 Locarno",1.00,yes,yes,multigestioni,1
Multiresidenza SA,Locarno,TI,HIGH,,CHE-106.884.723,Multiresidenza SA,SA,Viale Verbano 7,6600,Muralto,TI,"Viale Verbano 7, 6600 Muralto",1.00,yes,,multiresidenza,3
Münger Treuhand & Immobilien AG,Muttenz,BL,HIGH,yes,CHE-104.376.083,Münger Treuhand & Immobilien AG,SA,Brühlweg 20,4132,Muttenz,BL,"Brühlweg 20, 4132 Muttenz",1.00,yes,yes,münger,43
Murith Immobilier Sàrl,Bulle,FR,HIGH,,CHE-407.424.946,Murith Immobilier Sàrl,Sàrl,"c/o Jonas Murith
Rue du Tir 9 a",1636,Broc,FR,"c/o Jonas Murith
Rue du Tir 9 a, 1636 Broc",1.00,yes,,murith,11
my sweet home AG,Hünenberg,ZG,LOW,,CHE-110.004.709,Paris Sweet Home Roth & Partner,RI,Rosentalweg 9,6340,Baar,ZG,"Rosentalweg 9, 6340 Baar",0.57,yes,,sweet,60
MydiHei Apartments GmbH,Lufingen,ZH,HIGH,,CHE-483.063.951,MydiHei Apartments GmbH,Sàrl,"c/o Suman Rana
Gsteigweg 3",8426,Lufingen,ZH,"c/o Suman Rana
Gsteigweg 3, 8426 Lufingen",1.00,yes,yes,apartments,60
MyHome Immobilier JCM SA,Prilly,VD,HIGH,,CHE-275.090.732,MyHome Immobilier JCM SA,SA,Route de Cossonay 98,1008,Prilly,VD,"Route de Cossonay 98, 1008 Prilly",1.00,yes,yes,myhome,14
MZP AG,Zürich,ZH,HIGH,,CHE-472.735.189,MZP AG,SA,Mittelstrasse 14,8008,Zürich,ZH,"Mittelstrasse 14, 8008 Zürich",1.00,yes,yes,mzp,1
Naef Immobilier,Vevey,VD,HIGH,yes,CHE-114.970.649,Naef Immobilier Nyon SA,SA,Rue de Rive 20,1260,Nyon,VD,"Rue de Rive 20, 1260 Nyon",1.00,yes,,naef,60
Naef Immobilier Genève SA,Petit-Lancy,GE,HIGH,yes,CHE-103.166.519,Naef Holding SA,SA,Esplanade de Surville 2,1213,Petit-Lancy,GE,"Esplanade de Surville 2, 1213 Petit-Lancy",1.00,yes,yes,naef,60
Naef Immobilier Lausanne SA,Prilly,VD,HIGH,yes,CHE-114.970.649,Naef Immobilier Nyon SA,SA,Rue de Rive 20,1260,Nyon,VD,"Rue de Rive 20, 1260 Nyon",1.00,yes,,naef,60
NAROBA Immobilien GmbH,Rotkreuz ZG,ZG,HIGH,,CHE-428.582.918,NAROBA Immobilien GmbH,Sàrl,Poststrasse 1,6343,Rotkreuz,ZG,"Poststrasse 1, 6343 Rotkreuz",1.00,yes,yes,naroba,2
NAWIN GmbH,Lachen,ZH,HIGH,,CHE-369.529.855,NAWIN GmbH,Sàrl,Marktstrasse 28,8853,Lachen SZ,SZ,"Marktstrasse 28, 8853 Lachen SZ",1.00,,yes,nawin,4
NEGRI Immobilien AG,Zofingen,BL,HIGH,yes,CHE-130.485.045,NEGRI Immobilien AG,SA,Untere Brühlstrasse 52,4800,Zofingen,AG,"Untere Brühlstrasse 52, 4800 Zofingen",1.00,,yes,negri,36
NEIVA Immobilien GmbH,Solothurn,SO,HIGH,,CHE-232.338.409,NEIVA Immobilien GmbH,Sàrl,Ritterquai 8,4500,Solothurn,SO,"Ritterquai 8, 4500 Solothurn",1.00,yes,yes,neiva,3
Neuchâtel,Neuchâtel,NE,NONE,,,,,,,,,,,,,,0
New Trends SA,Lugano,TI,HIGH,,CHE-103.538.437,New Trends SA,SA,Via Pretorio 11,6900,Lugano,TI,"Via Pretorio 11, 6900 Lugano",1.00,yes,yes,trends,60
NewDomo SA,Giubiasco,TI,HIGH,,CHE-314.056.132,NewDomo SA,SA,Via Sasso Grande 19,6512,Giubiasco,TI,"Via Sasso Grande 19, 6512 Giubiasco",1.00,yes,yes,newdomo,1
NewHome Services SA,Nyon,GE,HIGH,yes,CHE-113.591.580,NewHome Services SA,SA,Avenue Perdtemps 23,1260,Nyon,VD,"Avenue Perdtemps 23, 1260 Nyon",1.00,,yes,newhome,4
Newtak Immobilien GmbH,Muttenz,BL,HIGH,,CHE-286.673.955,Newtak Immobilien GmbH,Sàrl,Brühlweg 69,4132,Muttenz,BL,"Brühlweg 69, 4132 Muttenz",1.00,yes,yes,newtak,1
Niederer AG,Härkingen,SO,HIGH,yes,CHE-103.970.852,Niederer AG,SA,Kriessernstrasse 40,9450,Altstätten SG,SG,"Kriessernstrasse 40, 9450 Altstätten SG",1.00,,,niederer,60
Niederer AG — Tashi Dowa,Rotkreuz,ZG,LOW,,CHE-103.970.852,Niederer AG,SA,Kriessernstrasse 40,9450,Altstätten SG,SG,"Kriessernstrasse 40, 9450 Altstätten SG",0.50,,,niederer,60
Niederer AG Filiale Basel,Muttenz,BL,MEDIUM,,CHE-103.970.852,Niederer AG,SA,Kriessernstrasse 40,9450,Altstätten SG,SG,"Kriessernstrasse 40, 9450 Altstätten SG",0.67,,,niederer,60
Niederer AG Filiale Fribourg,Villars-sur-Glâne,FR,LOW,,CHE-181.534.530,Niederer AG mobil in immobilien,succursale,Route de Moncor 14,1752,Villars-sur-Glâne,FR,"Route de Moncor 14, 1752 Villars-sur-Glâne",0.40,yes,yes,niederer,60
Niederer AG Filiale Härkingen,,,NONE,,CHE-101.834.072,'Alte Kirche Härkingen',fond,Lindenweg 3,4624,Härkingen,SO,"Lindenweg 3, 4624 Härkingen",0.33,,,härkingen,16
Niederer AG Filiale Solothurn,Solothurn,SO,LOW,,CHE-103.970.852,Niederer AG,SA,Kriessernstrasse 40,9450,Altstätten SG,SG,"Kriessernstrasse 40, 9450 Altstätten SG",0.50,,,niederer,60
Niederer AG Filiale Thun,,,MEDIUM,,CHE-103.970.852,Niederer AG,SA,Kriessernstrasse 40,9450,Altstätten SG,SG,"Kriessernstrasse 40, 9450 Altstätten SG",0.67,,,niederer,60
Niederer AG Immobilien und Verwaltungen,Ostermundigen,BE,HIGH,yes,CHE-100.156.192,Niederer AG Services,SA,Unterdorfstrasse 5,3072,Ostermundigen,BE,"Unterdorfstrasse 5, 3072 Ostermundigen",1.00,yes,yes,niederer,60
Nikolla & Co AG,Basel,BS,HIGH,yes,CHE-113.316.720,Nikolla & Co. AG,SA,Leimenstr. 27,4051,Basel,BS,"Leimenstr. 27, 4051 Basel",1.00,yes,yes,nikolla,9
Nikolla & Co. AG — Immobilien Verwaltung,Basel,BS,HIGH,yes,CHE-113.316.720,Nikolla & Co. AG,SA,Leimenstr. 27,4051,Basel,BS,"Leimenstr. 27, 4051 Basel",1.00,yes,yes,nikolla,9
Nobil Immo GmbH,Baar,ZG,HIGH,yes,CHE-322.859.995,NOBIL IMMO GmbH,Sàrl,Sihlbruggstrasse 107,6340,Baar,ZG,"Sihlbruggstrasse 107, 6340 Baar",1.00,yes,yes,nobil,59
Nobilis-Estate AG,Zürich,ZH,HIGH,yes,CHE-460.264.177,Nobilis Estate AG,succursale,Rigistrasse 55,8006,Zürich,ZH,"Rigistrasse 55, 8006 Zürich",1.00,yes,yes,nobilis,23
NordX - The NEXT Student Home,Zürich,ZH,NONE,,CHE-112.772.050,Student Career GmbH,Sàrl,Uraniastrasse 22,8001,Zürich,ZH,"Uraniastrasse 22, 8001 Zürich",0.33,yes,yes,student,58
Noser Immobilien Treuhand GmbH,Zürich,ZH,HIGH,yes,CHE-114.613.273,Noser Immobilien Treuhand GmbH,Sàrl,Dufourstrasse 47,8008,Zürich,ZH,"Dufourstrasse 47, 8008 Zürich",1.00,yes,yes,noser,60
NoSta Real Estate AG,Bern,BE,HIGH,yes,CHE-492.160.010,NoSta Real Estate AG,SA,Thunstrasse 7,3005,Bern,BE,"Thunstrasse 7, 3005 Bern",1.00,yes,yes,nosta,35
NOVA Bautreuhand AG,Gossau / ZH,ZH,HIGH,,CHE-106.077.935,Nova Bautreuhand AG,SA,Industriestrasse 37,8625,Gossau ZH,ZH,"Industriestrasse 37, 8625 Gossau ZH",1.00,yes,yes,bautreuhand,53
Nova Casa Immobilien AG,Oftringen,SO,LOW,,CHE-100.689.258,Chesa Nova SA,SA,"c/o St. Moritz Home AG Galaria Caspar Badrutt
Via dal Bagn 52",7500,St. Moritz,GR,"c/o St. Moritz Home AG Galaria Caspar Badrutt
Via dal Bagn 52, 7500 St. Moritz",0.50,,,nova,60
NOVAC-SOLUTIONS GmbH,Zürich,ZH,LOW,,CHE-103.767.601,Netfon Solutions AG,SA,Badenerstrasse 329,8003,Zürich,ZH,"Badenerstrasse 329, 8003 Zürich",0.50,yes,yes,solutions,60
NOVAC-SOLUTIONS GmbH (Akquisition),Zürich,ZH,LOW,,CHE-469.564.875,Schuler Akquisition,0101,Herrengasse 59,6430,Schwyz,SZ,"Herrengasse 59, 6430 Schwyz",0.40,,,akquisition,3
NOVAC-SOLUTIONS GmbH (Gewerbe),Zürich,ZH,LOW,,CHE-103.767.601,Netfon Solutions AG,SA,Badenerstrasse 329,8003,Zürich,ZH,"Badenerstrasse 329, 8003 Zürich",0.40,yes,yes,solutions,60
NOVAC-SOLUTIONS GmbH (Wohnung),Zürich,ZH,LOW,,CHE-103.767.601,Netfon Solutions AG,SA,Badenerstrasse 329,8003,Zürich,ZH,"Badenerstrasse 329, 8003 Zürich",0.40,yes,yes,solutions,60
Nyfag AG,Binningen,BL,HIGH,,CHE-105.956.969,Nyfag AG,SA,Wassergrabenstrasse 1,4102,Binningen,BL,"Wassergrabenstrasse 1, 4102 Binningen",1.00,yes,yes,nyfag,2
O2 immo Sàrl,Romont FR,FR,NONE,,,,,,,,,,,,,,0
Obrist + Co,,,HIGH,,CHE-114.604.564,Obrist Immobilien AG,SA,Cordulaplatz 3,5400,Baden,AG,"Cordulaplatz 3, 5400 Baden",1.00,,,obrist,60
Oecasa Verwaltung GmbH,Kloten,ZH,HIGH,,CHE-375.336.508,OECASA Verwaltung GmbH,Sàrl,Schaffhauserstrasse 138,8302,Kloten,ZH,"Schaffhauserstrasse 138, 8302 Kloten",1.00,yes,yes,oecasa,1
Office Cube Immobilien AG,,,LOW,,CHE-106.009.626,Office Allround Services AG,SA,Johannes-Hirt-Strasse 12,8804,Au ZH,ZH,"Johannes-Hirt-Strasse 12, 8804 Au ZH",0.50,,,office,60
OfficeGlattpark,Glattpark,ZH,NONE,,,,,,,,,,,,,officeglattpark,0
OKNO Immobilier Sàrl,Cossonay-Ville,VD,HIGH,,CHE-109.875.494,OKNO Immobilier Sàrl,Sàrl,Chemin du Prieuré 6,1304,Cossonay-Ville,VD,"Chemin du Prieuré 6, 1304 Cossonay-Ville",1.00,yes,yes,okno,9
OLCONA Verwaltungs AG,Olten,SO,LOW,,CHE-105.812.856,Rheingarage Verwaltungs AG,SA,Zugerstrasse 13,4143,Dornach,SO,"Zugerstrasse 13, 4143 Dornach",0.50,yes,,verwaltungs,60
Ollech Immobilien,Zürich,ZH,LOW,,CHE-327.632.430,Ollech&Wajs Precision AG,SA,Kreuzplatz 2,8032,Zürich,ZH,"Kreuzplatz 2, 8032 Zürich",0.50,yes,yes,ollech,1
Olten,Olten,SO,NONE,,,,,,,,,,,,,,0
OMIT AG,Dietikon,ZH,HIGH,,CHE-147.220.609,OMIT AG,SA,Bernstrasse 90,8953,Dietikon,ZH,"Bernstrasse 90, 8953 Dietikon",1.00,yes,yes,omit,60
OML Immo Sàrl,Bulle,FR,HIGH,yes,CHE-317.808.549,OML Immo Sàrl,Sàrl,Rue du Pays-d'Enhaut 57,1630,Bulle,FR,"Rue du Pays-d'Enhaut 57, 1630 Bulle",1.00,yes,yes,oml,60
OMNIA Lausanne,Lausanne,VD,HIGH,yes,CHE-323.404.344,Omnia Immobilier SA,SA,Rue Etraz 4,1003,Lausanne,VD,"Rue Etraz 4, 1003 Lausanne",1.00,yes,yes,omnia,60
OMNIA Martigny,Martigny,VS,MEDIUM,,CHE-102.748.558,THE OMNIA AG,SA,Triftweg 40,3920,Zermatt,VS,"Triftweg 40, 3920 Zermatt",0.67,yes,,omnia,60
Omninvest SA,Locarno,TI,HIGH,yes,CHE-109.511.359,Omninvest Holding SA,SA,Via Contra 170,6648,Minusio,TI,"Via Contra 170, 6648 Minusio",1.00,yes,,omninvest,3
Opfikon,Glattpark (Opfikon),ZH,NONE,,,,,,,,,,,,,,0
Oplo,Uvrier,VS,HIGH,,CHE-206.142.289,OPLO SA,SA,Route d'Italie 152,1958,Uvrier,VS,"Route d'Italie 152, 1958 Uvrier",1.00,yes,yes,oplo,21
Opt-Immo Management Sàrl,Grandson,VD,LOW,,CHE-100.346.597,1RELOCATION INVESTMENT & MANAGEMENT SA,SA,Chemin du Closalet 4,1023,Crissier,VD,"Chemin du Closalet 4, 1023 Crissier",0.40,yes,,management,60
Orée - Equipe de commercialisation,Crissier,VD,NONE,,CHE-115.657.422,"AEC - Conception, Consulting et Commercialisation Sàrl",Sàrl,La Charrière Verte 8,1860,Aigle,VD,"La Charrière Verte 8, 1860 Aigle",0.33,yes,,commercialisation,4
Orgnet Immobilien AG,Weisslingen,ZH,HIGH,,CHE-101.248.709,Orgnet Immobilien AG,SA,Dorfstrasse 48,8484,Weisslingen,ZH,"Dorfstrasse 48, 8484 Weisslingen",1.00,yes,yes,orgnet,1
Osesta GmbH,,,HIGH,,CHE-238.428.755,Osesta GmbH,Sàrl,Spielhof 12,6317,Oberwil b. Zug,ZG,"Spielhof 12, 6317 Oberwil b. Zug",1.00,,,osesta,1
Ottimmo AG,Biel/Bienne,BE,HIGH,,CHE-222.701.276,Ottimmo AG,SA,Murtenstrasse 26,2502,Biel/Bienne,BE,"Murtenstrasse 26, 2502 Biel/Bienne",1.00,yes,yes,ottimmo,3
Otto & Joh. Honegger AG,Elgg,ZH,HIGH,yes,CHE-106.960.092,Otto & Joh. Honegger AG,SA,Jonastrasse 11,8636,Wald ZH,ZH,"Jonastrasse 11, 8636 Wald ZH",1.00,yes,,honegger,60
Outsider.Architecture SA,Morges,VD,HIGH,,CHE-105.853.855,Outsider.Architecture SA,SA,Rue Centrale 5,1110,Morges,VD,"Rue Centrale 5, 1110 Morges",1.00,yes,yes,architecture,60
P Wagner GmbH,Meggen,LU,MEDIUM,,CHE-100.955.342,Wagner & Co. AG,SA,St. Gallerstrasse 49,9100,Herisau,AR,"St. Gallerstrasse 49, 9100 Herisau",0.67,,,wagner,60
P Wagner Immobilien Gmbh,Meggen,LU,MEDIUM,,CHE-100.955.342,Wagner & Co. AG,SA,St. Gallerstrasse 49,9100,Herisau,AR,"St. Gallerstrasse 49, 9100 Herisau",0.67,,,wagner,60
P. Küng,,,MEDIUM,,CHE-107.152.634,Küng & Co AG,SA,St.Gallerstrasse 129,8404,Winterthur,ZH,"St.Gallerstrasse 129, 8404 Winterthur",0.67,,,küng,60
P&F Immobilien AG,Basel,BS,NONE,,,,,,,,,,,,,,0
P&M Real Estate,Lugano,TI,NONE,,,,,,,,,,,,,,0
PAIO GmbH,Muri bei Bern,BE,HIGH,,CHE-189.206.443,PAIO GmbH,Sàrl,Villettengässli 6,3074,Muri b. Bern,BE,"Villettengässli 6, 3074 Muri b. Bern",1.00,yes,,paio,29
Parit Immo Bau AG,St. Gallen,SG,HIGH,yes,CHE-101.289.660,Parit AG,SA,Greithstrasse 17,9000,St. Gallen,SG,"Greithstrasse 17, 9000 St. Gallen",1.00,yes,yes,parit,40
PASSIO Immobilien AG,Niederwangen b. Bern,BE,NONE,,CHE-104.662.838,Vinothèque La passion du vin SA,SA,Schauplatzgasse 27,3011,Bern,BE,"Schauplatzgasse 27, 3011 Bern",0.00,yes,yes,passio,60
Patrick Darbois Immobilier Group SA,Montreux,VD,LOW,,CHE-110.403.860,Fondation Patrick Jucker,fond,Avenue des Boveresses 52,1010,Lausanne,VD,"Avenue des Boveresses 52, 1010 Lausanne",0.50,yes,,patrick,60
Pellegri Real Estate,Ascona,TI,HIGH,,CHE-235.905.138,Pellegri Real Estate Sagl,Sàrl,Strada della Brima 6,6612,Ascona,TI,"Strada della Brima 6, 6612 Ascona",1.00,yes,yes,pellegri,60
Pellegri Real Estate Sagl,Ascona,TI,HIGH,,CHE-235.905.138,Pellegri Real Estate Sagl,Sàrl,Strada della Brima 6,6612,Ascona,TI,"Strada della Brima 6, 6612 Ascona",1.00,yes,yes,pellegri,60
Pellettieri Immobilien AG,Erlenbach,ZH,HIGH,yes,CHE-263.673.358,Pellettieri Immobilien AG,SA,Bahnhofstrasse 33b,8703,Erlenbach ZH,ZH,"Bahnhofstrasse 33b, 8703 Erlenbach ZH",1.00,yes,yes,pellettieri,5
Pensionskasse Stadt St.Gallen,St. Gallen,SG,NONE,,CHE-105.782.652,Asga Pensionskasse Genossenschaft,coop,Rosenbergstrasse 16,9001,St. Gallen,SG,"Rosenbergstrasse 16, 9001 St. Gallen",0.29,yes,yes,pensionskasse,60
PERA Immobilien GmbH,Sirnach,ZH,NONE,,CHE-106.286.918,WTS Esperanza Knab,0101,"null
Breitestrasse 21",8472,Seuzach,ZH,"null
Breitestrasse 21, 8472 Seuzach",0.00,yes,,pera,60
Perio Immobilien AG,Sirnach,ZH,MEDIUM,,CHE-101.262.371,Perio Immobilien AG Sirnach,SA,Unterdorfstrasse 3,8370,Sirnach,TG,"Unterdorfstrasse 3, 8370 Sirnach",0.67,,yes,perio,60
Pernisch Verwaltung,,,HIGH,,CHE-149.965.643,Pernisch Verwaltung AG,SA,Huswiesstrasse 8,9220,Bischofszell,TG,"Huswiesstrasse 8, 9220 Bischofszell",1.00,,,pernisch,1
Peter Stalder Immobilien AG,Basel,BS,MEDIUM,,CHE-105.470.313,AVB Peter Stalder,0101,Bürenstrasse 16,3250,Lyss,BE,"Bürenstrasse 16, 3250 Lyss",0.80,,,stalder,60
Petignat & Amor Immobilier SA,Vevey,VD,HIGH,,CHE-163.036.240,petignat & amor immobilier SA,SA,Quai de la Veveyse 11,1800,Vevey,VD,"Quai de la Veveyse 11, 1800 Vevey",1.00,yes,yes,petignat,13
Petra Marti Immo GmbH,Lohn-Ammannsegg,SO,LOW,,CHE-108.527.783,inspiration Petra Müller,0101,Neue Allmendstrasse 4,4612,Wangen bei Olten,SO,"Neue Allmendstrasse 4, 4612 Wangen bei Olten",0.40,yes,,petra,60
Petrus Real Estate AG,St. Gallen,SG,HIGH,yes,CHE-175.081.891,Petrus Real Estate AG,SA,Raiffeisenplatz 6,9000,St. Gallen,SG,"Raiffeisenplatz 6, 9000 St. Gallen",1.00,yes,yes,petrus,28
Pfändler & Pfändler Immobilien GmbH,Boppelsen,ZH,HIGH,yes,CHE-332.482.840,Pfändler & Pfändler Immobilien GmbH,Sàrl,Rebbergstrasse 20,8113,Boppelsen,ZH,"Rebbergstrasse 20, 8113 Boppelsen",1.00,yes,yes,pfändler,30
Pfannenstiel Immobilien AG,Zollikerberg,ZH,HIGH,,CHE-114.875.844,Pfannenstiel Immobilien AG,SA,Wilhofstrasse 3,8125,Zollikerberg,ZH,"Wilhofstrasse 3, 8125 Zollikerberg",1.00,yes,yes,pfannenstiel,11
PFR Immobilien GmbH,,,HIGH,,CHE-431.639.186,PFR Immobilien GmbH,Sàrl,Schönfelsstrasse 3,8835,Feusisberg,SZ,"Schönfelsstrasse 3, 8835 Feusisberg",1.00,,,pfr,60
PG IMMOcasa Sagl,Bellinzona,TI,HIGH,,CHE-239.908.124,PG IMMOcasa Sagl,Sàrl,Via del Bosco 1A,6500,Bellinzona,TI,"Via del Bosco 1A, 6500 Bellinzona",1.00,yes,yes,immocasa,9
PG Immoservice AG,Biel/Bienne,BE,HIGH,,CHE-332.625.157,PG Immoservice AG,SA,Johann-Renferstrasse 5,2504,Biel/Bienne,BE,"Johann-Renferstrasse 5, 2504 Biel/Bienne",1.00,yes,yes,immoservice,60
Philipp Roth,Solothurn,SO,LOW,,CHE-102.587.634,Philipp Largiadèr SA,SA,Via Ruinas 16,7535,Valchava,GR,"Via Ruinas 16, 7535 Valchava",0.50,,,philipp,60
Philipp Roth — Immowengi AG,Solothurn,SO,LOW,,CHE-106.477.921,Immowengi AG,SA,Hans Huber-Strasse 38,4500,Solothurn,SO,"Hans Huber-Strasse 38, 4500 Solothurn",0.50,yes,yes,immowengi,1
Philipp Roth — Philipp Roth,Solothurn,SO,LOW,,CHE-102.587.634,Philipp Largiadèr SA,SA,Via Ruinas 16,7535,Valchava,GR,"Via Ruinas 16, 7535 Valchava",0.50,,,philipp,60
Pietro Cortali AG,Zürich,ZH,HIGH,,CHE-101.832.067,Pietro Cortali AG,SA,Obstgartenstrasse 7,8006,Zürich,ZH,"Obstgartenstrasse 7, 8006 Zürich",1.00,yes,yes,cortali,1
Planzer Holz AG — Wohnüberbauung CAMPO CAVALLINO Verwaltung,Langnau bei Reiden,LU,NONE,,CHE-199.607.401,Wohnüberbauung Eichholz GmbH,Sàrl,Untere Fabrik 20,9100,Herisau,AR,"Untere Fabrik 20, 9100 Herisau",0.29,,,wohnüberbauung,1
PLAZZA AG,Zürich,ZH,HIGH,,CHE-450.491.665,PLAZZA AG,SA,Sieberstrasse 5,8055,Zürich,ZH,"Sieberstrasse 5, 8055 Zürich",1.00,yes,yes,plazza,3
PMB Gérance Sàrl,Martigny,VS,HIGH,yes,CHE-188.531.283,PMB Gérance Sàrl,Sàrl,Rue de la Scierie 1,1920,Martigny,VS,"Rue de la Scierie 1, 1920 Martigny",1.00,yes,yes,pmb,28
PMT Management AG,Zürich,ZH,LOW,,CHE-101.489.207,Disco-Management AG,SA,Beatengasse 11,8001,Zürich,ZH,"Beatengasse 11, 8001 Zürich",0.50,yes,yes,management,60
Poeticwalls AG,Zürich,ZH,HIGH,,CHE-367.006.115,Poeticwalls AG,SA,Missionsstrasse 42,4055,Basel,BS,"Missionsstrasse 42, 4055 Basel",1.00,,,poeticwalls,3
Possessionem GmbH,Oberburg,BE,HIGH,,CHE-284.647.444,Possessionem GmbH,Sàrl,Emmentalstrasse 165,3414,Oberburg,BE,"Emmentalstrasse 165, 3414 Oberburg",1.00,yes,yes,possessionem,1
Post Immobilien AG,Bern,BE,MEDIUM,,CHE-109.030.864,Die Schweizerische Post AG,0117,Wankdorfallee 4,3030,Bern,BE,"Wankdorfallee 4, 3030 Bern",0.67,yes,yes,post,60
Post Immobilien M&S AG,Olten,SO,LOW,,CHE-100.782.691,Post-Mix AG,SA,Färbereigasse 14,8304,Wallisellen,ZH,"Färbereigasse 14, 8304 Wallisellen",0.40,,,post,60
Post Immobilien M&S AG — Amanta Demaj,Olten,SO,NONE,,CHE-109.479.980,Diamanta Sàrl,Sàrl,Rue Saint-Paul 13 A,1700,Fribourg,FR,"Rue Saint-Paul 13 A, 1700 Fribourg",0.00,,,amanta,9
Post Immobilien M&S AG — Rita Carvalho Morais,Bern,BE,NONE,,CHE-305.459.962,Immo - De Carvalho Aguiar,0101,Effingerstrasse 19,3008,Bern,BE,"Effingerstrasse 19, 3008 Bern",0.25,yes,yes,carvalho,60
Post Immobilien Management & Services AG,Bern,BE,LOW,,CHE-105.931.030,Bigla Management AG,SA,Werkstrasse 36,3250,Lyss,BE,"Werkstrasse 36, 3250 Lyss",0.50,yes,,management,60
Post Immobilien Management und Services AG,Chur,GR,LOW,,CHE-105.768.497,Erni AG Immobilien und Management,SA,Via Nova 68,7017,Flims Dorf,GR,"Via Nova 68, 7017 Flims Dorf",0.50,yes,,management,60
Posta Immobili M&S SA,Giubiasco,TI,LOW,,CHE-286.451.076,POSTA POWER GmbH,Sàrl,"c/o 1803 Fiduciaria Sagl
Corso Elvezia 10",6900,Lugano,TI,"c/o 1803 Fiduciaria Sagl
Corso Elvezia 10, 6900 Lugano",0.40,yes,,posta,60
Poste Immobilier M&S SA,Renens,VD,LOW,,CHE-103.321.949,Jaggi timbres-poste S.A.,SA,"c/o Jean-Marc Jaggi
La Croix-du-Moulin 4",1143,Apples,VD,"c/o Jean-Marc Jaggi
La Croix-du-Moulin 4, 1143 Apples",0.50,yes,,poste,60
PREMIUM HOMES AG,Gerlafingen,SO,MEDIUM,,CHE-101.440.862,Premium Immobilien AG,SA,Feldhofstrasse 41,8706,Feldmeilen,ZH,"Feldhofstrasse 41, 8706 Feldmeilen",0.67,,,premium,60
Prestige Immobilien AG,Zürich,ZH,HIGH,yes,CHE-106.775.548,Prestige Immobilien AG,SA,Berninastrasse 29,8057,Zürich,ZH,"Berninastrasse 29, 8057 Zürich",1.00,yes,yes,prestige,60
Previs Vorsorge,Bern,BE,LOW,,CHE-100.988.146,IDP Vorsorge AG,SA,Rotenstein 7,9056,Gais,AR,"Rotenstein 7, 9056 Gais",0.50,,,vorsorge,60
Prime Property Lounge,Wollerau,ZH,MEDIUM,,CHE-107.897.208,Prime Property Development AG,SA,Sonnenrain 2,8832,Wollerau,SZ,"Sonnenrain 2, 8832 Wollerau",0.67,,yes,property,60
Prime Property Lounge Zug AG,Zug,ZG,LOW,,CHE-101.126.621,PSP Swiss Property AG,SA,Kolinplatz 2,6300,Zug,ZG,"Kolinplatz 2, 6300 Zug",0.40,yes,yes,property,60
Prime Selection Immo AG,Seon,AG,LOW,,CHE-110.354.718,Swiss Selection V.V. GmbH,Sàrl,"c/o Mario Rakonic
Lägernweg 1 c",5242,Lupfig,AG,"c/o Mario Rakonic
Lägernweg 1 c, 5242 Lupfig",0.50,yes,,selection,60
Primova AG,Cham,ZG,HIGH,,CHE-132.337.869,Primova AG,SA,Frauentalstrasse 3,6332,Hagendorn,ZG,"Frauentalstrasse 3, 6332 Hagendorn",1.00,yes,,primova,2
Prisedes AG,Dietlikon,ZH,HIGH,,CHE-346.463.725,Prisedes AG,SA,Neue Winterthurerstrasse 30a,8305,Dietlikon,ZH,"Neue Winterthurerstrasse 30a, 8305 Dietlikon",1.00,yes,yes,prisedes,1
Privamob SA,Lausanne,VD,LOW,,CHE-105.004.477,Privamob S.A.,SA,Avenue Samuel-Auguste-André-David-Tissot 18,1006,Lausanne,VD,"Avenue Samuel-Auguste-André-David-Tissot 18, 1006 Lausanne",0.50,yes,yes,privamob,1
Private Fine Immobilien AG,Ascona,TI,MEDIUM,,CHE-102.547.379,Real Estate Private AG,SA,Birmensdorferstrasse 155,8003,Zürich,ZH,"Birmensdorferstrasse 155, 8003 Zürich",0.67,,,private,60
Privera — Vermarktung,Wallisellen,ZH,LOW,,CHE-372.795.908,Baureal Vermarktung AG,SA,"c/o Baureal AG
Leimattenstrasse 6",8907,Wettswil,ZH,"c/o Baureal AG
Leimattenstrasse 6, 8907 Wettswil",0.50,yes,,vermarktung,32
Privera AG,Wallisellen,ZH,HIGH,yes,CHE-251.920.573,PRIVERA AG,succursale,Husacherstrasse 3,8304,Wallisellen,ZH,"Husacherstrasse 3, 8304 Wallisellen",1.00,yes,yes,privera,17
PRIVERA AG — Commercial Real Estate,Wallisellen,ZH,LOW,,CHE-101.379.984,"""Commercial"" Treuhand- und Verwaltungs AG",SA,Bellerivestrasse 53,8008,Zürich,ZH,"Bellerivestrasse 53, 8008 Zürich",0.50,yes,,commercial,60
PRIVERA AG — Michela Franzé,Wallisellen,ZH,LOW,,CHE-251.920.573,PRIVERA AG,succursale,Husacherstrasse 3,8304,Wallisellen,ZH,"Husacherstrasse 3, 8304 Wallisellen",0.50,yes,yes,privera,17
Privera AG — Vermarktung,Wallisellen,ZH,LOW,,CHE-372.795.908,Baureal Vermarktung AG,SA,"c/o Baureal AG
Leimattenstrasse 6",8907,Wettswil,ZH,"c/o Baureal AG
Leimattenstrasse 6, 8907 Wettswil",0.50,yes,,vermarktung,32
Privera AG — Vermietungsmanagement,Dättwil,AG,NONE,,,,,,,,,,,,,vermietungsmanagement,0
Privera SA,Lausanne 16,VD,HIGH,yes,CHE-282.786.595,PRIVERA SA,succursale,Chemin du Viaduc 1,1008,Prilly,VD,"Chemin du Viaduc 1, 1008 Prilly",1.00,yes,,privera,17
Privera-Wincasa,,,MEDIUM,,CHE-106.087.052,PRIVERA AG,SA,Worbstrasse 142,3073,Gümligen,BE,"Worbstrasse 142, 3073 Gümligen",0.67,,,privera,17
Procimmo SA,Renens,VD,HIGH,yes,CHE-113.787.893,PROCIMMO SA,SA,Rue de Lausanne 64,1020,Renens VD,VD,"Rue de Lausanne 64, 1020 Renens VD",1.00,yes,yes,procimmo,5
Profil-Immobilien AG,Zürich,ZH,HIGH,yes,CHE-106.386.804,Profil-Immobilien AG,SA,Buckhauserstrasse 26,8048,Zürich,ZH,"Buckhauserstrasse 26, 8048 Zürich",1.00,yes,yes,profil,60
Profondo Immobilien GmbH,Magden,AG,HIGH,,CHE-378.603.137,Profondo GmbH,Sàrl,Lärchenweg 7,4312,Magden,AG,"Lärchenweg 7, 4312 Magden",1.00,yes,yes,profondo,1
PROHAUS AG,Zürich,ZH,MEDIUM,,CHE-101.444.699,Prohaus Aktiengesellschaft,SA,Seestrasse 344,8038,Zürich,ZH,"Seestrasse 344, 8038 Zürich",0.67,yes,yes,prohaus,2
Projekt Interim Zürich GmbH,Zürich,ZH,LOW,,CHE-107.501.189,Beta Projekt Management AG,SA,Seefeldstrasse 7,8008,Zürich,ZH,"Seefeldstrasse 7, 8008 Zürich",0.40,yes,yes,projekt,60
Proline Immobilien AG,,,HIGH,yes,CHE-108.759.023,Proline AG,SA,"null
Schützenhausstrasse 15",2552,Orpund,BE,"null
Schützenhausstrasse 15, 2552 Orpund",1.00,,,proline,7
Property One Investors AG,Zug,ZG,HIGH,,CHE-359.111.589,Property One Investors AG,SA,Chamerstrasse 18,6300,Zug,ZG,"Chamerstrasse 18, 6300 Zug",1.00,yes,yes,investors,60
Property One Partners AG,Zürich,ZH,MEDIUM,,CHE-112.086.204,EPiC ONE Property Investment AG,SA,"c/o EPIC Suisse Property Management GmbH
Seefeldstrasse 5a",8008,Zürich,ZH,"c/o EPIC Suisse Property Management GmbH
Seefeldstrasse 5a, 8008 Zürich",0.67,yes,yes,property,60
Property One Ticino SA,Ascona,TI,LOW,,CHE-100.994.684,Ascomonte Property SA,SA,Via Orelli 11,6612,Ascona,TI,"Via Orelli 11, 6612 Ascona",0.40,yes,yes,property,60
PROPERTY WORLD GMBH,Staad,SG,MEDIUM,,CHE-112.818.568,Swiss Property Partners AG,SA,Neuhofstrasse 5A,6340,Baar,ZG,"Neuhofstrasse 5A, 6340 Baar",0.67,,,property,60
ProviSI GmbH,Herzogenbuchsee,BE,HIGH,yes,CHE-286.587.362,ProviSI GmbH,succursale,Oberstrasse 15,3360,Herzogenbuchsee,BE,"Oberstrasse 15, 3360 Herzogenbuchsee",1.00,yes,yes,provisi,21
PS Immobilien AG,Biel/Bienne,BE,NONE,,,,,,,,,,,,,,0
Publiaz immobilier SA | Location Pully,Pully,VD,LOW,,CHE-106.058.694,Audemars Location SA,SA,Rue des Eterpaz 5,1337,Vallorbe,VD,"Rue des Eterpaz 5, 1337 Vallorbe",0.40,yes,,location,60
Publiaz immobilier SA | Location Renens,Renens,VD,LOW,,CHE-106.058.694,Audemars Location SA,SA,Rue des Eterpaz 5,1337,Vallorbe,VD,"Rue des Eterpaz 5, 1337 Vallorbe",0.40,yes,,location,60
Publiaz Immobilier SA | Locaux Commerciaux,Renens,VD,LOW,,CHE-379.333.503,Coopérative des commerciaux,coop,"c/o Frank Vidal
Rue de Lausanne 49a",1950,Sion,VS,"c/o Frank Vidal
Rue de Lausanne 49a, 1950 Sion",0.50,,,commerciaux,7
Quality Living,Genève,GE,LOW,,CHE-101.752.793,Fondation Quality of Life,fond,"c/o Swiss MC Medical Center SA
Rue Paul-Bouchet 5",1201,Genève,GE,"c/o Swiss MC Medical Center SA
Rue Paul-Bouchet 5, 1201 Genève",0.40,yes,yes,quality,60
QualityImmo GmbH,Wollerau,ZH,HIGH,,CHE-371.461.132,QualityImmo GmbH,Sàrl,Verenastrasse 4b,8832,Wollerau,SZ,"Verenastrasse 4b, 8832 Wollerau",1.00,,yes,qualityimmo,1
Quattropareti SA,Giubiasco,TI,HIGH,,CHE-101.006.201,QUATTROPARETI SA,SA,Via Ada Martinoli 1A,6512,Giubiasco,TI,"Via Ada Martinoli 1A, 6512 Giubiasco",1.00,yes,yes,quattropareti,1
Queen Immobiliare Sa,Lugano,TI,HIGH,yes,CHE-461.910.695,QUEEN IMMOBILIARE SA,SA,Via Nassa 38,6900,Lugano,TI,"Via Nassa 38, 6900 Lugano",1.00,yes,yes,queen,60
Räber Immo GmbH,Muri AG,AG,HIGH,yes,CHE-100.036.688,Räber AG,SA,Churerstrasse 100,8808,Pfäffikon SZ,SZ,"Churerstrasse 100, 8808 Pfäffikon SZ",1.00,,,räber,60
Raphael Amrein,,,MEDIUM,,CHE-107.984.540,Stiftung Raphael,fond,"c/o BDO AG
Schiffbaustrasse 2",8005,Zürich,ZH,"c/o BDO AG
Schiffbaustrasse 2, 8005 Zürich",0.67,,,raphael,60
Rauber & Della Giacoma Immobilien und Verwaltungs AG,Kappel bei Olten,SO,NONE,,CHE-105.812.856,Rheingarage Verwaltungs AG,SA,Zugerstrasse 13,4143,Dornach,SO,"Zugerstrasse 13, 4143 Dornach",0.33,yes,,verwaltungs,60
RCT SA - Zimmermann Immobilien Consulting,Ronco sopra Ascona,TI,MEDIUM,,CHE-106.019.010,Zimmermann AG,SA,Hoferbad 12,9050,Appenzell,AI,"Hoferbad 12, 9050 Appenzell",0.67,,,zimmermann,60
RE/MAX Immobiliare a Lugano,Lugano,TI,MEDIUM,,CHE-105.831.641,Max A. Nydegger Treuhand AG,SA,Monbijoustrasse 10,3011,Bern,BE,"Monbijoustrasse 10, 3011 Bern",0.67,,,max,60
RE/MAX Immobilien in Aarau,Aarau,AG,LOW,,CHE-101.295.577,Max Dössegger Immobilien AG in Liquidation,SA,"c/o Heinrich Dössegger
Rütiweg 17",5706,Boniswil,AG,"c/o Heinrich Dössegger
Rütiweg 17, 5706 Boniswil",0.57,yes,,max,60
RE/MAX Immobilien in Belp,Belp,BE,NONE,,CHE-154.678.043,Max A. Nydegger Treuhand AG,succursale,"null
Riedlistrasse 17",3123,Belp,BE,"null
Riedlistrasse 17, 3123 Belp",0.29,yes,yes,max,60
RE/MAX Immobilien in Brunnen,Brunnen,SZ,LOW,,CHE-101.295.577,Max Dössegger Immobilien AG in Liquidation,SA,"c/o Heinrich Dössegger
Rütiweg 17",5706,Boniswil,AG,"c/o Heinrich Dössegger
Rütiweg 17, 5706 Boniswil",0.50,,,max,60
RE/MAX Immobilien in Freiburg,Fribourg,FR,LOW,,CHE-100.408.235,Freiburg Immobilien AG,SA,Grand-Rue 22,1700,Fribourg,FR,"Grand-Rue 22, 1700 Fribourg",0.40,yes,yes,freiburg,60
RE/MAX Immobilien in Lenzburg,Lenzburg,AG,LOW,,CHE-101.295.577,Max Dössegger Immobilien AG in Liquidation,SA,"c/o Heinrich Dössegger
Rütiweg 17",5706,Boniswil,AG,"c/o Heinrich Dössegger
Rütiweg 17, 5706 Boniswil",0.50,yes,,max,60
RE/MAX Immobilien in Lugano,Lugano,TI,LOW,,CHE-101.295.577,Max Dössegger Immobilien AG in Liquidation,SA,"c/o Heinrich Dössegger
Rütiweg 17",5706,Boniswil,AG,"c/o Heinrich Dössegger
Rütiweg 17, 5706 Boniswil",0.57,,,max,60
RE/MAX Immobilien in Rotkreuz,Rotkreuz,ZG,LOW,,CHE-101.295.577,Max Dössegger Immobilien AG in Liquidation,SA,"c/o Heinrich Dössegger
Rütiweg 17",5706,Boniswil,AG,"c/o Heinrich Dössegger
Rütiweg 17, 5706 Boniswil",0.50,,,max,60
RE/MAX Immobilien in Zollikofen,Zollikofen,BE,LOW,,CHE-101.295.577,Max Dössegger Immobilien AG in Liquidation,SA,"c/o Heinrich Dössegger
Rütiweg 17",5706,Boniswil,AG,"c/o Heinrich Dössegger
Rütiweg 17, 5706 Boniswil",0.50,,,max,60
RE/MAX Immobilier à Freiburg,Fribourg,FR,LOW,,CHE-100.408.235,Freiburg Immobilien AG,SA,Grand-Rue 22,1700,Fribourg,FR,"Grand-Rue 22, 1700 Fribourg",0.40,yes,yes,freiburg,60
RE/MAX real estate in Freiburg,Fribourg,FR,LOW,,CHE-100.408.235,Freiburg Immobilien AG,SA,Grand-Rue 22,1700,Fribourg,FR,"Grand-Rue 22, 1700 Fribourg",0.40,yes,yes,freiburg,60
Real Estate Club GmbH,Zunzgen,BL,MEDIUM,,CHE-103.255.873,Club Med (Suisse) SA,SA,Chemin des Mines 2,1202,Genève,GE,"Chemin des Mines 2, 1202 Genève",0.67,,,club,60
Real Estate Group Holding AG,Walchwil,ZG,NONE,,,,,,,,,,,,,,0
Reales GmbH,Riehen,BL,HIGH,,CHE-116.152.490,reales GmbH,Sàrl,Bachgässchen 6,4125,Riehen,BS,"Bachgässchen 6, 4125 Riehen",1.00,,yes,reales,44
REALTO AG,Aarau,AG,HIGH,,CHE-413.557.745,REALTO AG,SA,Neumattstrasse 24,5000,Aarau,AG,"Neumattstrasse 24, 5000 Aarau",1.00,yes,yes,realto,8
Realtors of Excellence - Swiss Family Office,Unterägeri,ZG,LOW,,CHE-492.682.283,The Tao of Excellence GmbH,Sàrl,Vorstadt 26,8200,Schaffhausen,SH,"Vorstadt 26, 8200 Schaffhausen",0.50,,,excellence,60
REALTOWN SA,Clarens,VD,HIGH,,CHE-407.979.026,REALTOWN SA,SA,Rue du Lac 64,1815,Clarens,VD,"Rue du Lac 64, 1815 Clarens",1.00,yes,yes,realtown,2
recapital Management AG,Zollikon,ZH,LOW,,CHE-103.050.414,AWS Management AG,SA,Dorfstrasse 33,8155,Niederhasli,ZH,"Dorfstrasse 33, 8155 Niederhasli",0.50,yes,,management,60
RED Real Estate Group AG,Zürich,ZH,NONE,,CHE-101.851.082,pad design thinking Fredi Bischoff,0101,"c/o Fredi Bischoff
Entlisbergstrasse 49",8038,Zürich,ZH,"c/o Fredi Bischoff
Entlisbergstrasse 49, 8038 Zürich",0.00,yes,yes,red,60
Reference 5 Immobilier SA,Etagnières,VD,HIGH,,CHE-236.504.888,Reference 5 Immobilier SA,SA,Route de Lausanne 14,1037,Etagnières,VD,"Route de Lausanne 14, 1037 Etagnières",1.00,yes,yes,reference,14
REGICOTE SA,Bois-Bougy,GE,NONE,,,,,,,,,,,,,regicote,0
Régie de Fribourg,Fribourg,FR,NONE,,,,,,,,,,,,,,0
RÉGIE DE FRIBOURG SA,Fribourg,FR,NONE,,,,,,,,,,,,,,0
Régie des Alpes SA,Genève,GE,HIGH,yes,CHE-101.471.710,Des Alpes Immo AG,SA,Waldeggstrasse 5,6430,Schwyz,SZ,"Waldeggstrasse 5, 6430 Schwyz",1.00,,,alpes,60
Régie du Croset S.A.,Ecublens,VD,LOW,,CHE-107.971.299,Régie du Croset SA,SA,Chemin du Croset 7,1024,Ecublens VD,VD,"Chemin du Croset 7, 1024 Ecublens VD",0.50,yes,yes,croset,29
REGIE DUBOUX SA,Lausanne,VD,HIGH,,CHE-109.669.776,Régie Duboux SA,SA,Rue du Petit-Chêne 26,1003,Lausanne,VD,"Rue du Petit-Chêne 26, 1003 Lausanne",1.00,yes,yes,duboux,13
Régie Kornhaus SA,Genève,GE,HIGH,yes,CHE-424.275.512,Régie Kornhaus SA,succursale,Rue du Vieux-Billard 3,1205,Genève,GE,"Rue du Vieux-Billard 3, 1205 Genève",1.00,yes,yes,kornhaus,16
Régie Romande SA,Bussigny,VD,MEDIUM,,CHE-100.913.036,Romande Energie Holding SA,SA,Rue de Lausanne 53,1110,Morges,VD,"Rue de Lausanne 53, 1110 Morges",0.67,yes,,romande,60
Regimo Aarau,Aarau,AG,HIGH,,CHE-108.534.843,Regimo AG,SA,Hohlstrasse 536,8048,Zürich,ZH,"Hohlstrasse 536, 8048 Zürich",1.00,,,regimo,5
Regimo Basel,Basel,BS,HIGH,,CHE-108.534.843,Regimo AG,SA,Hohlstrasse 536,8048,Zürich,ZH,"Hohlstrasse 536, 8048 Zürich",1.00,,,regimo,5
"Regimo Basel, Zweigniederlassung der Regimo AG",Basel,BS,LOW,,CHE-185.510.333,"Canonica + Lotti AG, Zweigniederlassung Basel",succursale,Prattelerstr. 21,4052,Basel,BS,"Prattelerstr. 21, 4052 Basel",0.40,yes,yes,zweigniederlassung,60
Regimo Bern,Bern,BE,HIGH,,CHE-108.534.843,Regimo AG,SA,Hohlstrasse 536,8048,Zürich,ZH,"Hohlstrasse 536, 8048 Zürich",1.00,,,regimo,5
Regimo Bern AG,Bern,BE,HIGH,,CHE-108.534.843,Regimo AG,SA,Hohlstrasse 536,8048,Zürich,ZH,"Hohlstrasse 536, 8048 Zürich",1.00,,,regimo,5
Régimo Genève,Genève 20,GE,HIGH,,CHE-108.534.843,Regimo AG,SA,Hohlstrasse 536,8048,Zürich,ZH,"Hohlstrasse 536, 8048 Zürich",1.00,,,régimo,5
Régimo Genève SA,Genève 20,GE,HIGH,,CHE-108.534.843,Regimo AG,SA,Hohlstrasse 536,8048,Zürich,ZH,"Hohlstrasse 536, 8048 Zürich",1.00,,,régimo,5
Régimo Lausanne,Lausanne,VD,HIGH,,CHE-108.534.843,Regimo AG,SA,Hohlstrasse 536,8048,Zürich,ZH,"Hohlstrasse 536, 8048 Zürich",1.00,,,régimo,5
Régimo Lausanne SA,Lausanne,VD,HIGH,,CHE-108.534.843,Regimo AG,SA,Hohlstrasse 536,8048,Zürich,ZH,"Hohlstrasse 536, 8048 Zürich",1.00,,,régimo,5
Regimo St. Gallen AG,St. Gallen,SG,HIGH,,CHE-106.359.977,Regimo St. Gallen AG,SA,Neugasse 35,9000,St. Gallen,SG,"Neugasse 35, 9000 St. Gallen",1.00,yes,yes,regimo,5
Regimo Winterthur,Winterthur,ZH,HIGH,,CHE-108.534.843,Regimo AG,SA,Hohlstrasse 536,8048,Zürich,ZH,"Hohlstrasse 536, 8048 Zürich",1.00,yes,,regimo,5
Regimo Zug,Zug,ZG,HIGH,,CHE-108.534.843,Regimo AG,SA,Hohlstrasse 536,8048,Zürich,ZH,"Hohlstrasse 536, 8048 Zürich",1.00,,,regimo,5
Regimo Zug AG,Zug,ZG,HIGH,,CHE-108.534.843,Regimo AG,SA,Hohlstrasse 536,8048,Zürich,ZH,"Hohlstrasse 536, 8048 Zürich",1.00,,,regimo,5
Regimo Zürich,Zürich,ZH,HIGH,,CHE-108.534.843,Regimo AG,SA,Hohlstrasse 536,8048,Zürich,ZH,"Hohlstrasse 536, 8048 Zürich",1.00,yes,yes,regimo,5
Regimo Zürich — Zweigniederlassung der Regimo AG,Zürich,ZH,LOW,,CHE-449.369.543,"Refinitiv SA, Zweigniederlassung Zürich",succursale,Dufourstrasse 43,8008,Zürich,ZH,"Dufourstrasse 43, 8008 Zürich",0.50,yes,yes,zweigniederlassung,60
Regimo Zürich AG,Zürich,ZH,HIGH,,CHE-108.534.843,Regimo AG,SA,Hohlstrasse 536,8048,Zürich,ZH,"Hohlstrasse 536, 8048 Zürich",1.00,yes,yes,regimo,5
Regus,Zürich,ZH,HIGH,yes,CHE-113.962.877,Regus Holding GmbH,Sàrl,Baarerstrasse 14,6300,Zug,ZG,"Baarerstrasse 14, 6300 Zug",1.00,,,regus,16
Regus Basel Clarahuus,Zürich,ZH,MEDIUM,,CHE-203.910.359,Basel Clarahuus GmbH,Sàrl,Teichgässlein 9,4058,Basel,BS,"Teichgässlein 9, 4058 Basel",0.67,,,clarahuus,1
Regus Business Centers AG,Zug,ZG,HIGH,,CHE-106.097.292,Regus Business Centers AG,SA,Baarerstrasse 14,6300,Zug,ZG,"Baarerstrasse 14, 6300 Zug",1.00,yes,yes,business,60
Regus Switzerland,Zug,ZG,LOW,,CHE-216.279.317,Douglas Switzerland GmbH,Sàrl,"c/o CSC Services (Schweiz) GmbH
Zählerweg 6",6300,Zug,ZG,"c/o CSC Services (Schweiz) GmbH
Zählerweg 6, 6300 Zug",0.50,yes,yes,switzerland,60
Reichle Immobilien AG,Wetzikon,ZH,HIGH,yes,CHE-103.117.188,Reichle Immobilien AG,SA,Buchgrindelstrasse 13,8620,Wetzikon ZH,ZH,"Buchgrindelstrasse 13, 8620 Wetzikon ZH",1.00,yes,yes,reichle,31
Relavest AG,Olten,SO,HIGH,,CHE-373.816.950,Relavest AG,SA,Ringstrasse 15,4600,Olten,SO,"Ringstrasse 15, 4600 Olten",1.00,yes,yes,relavest,1
Relocation Genevoise,Genève,GE,LOW,,CHE-106.012.309,AVENIR RELOCATION IMMOBILIER SA,SA,Rue Sismondi 3,1201,Genève,GE,"Rue Sismondi 3, 1201 Genève",0.50,yes,yes,relocation,60
REMAX Morcote,Morcote,TI,LOW,,CHE-280.215.985,Auto Remax GmbH,Sàrl,Hofstrasse 14,8181,Höri,ZH,"Hofstrasse 14, 8181 Höri",0.50,,,remax,6
REMICOM LOCATION LEMAN,Genève,GE,NONE,,CHE-109.416.672,Association Genevoise des Entreprises de Location de Limousines & Minibus avec Chauffeurs (A.G.E.L.L.M.C.),assoc,"c/o Prestige Rent a Car SA
Rue des Pâquis 57",1201,Genève,GE,"c/o Prestige Rent a Car SA
Rue des Pâquis 57, 1201 Genève",0.13,yes,yes,location,60
Renoreal GmbH,St. Moritz,GR,HIGH,,CHE-113.436.347,RENOREAL GmbH,Sàrl,Neustadtstrasse 16,6003,Luzern,LU,"Neustadtstrasse 16, 6003 Luzern",1.00,,,renoreal,1
Reppisch-Werke AG,Dietikon,ZH,HIGH,,CHE-107.160.898,Reppisch-Werke AG,SA,Bergstrasse 23,8953,Dietikon,ZH,"Bergstrasse 23, 8953 Dietikon",1.00,yes,yes,reppisch,5
Residencia Real Estate AG,Zug,ZG,HIGH,yes,CHE-115.259.375,Residencia Real Estate AG,SA,Ringstrasse 18b,8600,Dübendorf,ZH,"Ringstrasse 18b, 8600 Dübendorf",1.00,,,residencia,4
Resonus Immobilien GmbH,Bern,BE,HIGH,yes,CHE-172.516.906,Resonus Immobilien GmbH,Sàrl,"c/o Manuel Sterchi
Statthalterstrasse 37",3018,Bern,BE,"c/o Manuel Sterchi
Statthalterstrasse 37, 3018 Bern",1.00,yes,yes,resonus,2
RETAIL ADVISORS (GENEVA) SA,Genève,GE,LOW,,CHE-110.056.327,"Geneva Advisors SA, en liquidation",SA,"c/o Dalidor SA
Route de Florissant 64",1206,Genève,GE,"c/o Dalidor SA
Route de Florissant 64, 1206 Genève",0.57,yes,yes,advisors,60
Reto Caminada AG,,,HIGH,,CHE-107.841.797,Reto Caminada AG,SA,Rebbergstrasse 64,8049,Zürich,ZH,"Rebbergstrasse 64, 8049 Zürich",1.00,,,caminada,29
Reto Knuchel,Utzenstorf,BE,MEDIUM,,CHE-103.044.431,Knuchel Immobilien AG,SA,Steinackerweg 13,4537,Wiedlisbach,BE,"Steinackerweg 13, 4537 Wiedlisbach",0.67,yes,,knuchel,24
Revimag Immobilien AG,Dagmersellen,LU,HIGH,yes,CHE-114.475.456,Revimag Treuhand AG,SA,Baselstrasse 44,6252,Dagmersellen,LU,"Baselstrasse 44, 6252 Dagmersellen",1.00,yes,yes,revimag,2
RFG Immobilier SA,Fully,VS,HIGH,,CHE-383.218.934,RFG AG,SA,Hohlengasse 8,3661,Uetendorf,BE,"Hohlengasse 8, 3661 Uetendorf",1.00,,,rfg,60
RGb immobilien gmbh,Schaffhausen,SH,HIGH,yes,CHE-112.405.628,RGb immobilien gmbh,Sàrl,Fischerhäuserstrasse 5,8200,Schaffhausen,SH,"Fischerhäuserstrasse 5, 8200 Schaffhausen",1.00,yes,yes,rgb,60
Rhätische Bahn AG (RhB),Chur,GR,HIGH,,CHE-105.956.490,Rhätische Bahn AG (RhB),SA,Bahnhofstrasse 25,7001,Chur,GR,"Bahnhofstrasse 25, 7001 Chur",1.00,yes,yes,rhätische,3
RhB Immobilien AG,Chur,GR,HIGH,yes,CHE-490.559.045,RhB Immobilien AG,SA,Bahnhofstrasse 25,7000,Chur,GR,"Bahnhofstrasse 25, 7000 Chur",1.00,yes,yes,rhb,12
RhB Immobilien AG — Patrick Näpflin,Chur,GR,NONE,,CHE-108.334.126,"Sportcenter La Linea, Patrick Fuhrer",0101,Triststrasse 8,7000,Chur,GR,"Triststrasse 8, 7000 Chur",0.29,yes,yes,patrick,60
Rheinfelden,Rheinfelden,AG,NONE,,,,,,,,,,,,,,0
Rickys AG,Chur,GR,HIGH,,CHE-493.556.422,Rickys AG,SA,Obere Gasse 3,7000,Chur,GR,"Obere Gasse 3, 7000 Chur",1.00,yes,yes,rickys,1
Ries Relocation,Genève,GE,LOW,,CHE-106.012.309,AVENIR RELOCATION IMMOBILIER SA,SA,Rue Sismondi 3,1201,Genève,GE,"Rue Sismondi 3, 1201 Genève",0.50,yes,yes,relocation,60
Rieser & Häni Immobilien,,,HIGH,,CHE-440.552.124,Rieser & Häni Immobilien,RI,Seestrasse 12,8712,Stäfa,ZH,"Seestrasse 12, 8712 Stäfa",1.00,,,rieser,56
RILSA SA,Lausanne,VD,HIGH,,CHE-102.167.752,RILSA SA,SA,Rue du Lion d'Or 6,1003,Lausanne,VD,"Rue du Lion d'Or 6, 1003 Lausanne",1.00,yes,yes,rilsa,1
Rimo AG,Reiden,LU,HIGH,,CHE-108.730.628,RIMO Holding AG,SA,Friedmattstrasse 5,6260,Reiden,LU,"Friedmattstrasse 5, 6260 Reiden",1.00,yes,yes,rimo,60
Rinesa Gjukaj,Olten,SO,MEDIUM,,CHE-161.332.986,Rinesa Immobilier Sàrl,Sàrl,Rue du Mont-d'Or 3 a,1337,Vallorbe,VD,"Rue du Mont-d'Or 3 a, 1337 Vallorbe",0.67,,,rinesa,1
Rissim,Gland,VD,HIGH,,CHE-261.675.872,RISSIM IMMOBILIER Sàrl,Sàrl,Chemin des Vignes 39,1196,Gland,VD,"Chemin des Vignes 39, 1196 Gland",1.00,yes,yes,rissim,27
Ritz Immobilien AG,Bellwald,VS,LOW,,CHE-105.889.103,Arte cucina Manz-Ritz SA,SA,Marktgasse 32,3011,Bern,BE,"Marktgasse 32, 3011 Bern",0.40,,,ritz,60
Riviera Properties,St-Légier-La Chiésaz,VD,LOW,,CHE-106.005.261,ACE Properties SA,SA,Avenue Mon-Repos 22,1005,Lausanne,VD,"Avenue Mon-Repos 22, 1005 Lausanne",0.50,yes,,properties,60
RL Immo GmbH,Oberriet,SG,NONE,,,,,,,,,,,,,,0
Robert Pfister AG,Bern,BE,HIGH,,CHE-101.275.480,Robert Pfister AG,SA,Neuengasse 17,3011,Bern,BE,"Neuengasse 17, 3011 Bern",1.00,yes,yes,pfister,60
Robert Pfister AG (Worb),Bern,BE,MEDIUM,,CHE-101.275.480,Robert Pfister AG,SA,Neuengasse 17,3011,Bern,BE,"Neuengasse 17, 3011 Bern",0.80,yes,yes,pfister,60
Rojoma Immobilien AG,,,HIGH,yes,CHE-256.574.277,Rojoma GmbH,Sàrl,Rütimattweg 28,5040,Schöftland,AG,"Rütimattweg 28, 5040 Schöftland",1.00,,,rojoma,2
ROKU AG,Rorschacherberg,SG,HIGH,,CHE-459.881.920,ROKU AG,SA,Seestrasse 37a,9326,Horn,TG,"Seestrasse 37a, 9326 Horn",1.00,,,roku,23
Roland Savary Immobilier Yverdon SA,Yverdon-les-Bains,VD,NONE,,CHE-106.446.872,Roland Forney & fils SA,SA,Avenue des Oiseaux 13,1018,Lausanne,VD,"Avenue des Oiseaux 13, 1018 Lausanne",0.33,yes,,roland,60
Rolf Hug — HR Immobilien AG,Bellach,SO,LOW,,CHE-101.488.314,Rolf Hänggi AG,SA,Sportstrasse 53,2540,Grenchen,SO,"Sportstrasse 53, 2540 Grenchen",0.40,yes,,rolf,60
Room Estate AG,Zürich,ZH,HIGH,,CHE-101.593.856,Room Estate AG,SA,Katzenbachstrasse 71,8052,Zürich,ZH,"Katzenbachstrasse 71, 8052 Zürich",1.00,yes,yes,room,60
ROSSET & CIE SA,Onex,GE,HIGH,,CHE-102.167.947,Rosset et Cie SA,SA,route de Chancy 85,1213,Onex,GE,"route de Chancy 85, 1213 Onex",1.00,yes,yes,rosset,60
Rosset Fribourg,Fribourg,FR,HIGH,yes,CHE-302.644.055,Rosset SA agence immobilière,succursale,Rue de Romont 5,1700,Fribourg,FR,"Rue de Romont 5, 1700 Fribourg",1.00,yes,yes,rosset,60
Rosset Genève,Onex,GE,HIGH,yes,CHE-106.017.407,Rosset SA agence immobilière,SA,Rue de Genève 86,1004,Lausanne,VD,"Rue de Genève 86, 1004 Lausanne",1.00,,,rosset,60
Rosset Lausanne,Lausanne,VD,HIGH,yes,CHE-106.017.407,Rosset SA agence immobilière,SA,Rue de Genève 86,1004,Lausanne,VD,"Rue de Genève 86, 1004 Lausanne",1.00,yes,yes,rosset,60
Roth Immobilien Management,Biel/Bienne,BE,LOW,,CHE-105.931.030,Bigla Management AG,SA,Werkstrasse 36,3250,Lyss,BE,"Werkstrasse 36, 3250 Lyss",0.50,yes,,management,60
Roth Immobilien Management AG,Biel,BE,LOW,,CHE-105.931.030,Bigla Management AG,SA,Werkstrasse 36,3250,Lyss,BE,"Werkstrasse 36, 3250 Lyss",0.50,yes,,management,60
Royal Swiss Home,Baar (Zg),ZG,LOW,,CHE-100.385.344,Royal Canin (Schweiz) AG,SA,Neuhofstrasse 4,6340,Baar,ZG,"Neuhofstrasse 4, 6340 Baar",0.50,yes,yes,royal,60
RS Properties AG,,,LOW,,CHE-102.799.018,Northbridge Properties (Suisse) SA,SA,Rue de la Prétaire 45,1936,Verbier,VS,"Rue de la Prétaire 45, 1936 Verbier",0.50,,,properties,60
RSM Immobilier Sàrl,Bouveret,VD,HIGH,yes,CHE-113.681.349,RSM Immobilier Sàrl,Sàrl,Route Industrielle 35,1897,Bouveret,VS,"Route Industrielle 35, 1897 Bouveret",1.00,,yes,rsm,60
RTB Corvaglia Sàrl,Vionnaz,VD,HIGH,,CHE-108.187.049,RTB Corvaglia Sàrl,Sàrl,Route du Simplon 81,1895,Vionnaz,VS,"Route du Simplon 81, 1895 Vionnaz",1.00,,yes,corvaglia,11
"Rubinfeld, Immobilien und Verwaltungen",Zürich,ZH,HIGH,yes,CHE-107.836.922,Rubinfeld AG,SA,"c/o Rebecca Rubinfeld
Schimmelstrasse 15",8003,Zürich,ZH,"c/o Rebecca Rubinfeld
Schimmelstrasse 15, 8003 Zürich",1.00,yes,yes,rubinfeld,5
Ruchti Partner AG,Thun,BE,HIGH,yes,CHE-333.293.170,Ruchti Partner AG,SA,Kasernenstrasse 17a,3600,Thun,BE,"Kasernenstrasse 17a, 3600 Thun",1.00,yes,yes,ruchti,44
ruef immobilien AG,Utzenstorf,BE,HIGH,,CHE-192.811.745,ruef immobilien AG,SA,Jurastrasse 1,3427,Utzenstorf,BE,"Jurastrasse 1, 3427 Utzenstorf",1.00,yes,yes,ruef,39
Rufimo GmbH,Solothurn,SO,MEDIUM,,CHE-110.319.426,RUFIMO Immobiliendienstleistungen GmbH,Sàrl,Niklaus Konrad-Strasse 24,4500,Solothurn,SO,"Niklaus Konrad-Strasse 24, 4500 Solothurn",0.67,yes,yes,rufimo,1
Rufimo Immobiliendienstleistungen GmbH,,SO,HIGH,,CHE-110.319.426,RUFIMO Immobiliendienstleistungen GmbH,Sàrl,Niklaus Konrad-Strasse 24,4500,Solothurn,SO,"Niklaus Konrad-Strasse 24, 4500 Solothurn",1.00,yes,,immobiliendienstleistungen,22
Rukop AG,Aarwangen,BL,HIGH,,CHE-103.610.230,Rukop AG,SA,Bützbergstrasse 2,4912,Aarwangen,BE,"Bützbergstrasse 2, 4912 Aarwangen",1.00,,yes,rukop,3
RumyFi,Basel,BS,NONE,,,,,,,,,,,,,rumyfi,0
Rusca Studio Immobiliare Sagl,Lugano,TI,LOW,,CHE-101.958.969,Studio Fiduciario Immobiliare SA,SA,Via Cantonale 1,6900,Lugano,TI,"Via Cantonale 1, 6900 Lugano",0.50,yes,yes,studio,60
RV-SERVICE  SA,Fully,VS,NONE,,,,,,,,,,,,,,0
Rysma Real Estate AG,Baar,ZG,HIGH,,CHE-282.884.074,Rysma Real Estate AG,SA,Blegistrasse 3,6340,Baar,ZG,"Blegistrasse 3, 6340 Baar",1.00,yes,yes,rysma,2
S. Barmettler Immobilien GmbH,Heimberg,BE,HIGH,,CHE-421.309.764,S. Barmettler Immobilien GmbH,Sàrl,Käsereiweg 2,3627,Heimberg,BE,"Käsereiweg 2, 3627 Heimberg",1.00,yes,yes,barmettler,57
S. Fischer,Basel,BS,MEDIUM,,CHE-100.748.984,Fischer Immobilien AG Basel,SA,Gotthelfstr. 7,4054,Basel,BS,"Gotthelfstr. 7, 4054 Basel",0.67,yes,yes,fischer,60
S.D. Schneider Immobilien,Basel,BS,MEDIUM,,CHE-105.953.741,Schneider's Davos AG,SA,Promenade 73,7270,Davos Platz,GR,"Promenade 73, 7270 Davos Platz",0.67,,,schneider,60
Saco SA,,,MEDIUM,,CHE-102.618.298,Saco Maschinenbau AG,SA,Aatalstrasse 31,8636,Wald ZH,ZH,"Aatalstrasse 31, 8636 Wald ZH",0.67,,,saco,60
Saibot GmbH,St. Gallen,SG,HIGH,,CHE-469.854.706,Saibot GmbH,Sàrl,Langgasse 78,9008,St. Gallen,SG,"Langgasse 78, 9008 St. Gallen",1.00,yes,yes,saibot,1
Sallenbach Immobilien AG,Maur,ZH,HIGH,yes,CHE-435.503.350,Sallenbach Immobilien AG,SA,Fällandenstrasse 6a,8124,Maur,ZH,"Fällandenstrasse 6a, 8124 Maur",1.00,yes,yes,sallenbach,6
SAM & Partners SA,Lugano,TI,MEDIUM,,CHE-108.950.437,SAM global,assoc,Wolfensbergstrasse 47,8400,Winterthur,ZH,"Wolfensbergstrasse 47, 8400 Winterthur",0.67,,,sam,60
Sandra Fischer Immobilien AG,Otelfingen,ZH,MEDIUM,,CHE-100.748.984,Fischer Immobilien AG Basel,SA,Gotthelfstr. 7,4054,Basel,BS,"Gotthelfstr. 7, 4054 Basel",0.67,,,fischer,60
Sanjo Management AG,Altendorf,ZH,LOW,,CHE-103.050.414,AWS Management AG,SA,Dorfstrasse 33,8155,Niederhasli,ZH,"Dorfstrasse 33, 8155 Niederhasli",0.50,yes,,management,60
Saphir Immo SA,Crans-Montana,VS,HIGH,yes,CHE-376.289.171,Saphir Immo SA,SA,Rue Centrale 23,3963,Crans-Montana,VS,"Rue Centrale 23, 3963 Crans-Montana",1.00,yes,yes,saphir,54
Sarimmo AG,Oberbuchsiten,SO,HIGH,,CHE-116.308.378,Sarimmo AG,SA,Dorfstrasse 13,4625,Oberbuchsiten,SO,"Dorfstrasse 13, 4625 Oberbuchsiten",1.00,yes,yes,sarimmo,3
Satellite Office,Zürich,ZH,MEDIUM,yes,CHE-218.245.335,Satellite Office Gryffenberg AG,SA,Bahnhofstrasse 10,8001,Zürich,ZH,"Bahnhofstrasse 10, 8001 Zürich",0.80,yes,yes,satellite,30
SATELLITE OFFICE Zürich,Zürich,ZH,MEDIUM,yes,CHE-218.245.335,Satellite Office Gryffenberg AG,SA,Bahnhofstrasse 10,8001,Zürich,ZH,"Bahnhofstrasse 10, 8001 Zürich",0.80,yes,yes,satellite,30
Sauter Immobilien AG,Zürich,ZH,HIGH,yes,CHE-286.999.747,sauter immo AG,SA,Hegistrasse 12,8542,Wiesendangen,ZH,"Hegistrasse 12, 8542 Wiesendangen",1.00,yes,,sauter,60
"Saxer Immobilien, Saxer Unternehmungen AG",Thun,BE,HIGH,yes,CHE-112.437.249,Saxer Unternehmungen AG,SA,Frutigenstrasse 82,3604,Thun,BE,"Frutigenstrasse 82, 3604 Thun",1.00,yes,yes,saxer,60
"Saxer Verwaltungen, Saxer Unternehmungen AG",Thun,BE,HIGH,yes,CHE-112.437.249,Saxer Unternehmungen AG,SA,Frutigenstrasse 82,3604,Thun,BE,"Frutigenstrasse 82, 3604 Thun",1.00,yes,yes,saxer,60
SBB AG Immobilien,Bern,BE,MEDIUM,,CHE-105.409.360,Pensionskasse SBB,fond,Hilfikerstrasse 4,3014,Bern,BE,"Hilfikerstrasse 4, 3014 Bern",0.67,yes,yes,sbb,20
sbw — Stiftung Bauen & Wohnen Zürich,8032 - Zürich,ZH,HIGH,,CHE-101.475.978,Stiftung Bauen und Wohnen (SBW),fond,"c/o Wohnbaugenossenschaften Schweiz
Hofackerstrasse 32",8032,Zürich,ZH,"c/o Wohnbaugenossenschaften Schweiz
Hofackerstrasse 32, 8032 Zürich",1.00,yes,yes,wohnen,60
Schaeppi Grundstücke AG,St. Gallen,SG,HIGH,yes,CHE-466.869.574,Schaeppi Grundstücke AG,succursale,Breitfeldstrasse 13,9015,St. Gallen,SG,"Breitfeldstrasse 13, 9015 St. Gallen",1.00,yes,yes,grundstücke,23
Schärer Immobilien AG,Lyss BE,BE,HIGH,yes,CHE-102.025.431,Schärer AG,SA,Grossmatte 12,6014,Luzern,LU,"Grossmatte 12, 6014 Luzern",1.00,,,schärer,60
Schaufelberger Immobilien AG,Zürich,ZH,HIGH,yes,CHE-101.892.023,Schaufelberger Immobilien AG,SA,Albisriederstrasse 80,8003,Zürich,ZH,"Albisriederstrasse 80, 8003 Zürich",1.00,yes,yes,schaufelberger,40
Schmid Immobilien & Treuhand AG,,,HIGH,,CHE-102.570.941,Schmid - Bau AG,SA,"c/o Alphons Schmid
Höhenweg 27",5610,Wohlen AG,AG,"c/o Alphons Schmid
Höhenweg 27, 5610 Wohlen AG",1.00,,,schmid,60
Schmid Immobilien und Treuhand AG,Zürich,ZH,HIGH,,CHE-102.570.941,Schmid - Bau AG,SA,"c/o Alphons Schmid
Höhenweg 27",5610,Wohlen AG,AG,"c/o Alphons Schmid
Höhenweg 27, 5610 Wohlen AG",1.00,,,schmid,60
Schmidiger Immobilien AG,Malters,LU,HIGH,yes,CHE-102.781.047,Schmidiger Immobilien AG,SA,Luzernstrasse 68,6102,Malters,LU,"Luzernstrasse 68, 6102 Malters",1.00,yes,yes,schmidiger,26
Schmitz Immobilien AG,Biel/Bienne,BE,HIGH,yes,CHE-394.639.903,Schmitz Immobilien AG,SA,Esplanade Kongresshaus 5,2502,Biel/Bienne,BE,"Esplanade Kongresshaus 5, 2502 Biel/Bienne",1.00,yes,yes,schmitz,40
Schnell Immobilien AG,Stäfa,ZH,HIGH,yes,CHE-107.704.031,Schnell Immobilien AG,SA,Goethestrasse 21,8712,Stäfa,ZH,"Goethestrasse 21, 8712 Stäfa",1.00,yes,yes,schnell,60
Schnell Immobilien AG — Arpagaus Olivia,Stäfa,ZH,LOW,,CHE-113.845.237,Arpagaus & Partner AG,SA,Höschgasse 25,8008,Zürich,ZH,"Höschgasse 25, 8008 Zürich",0.50,yes,,arpagaus,33
Schneller Immobilien AG,Bern,BE,HIGH,yes,CHE-490.385.992,Schneller Immobilien AG,SA,Kramgasse 48,3011,Bern,BE,"Kramgasse 48, 3011 Bern",1.00,yes,yes,schneller,21
Schnetzler Immobilien AG,Kaisten,AG,HIGH,,CHE-112.154.834,Schnetzler Immobilien AG,SA,Kaistenbergstrasse 3,5082,Kaisten,AG,"Kaistenbergstrasse 3, 5082 Kaisten",1.00,yes,yes,schnetzler,13
Schöffel & Partner AG,Neuhausen am Rheinfall,SH,HIGH,yes,CHE-461.452.787,Schöffel & Partner AG,SA,"c/o Stefan Schöffel
Benzeweg 53 f",8222,Beringen,SH,"c/o Stefan Schöffel
Benzeweg 53 f, 8222 Beringen",1.00,yes,,schöffel,5
Schweizer Immotreuhand GmbH,Oberbüren,SG,HIGH,,CHE-321.121.929,Schweizer Immotreuhand GmbH,Sàrl,Sandackerstrasse 32,9245,Oberbüren,SG,"Sandackerstrasse 32, 9245 Oberbüren",1.00,yes,yes,immotreuhand,15
Schweizer Partner AG,Obergösgen,SO,MEDIUM,,CHE-107.912.109,Eric Schweizer AG,SA,Maienstrasse 8,3613,Steffisburg,BE,"Maienstrasse 8, 3613 Steffisburg",0.67,,,schweizer,60
SE Portfolio 1,Zürich,ZH,HIGH,,CHE-417.747.546,SE Portfolio 1 AG,SA,Löwenstrasse 25,8001,Zürich,ZH,"Löwenstrasse 25, 8001 Zürich",1.00,yes,yes,portfolio,60
secrethomes ag,Allschwil,BL,HIGH,,CHE-162.521.248,secrethomes ag,SA,Ofenstrasse 52,4123,Allschwil,BL,"Ofenstrasse 52, 4123 Allschwil",1.00,yes,yes,secrethomes,1
Senn Development AG,St. Gallen,SG,MEDIUM,,CHE-102.545.038,Immo-Development AG,SA,"c/o GALVASWISS AG
Weinfelderstrasse ",8552,Felben-Wellhausen,TG,"c/o GALVASWISS AG
Weinfelderstrasse , 8552 Felben-Wellhausen",0.67,,,development,60
SENN Resources AG,St. Gallen,SG,HIGH,,CHE-103.934.017,Senn Resources AG,SA,Brühlgasse 37,9000,St. Gallen,SG,"Brühlgasse 37, 9000 St. Gallen",1.00,yes,yes,resources,60
SENSI LIFESTYLE-PRODUCTS GMBH,Pfäffikon,ZH,LOW,,CHE-106.058.808,Achesa Lifestyle AG,SA,Hamelirainstrasse 5,8302,Kloten,ZH,"Hamelirainstrasse 5, 8302 Kloten",0.40,yes,,lifestyle,60
Sergio Wuhrmann,Männedorf,ZH,LOW,,CHE-115.839.319,Wuhrmann Immobilien & Verwaltungs GmbH,Sàrl,Emil-Staub-Strasse 4,8708,Männedorf,ZH,"Emil-Staub-Strasse 4, 8708 Männedorf",0.50,yes,yes,wuhrmann,9
Services Immobiliers,Tavannes,BE,MEDIUM,,CHE-115.304.018,Services Immobiliers - JAUMOTTE,0101,Champs Bruants 9,2710,Tavannes,BE,"Champs Bruants 9, 2710 Tavannes",0.67,yes,yes,immobiliers,60
Severin Immobilien GmbH,Buchberg,ZH,HIGH,yes,CHE-378.036.681,Severin Immobilien GmbH,Sàrl,"c/o Heike Severin
Förlibuckstrasse 4",8454,Buchberg,SH,"c/o Heike Severin
Förlibuckstrasse 4, 8454 Buchberg",1.00,,yes,severin,60
SFS Group Schweiz AG,Rotkreuz,ZG,HIGH,yes,CHE-103.670.002,SFS Group AG,SA,Rosenbergsaustrasse 8,9435,Heerbrugg,SG,"Rosenbergsaustrasse 8, 9435 Heerbrugg",1.00,,,sfs,27
SGBC Business Center AG,,,MEDIUM,,CHE-100.478.193,Atrium Business Center SA,SA,Rue du Four 23,1470,Estavayer-le-Lac,FR,"Rue du Four 23, 1470 Estavayer-le-Lac",0.67,,,business,60
ShareP AG,Zürich,ZH,NONE,,CHE-256.765.357,SharePlanet KLG,RI,Zelglistrasse 6,8344,Bäretswil,ZH,"Zelglistrasse 6, 8344 Bäretswil",0.00,yes,,sharep,3
si casa - Salvati Immobilien GmbH,Wettingen,AG,HIGH,,CHE-233.759.788,si casa - Salvati Immobilien GmbH,Sàrl,Tägerhardstrasse 99,5430,Wettingen,AG,"Tägerhardstrasse 99, 5430 Wettingen",1.00,yes,yes,salvati,9
SIBYLLE AMREIN Immobilien,Luzern,LU,HIGH,,CHE-115.890.065,SIBYLLE AMREIN Immobilien,0101,Pilatusstrasse 19,6003,Luzern,LU,"Pilatusstrasse 19, 6003 Luzern",1.00,yes,yes,sibylle,60
Siclaro AG,St. Gallen,SG,HIGH,,CHE-108.642.059,Siclaro AG,SA,Vadianstrasse 13,9000,St. Gallen,SG,"Vadianstrasse 13, 9000 St. Gallen",1.00,yes,yes,siclaro,1
SIE REAL ESTATE SA,Lugano,TI,NONE,,CHE-105.894.050,AMSA - Autolinea Mendrisiense SA,SA,Via San Gottardo 20,6828,Balerna,TI,"Via San Gottardo 20, 6828 Balerna",0.00,yes,,sie,60
Siedlungsgenossenschaft Bethlehemacker,Bern,BE,HIGH,,CHE-101.784.600,Siedlungsgenossenschaft Bethlehemacker,coop,Mühledorfstrasse 5,3018,Bern,BE,"Mühledorfstrasse 5, 3018 Bern",1.00,yes,yes,siedlungsgenossenschaft,31
Signature by Regus,Zug,ZG,LOW,,CHE-102.688.100,Signature AG,SA,"c/o Daniel Joerin
Eschenring 8",6300,Zug,ZG,"c/o Daniel Joerin
Eschenring 8, 6300 Zug",0.50,yes,yes,signature,60
Signature Switzerland,Zug,ZG,LOW,,CHE-216.279.317,Douglas Switzerland GmbH,Sàrl,"c/o CSC Services (Schweiz) GmbH
Zählerweg 6",6300,Zug,ZG,"c/o CSC Services (Schweiz) GmbH
Zählerweg 6, 6300 Zug",0.50,yes,yes,switzerland,60
Signy Centre,Signy,GE,MEDIUM,,CHE-101.936.413,Régie du Centre SA,SA,Rue de la Madeleine 8,1204,Genève,GE,"Rue de la Madeleine 8, 1204 Genève",0.67,yes,,centre,60
SIH Swiss Immo Holding Nani,Nyon,GE,HIGH,,CHE-496.422.611,SIH Swiss Immo Holding Nani,0101,Grand-Rue 14,1180,Rolle,VD,"Grand-Rue 14, 1180 Rolle",1.00,,,nani,60
SIMO Immobilien GmbH,Zürich,ZH,LOW,,CHE-100.557.585,SI Simo H SA,SA,"c/o KMU Treuhandpartner AG Gstaad
Lauenenstrasse 34",3780,Gstaad,BE,"c/o KMU Treuhandpartner AG Gstaad
Lauenenstrasse 34, 3780 Gstaad",0.50,,,simo,60
SINHA'S GmbH — SINHA'S,Wallisellen,ZH,HIGH,yes,CHE-302.678.290,SINHA'S GmbH,Sàrl,Chamerstrasse 176,6300,Zug,ZG,"Chamerstrasse 176, 6300 Zug",1.00,,,sinha,11
SINHA'S GmbH — SINHA'S GmbH,Wallisellen,ZH,HIGH,yes,CHE-302.678.290,SINHA'S GmbH,Sàrl,Chamerstrasse 176,6300,Zug,ZG,"Chamerstrasse 176, 6300 Zug",1.00,,,sinha,11
SINHAS GmbH,Wallisellen,ZH,NONE,,CHE-214.590.388,"RAIZES E TRADIÇÕES CASA DAS FRANCESINHAS, DE BARROS",0101,Rue des Chèzeaux 2,1424,Champagne,VD,"Rue des Chèzeaux 2, 1424 Champagne",0.00,,,sinhas,1
SINHAS GmbH — SINHAS GmbH,Wallisellen,ZH,NONE,,CHE-214.590.388,"RAIZES E TRADIÇÕES CASA DAS FRANCESINHAS, DE BARROS",0101,Rue des Chèzeaux 2,1424,Champagne,VD,"Rue des Chèzeaux 2, 1424 Champagne",0.00,,,sinhas,1
SISKA Immobilien AG,Winterthur,ZH,HIGH,,CHE-107.896.485,SISKA Immobilien AG,SA,Brunngasse 6,8400,Winterthur,ZH,"Brunngasse 6, 8400 Winterthur",1.00,yes,yes,siska,6
SISKA Verwaltungs AG,Zürich,ZH,LOW,,CHE-107.899.905,Blum Verwaltungs- und Treuhand AG,SA,Löwenstrasse 20,8001,Zürich,ZH,"Löwenstrasse 20, 8001 Zürich",0.50,yes,yes,verwaltungs,60
sitEX Properties Holding AG,Lachen,ZH,HIGH,,CHE-103.015.702,sitEX Properties Holding AG,SA,Zürcherstrasse 137,8852,Altendorf,SZ,"Zürcherstrasse 137, 8852 Altendorf",1.00,,,properties,60
SKF Fiduciaria Sagl,Massagno,TI,MEDIUM,,CHE-101.753.752,Fiduciaria di Lugano SA,SA,Via Greina 3,6900,Lugano,TI,"Via Greina 3, 6900 Lugano",0.67,yes,,fiduciaria,60
SKYHOMES GmbH,Basel,BS,HIGH,,CHE-293.754.961,SKYHOMES GmbH,Sàrl,Hegenheimerstrasse 95,4055,Basel,BS,"Hegenheimerstrasse 95, 4055 Basel",1.00,yes,yes,skyhomes,2
smzh AG,Zürich,ZH,HIGH,,CHE-110.242.060,smzh ag,SA,Tödistrasse 53,8002,Zürich,ZH,"Tödistrasse 53, 8002 Zürich",1.00,yes,yes,smzh,2
SN Immo Sàrl,Sion,VS,NONE,,,,,,,,,,,,,,0
SN IMMOTEAM,Kloten,ZH,MEDIUM,,CHE-138.547.282,SN IMMOTEAM KLG,RI,Ackerstrasse 19,8302,Kloten,ZH,"Ackerstrasse 19, 8302 Kloten",0.80,yes,yes,immoteam,7
Société coopérative Migros Vaud,Ecublens,VD,HIGH,,CHE-105.896.913,Société coopérative Migros Vaud,coop,Chemin du Dévent ,1024,Ecublens VD,VD,"Chemin du Dévent , 1024 Ecublens VD",1.00,yes,yes,migros,35
Société Privée de Gérance SA,Lausanne,VD,HIGH,yes,CHE-115.444.263,Régie Privée SA,SA,Chemin des Anciens-Moulins 2 A,1009,Pully,VD,"Chemin des Anciens-Moulins 2 A, 1009 Pully",1.00,yes,,privée,60
Sollberger Treuhand AG,Bern,BE,HIGH,yes,CHE-106.778.452,Sollberger Immobilien AG,SA,Sägehofweg 18,3027,Bern,BE,"Sägehofweg 18, 3027 Bern",1.00,yes,yes,sollberger,60
Sonnenhang AG,Wilen (Gottshaus),SG,HIGH,,CHE-442.444.155,Sonnenhang AG,SA,Vogelherd 9,9225,Wilen (Gottshaus),TG,"Vogelherd 9, 9225 Wilen (Gottshaus)",1.00,,yes,sonnenhang,1
Spaces,Genève,GE,MEDIUM,,CHE-219.113.943,making spaces ag,SA,St. Alban-Rheinweg 74,4052,Basel,BS,"St. Alban-Rheinweg 74, 4052 Basel",0.67,,,spaces,60
Spaces Switzerland,Zug,ZG,LOW,,CHE-216.279.317,Douglas Switzerland GmbH,Sàrl,"c/o CSC Services (Schweiz) GmbH
Zählerweg 6",6300,Zug,ZG,"c/o CSC Services (Schweiz) GmbH
Zählerweg 6, 6300 Zug",0.50,yes,yes,switzerland,60
Specht & Lappe Real Estate,Muralto,TI,HIGH,,CHE-277.962.461,Specht & Lappe Real Estate SA,SA,Piazza Stazione 2,6600,Muralto,TI,"Piazza Stazione 2, 6600 Muralto",1.00,yes,yes,specht,26
Specogna Liegenschaften AG — Gewerbe,Kloten,ZH,LOW,,CHE-101.523.749,UBAG Liegenschaften AG,SA,Feldwiesstrasse 2,8181,Höri,ZH,"Feldwiesstrasse 2, 8181 Höri",0.40,yes,,liegenschaften,60
SPG Location Lausanne,Lausanne,VD,LOW,,CHE-106.058.694,Audemars Location SA,SA,Rue des Eterpaz 5,1337,Vallorbe,VD,"Rue des Eterpaz 5, 1337 Vallorbe",0.50,yes,,location,60
SPG Location Nyon,Nyon,GE,LOW,,CHE-110.127.022,Garage-Location Patrick SA,SA,Rue du Stand 17,1260,Nyon,VD,"Rue du Stand 17, 1260 Nyon",0.40,,yes,location,60
SPG Locations commerciales,Genève 6,GE,LOW,,CHE-100.077.345,Société de techniques commerciales SA,SA,Avenue De-GALLATIN 13,1203,Genève,GE,"Avenue De-GALLATIN 13, 1203 Genève",0.40,yes,yes,commerciales,8
SPG Locations résidentielles,Genève 6,GE,NONE,,,,,,,,,,,,,résidentielles,0
spg partner ag,Zürich,ZH,HIGH,yes,CHE-112.033.053,spg partner ag,SA,Rämistrasse 8,8001,Zürich,ZH,"Rämistrasse 8, 8001 Zürich",1.00,yes,yes,spg,24
spg partner Genève,Genève,GE,HIGH,yes,CHE-110.034.283,SPG SWISS AG,SA,Bächaustrasse 1a,8806,Bäch SZ,SZ,"Bächaustrasse 1a, 8806 Bäch SZ",1.00,,,spg,24
spg partner Lausanne,Lausanne,VD,HIGH,yes,CHE-110.034.283,SPG SWISS AG,SA,Bächaustrasse 1a,8806,Bäch SZ,SZ,"Bächaustrasse 1a, 8806 Bäch SZ",1.00,,,spg,24
Spörri Immopartner AG,,,HIGH,,CHE-101.987.066,Spörri Immopartner AG,SA,Chilenholzstrasse 36,8614,Sulzbach,ZH,"Chilenholzstrasse 36, 8614 Sulzbach",1.00,,,immopartner,25
Spross Lebensräume AG,Zürich,ZH,HIGH,,CHE-113.173.337,Spross Lebensräume AG,SA,Burstwiesenstrasse 2,8055,Zürich,ZH,"Burstwiesenstrasse 2, 8055 Zürich",1.00,yes,yes,lebensräume,5
St. Gallen,St. Gallen,SG,NONE,,,,,,,,,,,,,,0
St. Gallen (Shopping Arena),St. Gallen,SG,NONE,,CHE-229.281.097,DSB ONLINE SHOPPING - Shabani,0101,St. Gallerstrasse 1,9032,Engelburg,SG,"St. Gallerstrasse 1, 9032 Engelburg",0.25,yes,,shopping,56
St.Galler Pensionskasse,St.Gallen,SG,NONE,,CHE-105.782.652,Asga Pensionskasse Genossenschaft,coop,Rosenbergstrasse 16,9001,St. Gallen,SG,"Rosenbergstrasse 16, 9001 St. Gallen",0.33,yes,yes,pensionskasse,60
Stadelmann & Stutz AG,Fahrwangen,AG,HIGH,,CHE-106.297.299,Stadelmann & Stutz AG,SA,Bruggmattweg 12,5615,Fahrwangen,AG,"Bruggmattweg 12, 5615 Fahrwangen",1.00,yes,yes,stadelmann,60
Stadler Immobilien AG,Jona,ZH,HIGH,yes,CHE-102.366.889,Stadler Winterthur AG,SA,Sulzerallee 11,8404,Winterthur,ZH,"Sulzerallee 11, 8404 Winterthur",1.00,yes,,stadler,60
Stadt Baden Infrastruktur,Baden,AG,LOW,,CHE-107.864.321,Metron Infrastruktur AG,SA,Stahlrain 2,5200,Brugg AG,AG,"Stahlrain 2, 5200 Brugg AG",0.50,yes,,infrastruktur,49
Stadt Schaffhausen,Schaffhausen,SH,LOW,,CHE-101.192.463,Hauseigentümerverband Basel-Stadt,assoc,Aeschenvorstadt 71,4051,Basel,BS,"Aeschenvorstadt 71, 4051 Basel",0.50,,,stadt,60
Stauffer & Gentile Immobilien GmbH,Zürich,ZH,HIGH,,CHE-399.829.322,Stauffer + Gentile Immobilien GmbH,Sàrl,Limmattalstrasse 206,8049,Zürich,ZH,"Limmattalstrasse 206, 8049 Zürich",1.00,yes,yes,stauffer,60
Stefan Diethelm,Bellach,SO,MEDIUM,,CHE-101.103.809,Diethelm Immobilien AG,SA,Buchmattstrasse 52,3401,Burgdorf,BE,"Buchmattstrasse 52, 3401 Burgdorf",0.67,,,diethelm,60
Steiner Development AG,Zürich,ZH,LOW,,CHE-102.913.403,domus development ag,SA,Ausstellungsstrasse 41,8005,Zürich,ZH,"Ausstellungsstrasse 41, 8005 Zürich",0.50,yes,yes,development,60
STEINER Immobilientreuhand AG,Zürich,ZH,HIGH,,CHE-108.344.633,STEINER Immobilientreuhand AG,SA,Rötelstrasse 106,8057,Zürich,ZH,"Rötelstrasse 106, 8057 Zürich",1.00,yes,yes,immobilientreuhand,58
Steiner-Rumi Immobilien Manag.,,,LOW,,CHE-102.133.411,Aberegg-Steiner AG,SA,Rosenweg 25 b,3000,Bern 14,BE,"Rosenweg 25 b, 3000 Bern 14",0.40,,,steiner,60
Steinhof Immobilien AG,Zürich,ZH,HIGH,yes,CHE-108.043.002,Steinhof-Immobilien AG Zürich,SA,Langmauerstrasse 109,8006,Zürich,ZH,"Langmauerstrasse 109, 8006 Zürich",1.00,yes,yes,steinhof,12
Stieger Baugeschäft,Oberriet SG,SG,MEDIUM,,CHE-103.567.290,Bau Company AG Baugeschäft,SA,Siewerdtstrasse 17,8050,Zürich,ZH,"Siewerdtstrasse 17, 8050 Zürich",0.67,,,baugeschäft,60
Stiftung Einfach Wohnen — (SEW),Zürich,ZH,HIGH,,CHE-419.000.435,Stiftung Einfach Wohnen (SEW),0117,Birmensdorferstrasse 191,8003,Zürich,ZH,"Birmensdorferstrasse 191, 8003 Zürich",1.00,yes,yes,einfach,60
stockag Immobilien-Treuhand AG,Zürich,ZH,HIGH,,CHE-103.091.117,stockag Immobilien-Treuhand AG,SA,Nussgasse 4,8008,Zürich,ZH,"Nussgasse 4, 8008 Zürich",1.00,yes,yes,stockag,18
Stone Invest,Carouge,GE,LOW,,CHE-108.042.818,Ben-Invest SA,SA,chemin de Bédex 16 D,1226,Thônex,GE,"chemin de Bédex 16 D, 1226 Thônex",0.50,yes,,invest,60
Stoop Immobilien AG,Regensdorf-Watt,ZH,HIGH,yes,CHE-387.581.374,Stoop Immobilien AG,SA,Dorfstrasse 57,8105,Regensdorf,ZH,"Dorfstrasse 57, 8105 Regensdorf",1.00,yes,yes,stoop,18
STÖTZLI IMMOBILIEN AG,Malters,LU,HIGH,,CHE-494.686.990,Stötzli Immobilien AG,SA,Luzernstrasse 88,6102,Malters,LU,"Luzernstrasse 88, 6102 Malters",1.00,yes,yes,stötzli,1
Stricker Real Estate AG (SRE),Zug,ZG,MEDIUM,,CHE-176.519.683,Stricker Real Estate AG,SA,Gubelstrasse 15,6300,Zug,ZG,"Gubelstrasse 15, 6300 Zug",0.67,yes,yes,stricker,43
Strub Areal AG,Wiler b. Seedorf,BE,HIGH,,CHE-106.385.302,Strub Areal AG,SA,Gisleren 2,3266,Wiler b. Seedorf,BE,"Gisleren 2, 3266 Wiler b. Seedorf",1.00,yes,yes,strub,60
Studio Fiduciario e Immobiliare Roberta Pantani Tettamanti SA,Chiasso,TI,HIGH,,CHE-114.797.606,STUDIO FIDUCIARIO E IMMOBILIARE ROBERTA PANTANI TETTAMANTI SA,SA,Via Valdani 2,6830,Chiasso,TI,"Via Valdani 2, 6830 Chiasso",1.00,yes,yes,fiduciario,57
STUDIO GEST SA,Lugano,TI,LOW,,CHE-101.958.969,Studio Fiduciario Immobiliare SA,SA,Via Cantonale 1,6900,Lugano,TI,"Via Cantonale 1, 6900 Lugano",0.50,yes,yes,studio,60
Studio Immobiliare Ticino Sagl,Lugano,TI,LOW,,CHE-101.958.969,Studio Fiduciario Immobiliare SA,SA,Via Cantonale 1,6900,Lugano,TI,"Via Cantonale 1, 6900 Lugano",0.50,yes,yes,studio,60
STUDIOGEST SA,Lugano,TI,HIGH,,CHE-113.450.241,STUDIOGEST SA,SA,Via Peri 2A,6900,Lugano,TI,"Via Peri 2A, 6900 Lugano",1.00,yes,yes,studiogest,1
SüdNord Immobilienmanagement AG,Zürich,ZH,HIGH,,CHE-102.029.541,SüdNord Immobilienmanagement AG,SA,Dufourstrasse 77,8008,Zürich,ZH,"Dufourstrasse 77, 8008 Zürich",1.00,yes,yes,immobilienmanagement,28
Suisse Estates GmbH,Zürich,ZH,HIGH,yes,CHE-106.916.783,Zug Estates AG,SA,Baarerstrasse 18,6300,Zug,ZG,"Baarerstrasse 18, 6300 Zug",1.00,,,estates,60
Suisse-homes.ch GmbH,Bern,BE,MEDIUM,,CHE-107.591.086,THOMAS HOMES GmbH,Sàrl,Löwengraben 24,6004,Luzern,LU,"Löwengraben 24, 6004 Luzern",0.67,,,homes,60
SUMMUM SA,Sion,VS,HIGH,yes,CHE-157.451.607,SUMMUM SA,SA,Rue de Loèche 22,1950,Sion,VS,"Rue de Loèche 22, 1950 Sion",1.00,yes,yes,summum,5
Sunny Properties,Versoix,GE,LOW,,CHE-100.363.638,P. Properties SA,SA,Route de Chêne 61 A,1208,Genève,GE,"Route de Chêne 61 A, 1208 Genève",0.50,yes,,properties,60
sunrise one ag,St. Gallen,SG,HIGH,,CHE-102.245.300,Sunrise One AG,SA,Schillerstrasse 9,9000,St. Gallen,SG,"Schillerstrasse 9, 9000 St. Gallen",1.00,yes,yes,sunrise,17
sustaily development ag,,,MEDIUM,,CHE-102.545.038,Immo-Development AG,SA,"c/o GALVASWISS AG
Weinfelderstrasse ",8552,Felben-Wellhausen,TG,"c/o GALVASWISS AG
Weinfelderstrasse , 8552 Felben-Wellhausen",0.67,,,development,60
Suter Immobilien Treuhand AG,Binningen,BL,HIGH,yes,CHE-108.298.832,Suter Immobilien Treuhand AG,SA,Hauptstrasse 1,4102,Binningen,BL,"Hauptstrasse 1, 4102 Binningen",1.00,yes,yes,suter,60
SWISS BUSINESS TRANSFER SA,Lugano,TI,LOW,,CHE-101.333.456,SEVEN BUSINESS AGENCY SA,SA,Via Giovan Battista Pioda 6,6900,Lugano,TI,"Via Giovan Battista Pioda 6, 6900 Lugano",0.50,yes,yes,business,60
Swiss Dubai Homes,Zürich,ZH,MEDIUM,,CHE-476.883.788,Swiss Dubai Homes by Shkreli,0101,Ohmstrasse 14,8050,Zürich,ZH,"Ohmstrasse 14, 8050 Zürich",0.67,yes,yes,dubai,27
Swiss Life Immopulse,Basel,BS,NONE,,,,,,,,,,,,,immopulse,0
Swiss Prime Site Immobilien AG,Zürich,ZH,LOW,,CHE-103.319.059,Prime Portal AG,SA,"c/o do Well GmbH
Gewerbestrasse 5",6330,Cham,ZG,"c/o do Well GmbH
Gewerbestrasse 5, 6330 Cham",0.50,,,prime,60
Swiss Property Solutions Sagl,Lugano,TI,LOW,,CHE-100.401.486,Qualified Intermediary Solutions (Swiss) Sagl,Sàrl,Corso Elvezia 10,6900,Lugano,TI,"Corso Elvezia 10, 6900 Lugano",0.40,yes,yes,solutions,60
Swiss Quality Immo GmbH,Aeschi b. Spiez,BE,HIGH,,CHE-101.668.371,Quality Group AG,SA,Via Val Müstair 167,7536,Sta. Maria Val Müstair,GR,"Via Val Müstair 167, 7536 Sta. Maria Val Müstair",1.00,,,quality,60
Swiss Residence Group AG,Zug,ZG,HIGH,yes,CHE-101.899.019,Residence Immobilien AG,SA,Baarerstrasse 23,6300,Zug,ZG,"Baarerstrasse 23, 6300 Zug",1.00,yes,yes,residence,60
SWISS TWINS IMMOBILIEN,Zug,ZG,HIGH,yes,CHE-415.202.106,Swiss Twins Immobilien GmbH,Sàrl,Gotthardstrasse 14,6300,Zug,ZG,"Gotthardstrasse 14, 6300 Zug",1.00,yes,yes,twins,29
Swiss Twins Immobilien GmbH,Zug,ZG,HIGH,yes,CHE-415.202.106,Swiss Twins Immobilien GmbH,Sàrl,Gotthardstrasse 14,6300,Zug,ZG,"Gotthardstrasse 14, 6300 Zug",1.00,yes,yes,twins,29
swisspartners Immobilien AG,Rapperswil SG,ZH,HIGH,yes,CHE-109.339.468,swisspartners Immobilien AG,SA,Klaus Gebert Strasse 4,8640,Rapperswil SG,SG,"Klaus Gebert Strasse 4, 8640 Rapperswil SG",1.00,,yes,swisspartners,8
Swisstrend AG,Solothurn,SO,HIGH,yes,CHE-255.769.499,Swisstrend AG,SA,Brunngrabenstrasse 2,4500,Solothurn,SO,"Brunngrabenstrasse 2, 4500 Solothurn",1.00,yes,yes,swisstrend,4
Swixim Nyon,Nyon,GE,MEDIUM,,CHE-112.279.878,Swixim International SA,SA,Rue du Mont-Blanc 5,1201,Genève,GE,"Rue du Mont-Blanc 5, 1201 Genève",0.67,yes,,swixim,3
Symvalues Gmbh,Rothrist,BL,HIGH,,CHE-414.673.377,SYMVALUES GMBH,Sàrl,Stockweg 24,4852,Rothrist,AG,"Stockweg 24, 4852 Rothrist",1.00,,yes,symvalues,1
SZ IMMOBILIER SA,Veyras,VS,NONE,,,,,,,,,,,,,,0
T. Huber,,,MEDIUM,,CHE-102.457.799,HUBER REAL ESTATE PARTNER AG,SA,Luzernerstrasse 44,6030,Ebikon,LU,"Luzernerstrasse 44, 6030 Ebikon",0.67,,,huber,60
Tagemo Immobilien,Zofingen,BL,HIGH,,CHE-103.924.473,TAGEMO TREUHAND AG,SA,Grafenaustrasse 7,6300,Zug,ZG,"Grafenaustrasse 7, 6300 Zug",1.00,,,tagemo,2
TAK Immobilien AG,Gümligen,BE,HIGH,yes,CHE-103.217.565,TAK Immobilien AG,SA,Worbstrasse 210,3073,Gümligen,BE,"Worbstrasse 210, 3073 Gümligen",1.00,yes,yes,tak,60
Tanner & Stump Immobilien-Treuhand AG,Zürich,ZH,HIGH,,CHE-107.888.379,Tanner & Stump Immobilien-Treuhand AG,SA,Dolderstrasse 38,8032,Zürich,ZH,"Dolderstrasse 38, 8032 Zürich",1.00,yes,yes,tanner,60
Tarchini Consulting SA,Manno,TI,HIGH,yes,CHE-100.072.922,Tarchini Real Estate SA,SA,Via Cantonale ,6928,Manno,TI,"Via Cantonale , 6928 Manno",1.00,yes,yes,tarchini,18
Tarchini Group,Manno,TI,HIGH,yes,CHE-100.072.922,Tarchini Real Estate SA,SA,Via Cantonale ,6928,Manno,TI,"Via Cantonale , 6928 Manno",1.00,yes,yes,tarchini,18
Tarchini Real Estate SA,Manno,TI,HIGH,yes,CHE-100.072.922,Tarchini Real Estate SA,SA,Via Cantonale ,6928,Manno,TI,"Via Cantonale , 6928 Manno",1.00,yes,yes,tarchini,18
Tarchini Residential Real Estate SA,Manno,TI,HIGH,,CHE-101.546.348,Tarchini Residential Real Estate SA,SA,Via Cantonale ,6928,Manno,TI,"Via Cantonale , 6928 Manno",1.00,yes,yes,residential,33
TAT Bau- Immobilien AG,Luzern,LU,NONE,,CHE-101.694.523,Real Estate Fund AG,SA,Obergrundstrasse 108,6005,Luzern,LU,"Obergrundstrasse 108, 6005 Luzern",0.00,yes,yes,tat,60
TAT Bau- und Immobilien AG,Luzern,LU,NONE,,CHE-101.694.523,Real Estate Fund AG,SA,Obergrundstrasse 108,6005,Luzern,LU,"Obergrundstrasse 108, 6005 Luzern",0.00,yes,yes,tat,60
TAT Bau- und Immobilienmanagement AG,Luzern,LU,LOW,,CHE-115.335.272,BZ Immobilienmanagement GmbH,Sàrl,Wolhuserstrasse 20,6122,Menznau,LU,"Wolhuserstrasse 20, 6122 Menznau",0.50,yes,,immobilienmanagement,28
Tauschwohnung GmbH,Bonn,,NONE,,,,,,,,,,,,,tauschwohnung,0
Taxalis Treuhand AG,Wetzikon ZH,ZH,HIGH,yes,CHE-301.311.527,Taxalis Treuhand AG,succursale,Ettenhauserstrasse 13,8620,Wetzikon ZH,ZH,"Ettenhauserstrasse 13, 8620 Wetzikon ZH",1.00,yes,yes,taxalis,3
Taxalis Treuhand AG — Team Immobilienbewirtschaftung,Wetzikon ZH,ZH,LOW,,CHE-100.166.380,Zuellig Immobilienbewirtschaftung AG,SA,Arvenweg 7,8404,Winterthur,ZH,"Arvenweg 7, 8404 Winterthur",0.40,yes,,immobilienbewirtschaftung,9
Tellco Immobilien AG,Zürich,ZH,HIGH,yes,CHE-109.489.961,Tellco AG,SA,Bahnhofstrasse 4,6430,Schwyz,SZ,"Bahnhofstrasse 4, 6430 Schwyz",1.00,,,tellco,16
Tellco Immobilien AG (Vermarktung TAS),Baar,ZG,LOW,,CHE-464.253.149,Pfister Immobilien Vermarktung GmbH,Sàrl,Sihlbruggstrasse 107,6340,Baar,ZG,"Sihlbruggstrasse 107, 6340 Baar",0.40,yes,yes,vermarktung,32
Tend AG,Münchenstein,BL,NONE,,CHE-103.899.929,ATTENDUS Company AG,SA,Bahnhofstrasse 12,6300,Zug,ZG,"Bahnhofstrasse 12, 6300 Zug",0.00,,,tend,60
Tend AG — Immobilienbewirtschaftung Luzern,Schlieren,ZH,LOW,,CHE-100.166.380,Zuellig Immobilienbewirtschaftung AG,SA,Arvenweg 7,8404,Winterthur,ZH,"Arvenweg 7, 8404 Winterthur",0.50,yes,,immobilienbewirtschaftung,9
Tenum Management AG,Liestal,BL,LOW,,CHE-102.685.751,Endress+Hauser Management AG,SA,Kägenstrasse 2,4153,Reinach BL,BL,"Kägenstrasse 2, 4153 Reinach BL",0.40,yes,,management,60
Termobil AG,Bern,BE,HIGH,,CHE-103.017.894,Termobil AG,SA,Mattenhofstrasse 10,3007,Bern,BE,"Mattenhofstrasse 10, 3007 Bern",1.00,yes,yes,termobil,4
Terra-Domus,,,MEDIUM,,CHE-102.413.342,Terra-Domus Immobilien und Beteiligungen AG,SA,Stöckliweg 15,3604,Thun,BE,"Stöckliweg 15, 3604 Thun",0.80,,,terra,60
Terresta AG,Winterthur,ZH,HIGH,,CHE-102.911.947,Terresta AG,SA,Neuwiesenstrasse 15,8400,Winterthur,ZH,"Neuwiesenstrasse 15, 8400 Winterthur",1.00,yes,yes,terresta,1
Terresta Immobilien- und Verwaltungs AG,Winterthur,ZH,LOW,,CHE-100.826.006,Aegis Verwaltungs AG Winterthur,SA,Loorstrasse 5,8400,Winterthur,ZH,"Loorstrasse 5, 8400 Winterthur",0.50,yes,yes,verwaltungs,60
Test Voodoo Horses Singel account,Flamatt,BE,NONE,,CHE-110.547.743,Account-X GmbH,Sàrl,Theaterstrasse 1,8400,Winterthur,ZH,"Theaterstrasse 1, 8400 Winterthur",0.29,,,account,60
Testaccount Flatfox Crosslisting,Flamatt,BE,NONE,,,,,,,,,,,,,crosslisting,0
TGRealestate,Lugano,TI,NONE,,,,,,,,,,,,,tgrealestate,0
Thalmann & Partner AG,,,HIGH,yes,CHE-108.028.770,Thalmann Treuhand AG,SA,Marktplatz 3,8570,Weinfelden,TG,"Marktplatz 3, 8570 Weinfelden",1.00,,,thalmann,60
The 5th Floor GmbH,Basel,BS,MEDIUM,,CHE-110.506.589,Swiss Floor GmbH,Sàrl,Gewerbestrasse 2,2557,Studen BE,BE,"Gewerbestrasse 2, 2557 Studen BE",0.67,,,floor,60
THE FLAG Lugano,Massagno,TI,HIGH,yes,CHE-114.408.690,THE FLAG Zürich AG,SA,Baslerstrasse 100,8048,Zürich,ZH,"Baslerstrasse 100, 8048 Zürich",1.00,,,flag,48
The RE/MAX Collection Immobiliare ad Ascona,Ascona,TI,NONE,,CHE-107.413.071,Panza Collection SA,SA,Via Ferruccio Pelli 9,6900,Lugano,TI,"Via Ferruccio Pelli 9, 6900 Lugano",0.29,yes,,collection,60
The RE/MAX Collection Immobilien in Ascona,Ascona,TI,NONE,,CHE-107.413.071,Panza Collection SA,SA,Via Ferruccio Pelli 9,6900,Lugano,TI,"Via Ferruccio Pelli 9, 6900 Lugano",0.29,yes,,collection,60
The RE/MAX Collection Immobilien in Morcote,Morcote,TI,NONE,,CHE-107.413.071,Panza Collection SA,SA,Via Ferruccio Pelli 9,6900,Lugano,TI,"Via Ferruccio Pelli 9, 6900 Lugano",0.29,yes,,collection,60
The Swatch Group Immeubles SA,Neuchâtel,NE,HIGH,,CHE-106.649.754,The Swatch Group Immeubles SA,SA,Faubourg de l'Hôpital 3,2000,Neuchâtel,NE,"Faubourg de l'Hôpital 3, 2000 Neuchâtel",1.00,yes,yes,immeubles,52
The Swiss Agency GmbH,Wädenswil,ZH,NONE,,,,,,,,,,,,,,0
Thessoni classic & home Zürich,Regensdorf,ZH,NONE,,,,,,,,,,,,,thessoni,0
THOMA Verwaltungen AG,Amriswil,TG,HIGH,yes,CHE-102.333.140,Thoma Treuhand AG,SA,Schwabstrasse 51,3018,Bern,BE,"Schwabstrasse 51, 3018 Bern",1.00,,,thoma,60
Three Point Betriebsgesellschaft AG,Dübendorf,ZH,HIGH,,CHE-114.557.232,THREE POINT Betriebsgesellschaft AG,SA,Sonnentalstrasse 17,8600,Dübendorf,ZH,"Sonnentalstrasse 17, 8600 Dübendorf",1.00,yes,yes,betriebsgesellschaft,25
THREE POINT Betriebsgesellschaft Zürich,Dübendorf,ZH,HIGH,,CHE-114.557.232,THREE POINT Betriebsgesellschaft AG,SA,Sonnentalstrasse 17,8600,Dübendorf,ZH,"Sonnentalstrasse 17, 8600 Dübendorf",1.00,yes,yes,betriebsgesellschaft,25
Tibag AG,Nebikon,LU,HIGH,,CHE-107.906.959,Tibag AG,SA,Vorstatt 35,6244,Nebikon,LU,"Vorstatt 35, 6244 Nebikon",1.00,yes,yes,tibag,4
"Tibag AG, Nebikon",Nebikon,LU,MEDIUM,,CHE-107.906.959,Tibag AG,SA,Vorstatt 35,6244,Nebikon,LU,"Vorstatt 35, 6244 Nebikon",0.67,yes,yes,tibag,4
"Tibag AG, Nebikon — Marc Staffelbach",Nebikon,LU,LOW,,CHE-339.971.991,Staffelbach,0101,Schlösslistrasse 20,6045,Meggen,LU,"Schlösslistrasse 20, 6045 Meggen",0.40,yes,,staffelbach,14
Ticino Real Estate Sagl,Mendrisio,TI,MEDIUM,,CHE-100.885.842,Alloggi Ticino SA,SA,Via della Posta 21,6934,Bioggio,TI,"Via della Posta 21, 6934 Bioggio",0.67,yes,,ticino,60
Ticino Vita SA,Vezia,TI,LOW,,CHE-100.885.842,Alloggi Ticino SA,SA,Via della Posta 21,6934,Bioggio,TI,"Via della Posta 21, 6934 Bioggio",0.50,yes,,ticino,60
Tivag Verwaltungs AG,Rain,LU,LOW,,CHE-102.360.349,Adli Verwaltungs-AG,SA,"c/o Die Falck Gruppe AG
Ledergasse 11",6004,Luzern,LU,"c/o Die Falck Gruppe AG
Ledergasse 11, 6004 Luzern",0.50,yes,,verwaltungs,60
TomoDomo Coliving,Zürich,ZH,MEDIUM,,CHE-261.707.874,TomoDomo GmbH,Sàrl,"c/o Johannes Peter
Bellariastrasse 49",8038,Zürich,ZH,"c/o Johannes Peter
Bellariastrasse 49, 8038 Zürich",0.67,yes,yes,tomodomo,1
Topka GmbH,Egg,ZH,HIGH,,CHE-462.493.866,Topka GmbH,Sàrl,"c/o Adrian Kälin
Etzel 10",8847,Egg SZ,SZ,"c/o Adrian Kälin
Etzel 10, 8847 Egg SZ",1.00,,yes,topka,2
TOPSWISS Ostschweiz,Wängi,SG,MEDIUM,,CHE-100.286.311,Immobilien Ostschweiz AG,SA,Weideliguet 3,8598,Bottighofen,TG,"Weideliguet 3, 8598 Bottighofen",0.67,,,ostschweiz,60
Touchdown Immo Services AG,Zürich,ZH,HIGH,yes,CHE-113.719.489,Touchdown Immo Services AG,SA,Fritz Gottlieb Pfister-Weg 15,8703,Erlenbach ZH,ZH,"Fritz Gottlieb Pfister-Weg 15, 8703 Erlenbach ZH",1.00,yes,,touchdown,6
TRENDWERK Immobilien AG,Bern,BE,HIGH,yes,CHE-414.326.036,TRENDWERK Immobilien AG,SA,Lagerhausweg 30,3018,Bern,BE,"Lagerhausweg 30, 3018 Bern",1.00,yes,yes,trendwerk,4
Treuhand & Immobilien Abt AG,Glattbrugg,ZH,HIGH,yes,CHE-106.949.860,Treuhand & Immobilien Abt AG,SA,Flughofstrasse 39a,8152,Glattbrugg,ZH,"Flughofstrasse 39a, 8152 Glattbrugg",1.00,yes,yes,abt,60
Trifortis GmbH,Oberwil,BL,HIGH,,CHE-112.735.853,Trifortis GmbH,Sàrl,Mühlegasse 6,4104,Oberwil BL,BL,"Mühlegasse 6, 4104 Oberwil BL",1.00,yes,yes,trifortis,1
trimag Treuhand-Immobilien AG,Basel,BS,HIGH,yes,CHE-107.942.582,trimag Treuhand-Immobilien AG,SA,Allschwilerstrasse 17,4055,Basel,BS,"Allschwilerstrasse 17, 4055 Basel",1.00,yes,yes,trimag,6
Trivora Immobilien AG,Solothurn,SO,HIGH,,CHE-172.892.611,Trivora Immobilien AG,SA,Rötistrasse 22a,4500,Solothurn,SO,"Rötistrasse 22a, 4500 Solothurn",1.00,yes,yes,trivora,1
Trivora Immobilien GmbH,Solothurn,SO,HIGH,,CHE-172.892.611,Trivora Immobilien AG,SA,Rötistrasse 22a,4500,Solothurn,SO,"Rötistrasse 22a, 4500 Solothurn",1.00,yes,yes,trivora,1
TRO Verwaltungen AG,Olten,SO,NONE,,CHE-108.501.312,Pneutronic AG,SA,Gewerbestrasse 4,4557,Horriwil,SO,"Gewerbestrasse 4, 4557 Horriwil",0.00,yes,,tro,60
Trust immobilier,"Crans-Montana, Suisse",VS,HIGH,,CHE-103.989.202,e-trust AG,SA,Chamerstrasse 172,6300,Zug,ZG,"Chamerstrasse 172, 6300 Zug",1.00,,,trust,60
Tschumper RenoLife GmbH,,,HIGH,yes,CHE-157.474.755,Tschumper RenoLife GmbH,Sàrl,Hinterdorfstrasse 7,9607,Mosnang,SG,"Hinterdorfstrasse 7, 9607 Mosnang",1.00,,,tschumper,6
Tuttoimmobili Sagl,Melide,TI,HIGH,,CHE-115.189.421,Tuttoimmobili Sagl,Sàrl,Via Cantonale 27,6815,Melide,TI,"Via Cantonale 27, 6815 Melide",1.00,yes,yes,tuttoimmobili,1
Tuwag Immobilien AG,Wädenswil,ZH,HIGH,,CHE-107.202.551,Tuwag Immobilien AG,SA,Einsiedlerstrasse 25,8820,Wädenswil,ZH,"Einsiedlerstrasse 25, 8820 Wädenswil",1.00,yes,yes,tuwag,1
Uila Immobilien AG,Sulz AG,AG,NONE,,CHE-106.304.574,Aquilano AG,SA,Haldenstrasse 32,4313,Möhlin,AG,"Haldenstrasse 32, 4313 Möhlin",0.00,yes,,uila,60
UMS AG - Untermietservice - Temporary Housing,Bern,BE,NONE,,,,,,,,,,,,,untermietservice,0
UMS SA - Service Sous-location - Temporary Housing,Bern,BE,NONE,,CHE-304.218.002,Reflector Contemporary Art Gallery GmbH,Sàrl,"c/o Dimitri Gebhard
Lorrainestrasse 27",3013,Bern,BE,"c/o Dimitri Gebhard
Lorrainestrasse 27, 3013 Bern",0.00,yes,yes,temporary,38
umt Immobilien GmbH,Wangen b. Dübendorf,ZH,HIGH,yes,CHE-104.351.114,UMT Treuhand GmbH,Sàrl,Rainstrasse 71,8706,Meilen,ZH,"Rainstrasse 71, 8706 Meilen",1.00,yes,,umt,60
Unter Dach und Fach GmbH,,,NONE,,CHE-103.114.793,Abag Immobilien- und Generalunternehmung AG,SA,Kanzleistrasse 231,8004,Zürich,ZH,"Kanzleistrasse 231, 8004 Zürich",0.00,,,unter,60
UPH f m Facility Management AG,,,NONE,,CHE-103.635.230,Aldiana Management und Consulting AG,SA,Korporationsweg 9b,8832,Wilen b. Wollerau,SZ,"Korporationsweg 9b, 8832 Wilen b. Wollerau",0.29,,,management,60
Urania Real Estate Sagl,Lugano,TI,HIGH,yes,CHE-477.387.322,Urania Real Estate Sagl,Sàrl,Via Pietro Peri 2A,6900,Lugano,TI,"Via Pietro Peri 2A, 6900 Lugano",1.00,yes,yes,urania,19
Urban Homes GmbH,Wohlen AG,AG,LOW,,CHE-109.869.341,Urban Gastro GmbH,Sàrl,Hintere Dammstrasse 11,4313,Möhlin,AG,"Hintere Dammstrasse 11, 4313 Möhlin",0.50,yes,,urban,60
Uster,Uster,ZH,NONE,,,,,,,,,,,,,,0
UtoNova AG,Glattpark (Opfikon),ZH,HIGH,yes,CHE-107.886.618,UtoNova AG,SA,Vega-Strasse 3,8152,Glattpark (Opfikon),ZH,"Vega-Strasse 3, 8152 Glattpark (Opfikon)",1.00,yes,yes,utonova,4
VAL Group AG,Brig,VS,MEDIUM,,CHE-107.900.543,Court-Val SA,SA,"c/o Elisabeth Häner
chemin des Rouettes 3",1233,Bernex,GE,"c/o Elisabeth Häner
chemin des Rouettes 3, 1233 Bernex",0.67,,,val,60
VAL Group SA,Sion,VS,MEDIUM,,CHE-107.900.543,Court-Val SA,SA,"c/o Elisabeth Häner
chemin des Rouettes 3",1233,Bernex,GE,"c/o Elisabeth Häner
chemin des Rouettes 3, 1233 Bernex",0.67,,,val,60
"ValCity Sion : Av. de la Gare 6, 1950 Sion",Sion,VS,NONE,,CHE-242.413.969,ValCity-Suisse Sàrl,Sàrl,Avenue de la Gare 6,1950,Sion,VS,"Avenue de la Gare 6, 1950 Sion",0.33,yes,yes,valcity,1
Valimmobilier SA,Conthey,VS,HIGH,yes,CHE-114.282.992,Valimmobilier SA,SA,Avenue de la Gare 39,1964,Conthey,VS,"Avenue de la Gare 39, 1964 Conthey",1.00,yes,yes,valimmobilier,2
VARIAS Immobilien AG,,,HIGH,yes,CHE-115.844.355,VARIAS Immobilien AG,SA,Zürcherstrasse 137,8406,Winterthur,ZH,"Zürcherstrasse 137, 8406 Winterthur",1.00,,,varias,3
VATAR Immobilien AG,Luzern,LU,HIGH,yes,CHE-100.339.597,VATAR AG,SA,Winkelriedstrasse 37,6003,Luzern,LU,"Winkelriedstrasse 37, 6003 Luzern",1.00,yes,yes,vatar,15
Vaudburo Sàrl,Lausanne,VD,HIGH,,CHE-231.664.467,Vaudburo Sàrl,Sàrl,Avenue de la Gare 17,1003,Lausanne,VD,"Avenue de la Gare 17, 1003 Lausanne",1.00,yes,yes,vaudburo,1
Verbel SA,,VD,MEDIUM,,CHE-483.560.646,Verbel Zürichsee AG,SA,Churerstrasse 87,8808,Pfäffikon SZ,SZ,"Churerstrasse 87, 8808 Pfäffikon SZ",0.67,,,verbel,4
Verein home65,Rüttenen,SO,LOW,,CHE-105.939.327,Verein Barmelweid,assoc,Klinik Barmelweid ,5017,Barmelweid,AG,"Klinik Barmelweid , 5017 Barmelweid",0.50,,,verein,60
VERIMAG,Horgen,ZH,MEDIUM,,CHE-108.157.054,"Verimag, Verwaltungs- und Immobilien AG",SA,Schleifetobelweg 3,8810,Horgen,ZH,"Schleifetobelweg 3, 8810 Horgen",0.67,yes,yes,verimag,1
VERIT Immobilien AG,Zürich,ZH,HIGH,,CHE-306.861.775,VERIT Holding AG,SA,Klausstrasse 48,8008,Zürich,ZH,"Klausstrasse 48, 8008 Zürich",1.00,yes,yes,verit,60
Vermarktung Schaeppi,,,LOW,,CHE-248.624.720,Web Vermarktung GmbH,Sàrl,Im Gobenrain 7,4116,Metzerlen,SO,"Im Gobenrain 7, 4116 Metzerlen",0.50,,,vermarktung,32
VERWAG Immobilien Verwaltungs AG,Zofingen,BL,LOW,,CHE-102.528.494,ABT-Verwaltungs AG,SA,Seehaldenstrasse 2,9400,Rorschach,SG,"Seehaldenstrasse 2, 9400 Rorschach",0.50,,,verwaltungs,60
Vetter Immobilien AG,Lommis,SG,HIGH,yes,CHE-100.989.507,Vetter Consulting AG,SA,Feldstrasse 22,8200,Schaffhausen,SH,"Feldstrasse 22, 8200 Schaffhausen",1.00,,,vetter,60
VH Invest Sàrl,Sion,VS,LOW,,CHE-102.034.625,Roux Invest SA,SA,Route des Grandpraz 18,1971,Grimisuat,VS,"Route des Grandpraz 18, 1971 Grimisuat",0.50,yes,,invest,60
Villa Casa AG,Spiez,BE,LOW,,CHE-101.482.599,Villa Bellevue SA,SA,"c/o Heinz-Peter Schmid
Heimelistrasse 3",6314,Unterägeri,ZG,"c/o Heinz-Peter Schmid
Heimelistrasse 3, 6314 Unterägeri",0.50,,,villa,60
Villars-sur-Glâne,Villars-sur-Glâne,FR,NONE,,,,,,,,,,,,,,0
Vimova,Basel,BS,HIGH,,CHE-112.961.875,Vimova Gérance SA,SA,Place Benjamin-Constant 2,1003,Lausanne,VD,"Place Benjamin-Constant 2, 1003 Lausanne",1.00,,,vimova,32
Vimova - Transac - B2B,Lausanne,VD,NONE,,CHE-200.907.390,"Vimova Transactions AG, succursale de Lausanne",succursale,Place Benjamin-Constant 2,1003,Lausanne,VD,"Place Benjamin-Constant 2, 1003 Lausanne",0.33,yes,yes,transac,58
Vimova Bewirtschaftung AG,Olten,SO,HIGH,yes,CHE-114.651.693,Vimova Bewirtschaftung AG,SA,Viaduktstrasse 42,4051,Basel,BS,"Viaduktstrasse 42, 4051 Basel",1.00,,,bewirtschaftung,51
Vimova Brüttisellen - Vermarktung,Brüttisellen,ZH,LOW,,CHE-372.795.908,Baureal Vermarktung AG,SA,"c/o Baureal AG
Leimattenstrasse 6",8907,Wettswil,ZH,"c/o Baureal AG
Leimattenstrasse 6, 8907 Wettswil",0.40,yes,,vermarktung,32
Vimova Laufen - Vermarktung,Laufen,BL,LOW,,CHE-174.943.923,PEHA Vermarktung GmbH,Sàrl,"c/o Peter Hasler
Im Rosenrain 3",4123,Allschwil,BL,"c/o Peter Hasler
Im Rosenrain 3, 4123 Allschwil",0.40,yes,,vermarktung,32
Vimova Luzern - Vermarktung,Luzern,LU,LOW,,CHE-248.624.720,Web Vermarktung GmbH,Sàrl,Im Gobenrain 7,4116,Metzerlen,SO,"Im Gobenrain 7, 4116 Metzerlen",0.50,,,vermarktung,32
Vimova Transactions SA,Lausanne,VD,MEDIUM,yes,CHE-200.907.390,"Vimova Transactions AG, succursale de Lausanne",succursale,Place Benjamin-Constant 2,1003,Lausanne,VD,"Place Benjamin-Constant 2, 1003 Lausanne",0.80,yes,yes,transactions,36
Vinea Immobilien AG,Weinfelden,TG,HIGH,yes,CHE-317.913.287,Vinea Immobilien AG,SA,Pestalozzistrasse 4,8570,Weinfelden,TG,"Pestalozzistrasse 4, 8570 Weinfelden",1.00,yes,yes,vinea,18
VISION AG,Lucerne,LU,MEDIUM,,CHE-107.209.151,Vision Tuning AG,SA,Alpenstrasse 111,3627,Heimberg,BE,"Alpenstrasse 111, 3627 Heimberg",0.67,,,vision,60
Vision Geneve S.A,Genève,GE,NONE,,CHE-101.761.881,Association World Vision International,assoc,Rue de Varembé 1,1202,Genève,GE,"Rue de Varembé 1, 1202 Genève",0.29,yes,yes,vision,60
Vision Immobilier,Basel,BS,MEDIUM,,CHE-107.209.151,Vision Tuning AG,SA,Alpenstrasse 111,3627,Heimberg,BE,"Alpenstrasse 111, 3627 Heimberg",0.67,,,vision,60
Vision Immobilier Sàrl,Basel,BS,MEDIUM,,CHE-107.209.151,Vision Tuning AG,SA,Alpenstrasse 111,3627,Heimberg,BE,"Alpenstrasse 111, 3627 Heimberg",0.67,,,vision,60
Vision Lausanne SA,Lausanne,VD,MEDIUM,,CHE-107.209.151,Vision Tuning AG,SA,Alpenstrasse 111,3627,Heimberg,BE,"Alpenstrasse 111, 3627 Heimberg",0.67,,,vision,60
Vision Management Services GmbH,Zürich,ZH,LOW,,CHE-101.489.207,Disco-Management AG,SA,Beatengasse 11,8001,Zürich,ZH,"Beatengasse 11, 8001 Zürich",0.50,yes,yes,management,60
VISION ZUG AG,Zug,ZG,MEDIUM,,CHE-107.209.151,Vision Tuning AG,SA,Alpenstrasse 111,3627,Heimberg,BE,"Alpenstrasse 111, 3627 Heimberg",0.67,,,vision,60
VISIONAPARTMENTS BASEL AG,Basel,BS,HIGH,yes,CHE-137.864.774,VISIONAPARTMENTS BASEL AG,SA,Peter Merian-Strasse 58,4052,Basel,BS,"Peter Merian-Strasse 58, 4052 Basel",1.00,yes,yes,visionapartments,4
Visionimmo SA,Bernex,GE,HIGH,,CHE-456.068.532,VISIONIMMO SA,SA,Rue de Bernex 293,1233,Bernex,GE,"Rue de Bernex 293, 1233 Bernex",1.00,yes,yes,visionimmo,1
VISTA,Feusisberg,ZH,HIGH,,CHE-101.095.512,Vista GmbH,Sàrl,Chemin des Cerisiers 25,1789,Lugnorre,FR,"Chemin des Cerisiers 25, 1789 Lugnorre",1.00,,,vista,60
VISTA Mgt.,Feusisberg,ZH,MEDIUM,,CHE-101.095.512,Vista GmbH,Sàrl,Chemin des Cerisiers 25,1789,Lugnorre,FR,"Chemin des Cerisiers 25, 1789 Lugnorre",0.67,,,vista,60
VISTA REAL ESTATE,Feusisberg,ZH,HIGH,,CHE-101.095.512,Vista GmbH,Sàrl,Chemin des Cerisiers 25,1789,Lugnorre,FR,"Chemin des Cerisiers 25, 1789 Lugnorre",1.00,,,vista,60
VIVA REAL AG,Niederrohrdorf,AG,HIGH,yes,CHE-107.892.458,Viva Real AG,SA,Weiherweg 5,5443,Niederrohrdorf,AG,"Weiherweg 5, 5443 Niederrohrdorf",1.00,yes,yes,viva,60
Viva Regalis AG,Staad,SG,HIGH,,CHE-252.391.281,Viva Regalis AG,SA,Eschenstrasse 1,9000,St. Gallen,SG,"Eschenstrasse 1, 9000 St. Gallen",1.00,yes,,regalis,1
VIVACON AG,Oberbüren,SG,HIGH,,CHE-147.811.905,VIVACON AG,SA,Oberhusstrasse 10,9203,Niederwil SG,SG,"Oberhusstrasse 10, 9203 Niederwil SG",1.00,yes,,vivacon,2
VIVIQ,Zürich,ZH,NONE,,CHE-337.694.007,Vivique GmbH in Liquidation,Sàrl,Klosterberg 17,4051,Basel,BS,"Klosterberg 17, 4051 Basel",0.00,,,viviq,3
vivo immobilien ag,Winterthur,ZH,HIGH,yes,CHE-271.676.413,vivo immobilien ag,SA,Neuwiesenstrasse 69,8400,Winterthur,ZH,"Neuwiesenstrasse 69, 8400 Winterthur",1.00,yes,yes,vivo,60
VIVURA AG,Zürich,ZH,HIGH,,CHE-471.606.537,Vivura AG,SA,Rüdigerstrasse 17,8045,Zürich,ZH,"Rüdigerstrasse 17, 8045 Zürich",1.00,yes,yes,vivura,1
Vollenweider Immobilien & Treuhand AG,Neerach,ZH,HIGH,yes,CHE-290.070.820,Vollenweider Immobilien & Treuhand AG,SA,Ob der Mur 14,8173,Neerach,ZH,"Ob der Mur 14, 8173 Neerach",1.00,yes,yes,vollenweider,55
Von Graffenried AG Liegenschaften,Bern,BE,LOW,,CHE-102.017.064,Bigler Liegenschaften AG,SA,Strandweg 72,3004,Bern,BE,"Strandweg 72, 3004 Bern",0.50,yes,yes,liegenschaften,60
Von Graffenried AG Liegenschaften — Cyril Thöni,Bern,BE,NONE,,CHE-102.017.064,Bigler Liegenschaften AG,SA,Strandweg 72,3004,Bern,BE,"Strandweg 72, 3004 Bern",0.33,yes,yes,liegenschaften,60
Von Poll Real Estate Zürichsee/Lifestyle Real Estate GmbH,Thalwil,ZH,LOW,,CHE-114.584.217,Zürichsee Consulting GmbH,Sàrl,Bönirainstrasse 11,8800,Thalwil,ZH,"Bönirainstrasse 11, 8800 Thalwil",0.50,yes,yes,zürichsee,60
von Rosenberg Immobilien GmbH,Gümligen,BE,HIGH,yes,CHE-242.871.444,von Rosenberg Immobilien GmbH,Sàrl,Worbstrasse 180,3073,Gümligen,BE,"Worbstrasse 180, 3073 Gümligen",1.00,yes,yes,rosenberg,60
vR verwaltungen ag,Solothurn,SO,NONE,,,,,,,,,,,,,,0
Wallisellen,Wallisellen,ZH,NONE,,,,,,,,,,,,,,0
Walser Siegrist & Partner AG,Wiesendangen,TG,HIGH,,CHE-110.096.350,Walser Siegrist & Partner AG,SA,Dorfstrasse 93,8542,Wiesendangen,ZH,"Dorfstrasse 93, 8542 Wiesendangen",1.00,,yes,siegrist,60
Wayne,Neuchâtel,NE,HIGH,yes,CHE-385.520.261,The Wayne SA,SA,chemin de Chenailleta 3,2013,Colombier NE,NE,"chemin de Chenailleta 3, 2013 Colombier NE",1.00,yes,,wayne,9
Wealth Investment Network - WENET AG,Pfäffikon SZ,ZH,NONE,,CHE-102.796.793,Augusta Investment AG,SA,Seestrasse 127,8002,Zürich,ZH,"Seestrasse 127, 8002 Zürich",0.33,yes,,investment,60
Weber + Schweizer Immob.-Treuh. AG,Winterthur,ZH,NONE,,CHE-106.944.710,Sportgarage Schweizer AG,SA,Im Grindel 39,8932,Mettmenstetten,ZH,"Im Grindel 39, 8932 Mettmenstetten",0.33,yes,,schweizer,60
Weber Immobilien-Management AG,Oberhasli,ZH,LOW,,CHE-103.050.414,AWS Management AG,SA,Dorfstrasse 33,8155,Niederhasli,ZH,"Dorfstrasse 33, 8155 Niederhasli",0.50,yes,,management,60
"Weck, Aeby & Cie SA",Lausanne,VD,MEDIUM,,CHE-240.034.041,"Weck, Aeby & Cie S.A., succursale de Lausanne",succursale,Avenue Samuel-Auguste-André-David-Tissot 18,1006,Lausanne,VD,"Avenue Samuel-Auguste-André-David-Tissot 18, 1006 Lausanne",0.67,yes,yes,weck,47
Weibel & Loeb Real Estate,Nyon,GE,MEDIUM,,CHE-428.263.927,Weibel AG,succursale,Stahlengasse ,3173,Oberwangen b. Bern,BE,"Stahlengasse , 3173 Oberwangen b. Bern",0.67,,,weibel,60
Weisser Immobilien AG,Zürich,ZH,HIGH,yes,CHE-107.829.164,Weisser Immobilien AG,SA,Seefeldstrasse 96,8008,Zürich,ZH,"Seefeldstrasse 96, 8008 Zürich",1.00,yes,yes,weisser,25
Weisser Immobilien AG — Weisser Immobilien AG,Zürich,ZH,HIGH,yes,CHE-107.829.164,Weisser Immobilien AG,SA,Seefeldstrasse 96,8008,Zürich,ZH,"Seefeldstrasse 96, 8008 Zürich",1.00,yes,yes,weisser,25
welcome home immobilien AG,Binningen,BL,HIGH,yes,CHE-112.329.447,welcome home immobilien AG,SA,Oberwilerstrasse 32,4102,Binningen,BL,"Oberwilerstrasse 32, 4102 Binningen",1.00,yes,yes,welcome,44
Welcome Immobilien AG,Emmenbrücke,LU,HIGH,yes,CHE-106.018.507,WELCOME Immobilien AG,SA,Hübelistrasse 18,6020,Emmenbrücke,LU,"Hübelistrasse 18, 6020 Emmenbrücke",1.00,yes,yes,welcome,44
WELCOME Immobilien AG WE,,,MEDIUM,,CHE-107.874.911,Welcome Swiss Immobilier SA,SA,"c/o Jacquy Boinnard
Chemin des Brûlées 54",1093,La Conversion,VD,"c/o Jacquy Boinnard
Chemin des Brûlées 54, 1093 La Conversion",0.67,,,welcome,44
WELCOME Immobilien AG WS,,,MEDIUM,,CHE-107.874.911,Welcome Swiss Immobilier SA,SA,"c/o Jacquy Boinnard
Chemin des Brûlées 54",1093,La Conversion,VD,"c/o Jacquy Boinnard
Chemin des Brûlées 54, 1093 La Conversion",0.67,,,welcome,44
WELCOME Immobilien AG WZ,,,MEDIUM,,CHE-107.874.911,Welcome Swiss Immobilier SA,SA,"c/o Jacquy Boinnard
Chemin des Brûlées 54",1093,La Conversion,VD,"c/o Jacquy Boinnard
Chemin des Brûlées 54, 1093 La Conversion",0.67,,,welcome,44
WEPRING AG,St. Gallen,SG,HIGH,,CHE-477.054.731,Wepring AG,SA,Bionstrasse 4,9015,St. Gallen,SG,"Bionstrasse 4, 9015 St. Gallen",1.00,yes,yes,wepring,1
werner sutter & co. ag,Muttenz,BL,LOW,,CHE-107.114.562,Werner Abt AG,SA,Grenzstrasse 2a,5623,Boswil,AG,"Grenzstrasse 2a, 5623 Boswil",0.50,,,werner,60
Wespe & Cie AG,,,MEDIUM,,CHE-107.293.298,"Wespe & Cie AG, Schmerikon",SA,Allmeindstrasse 10,8716,Schmerikon,SG,"Allmeindstrasse 10, 8716 Schmerikon",0.80,,,wespe,16
Westdoor AG,Winterthur,ZH,HIGH,,CHE-215.804.250,Westdoor AG,SA,Wattstrasse 3,8050,Zürich,ZH,"Wattstrasse 3, 8050 Zürich",1.00,yes,,westdoor,1
Westhive AG,Zürich,ZH,HIGH,yes,CHE-139.139.017,Westhive AG,SA,Hardturmstrasse 161,8005,Zürich,ZH,"Hardturmstrasse 161, 8005 Zürich",1.00,yes,yes,westhive,2
Westhive Zürich Hardturm,Zürich,ZH,MEDIUM,,CHE-139.139.017,Westhive AG,SA,Hardturmstrasse 161,8005,Zürich,ZH,"Hardturmstrasse 161, 8005 Zürich",0.67,yes,yes,westhive,2
WETAG | Luxury Real Estate,Lugano,TI,MEDIUM,,CHE-114.349.260,Luxury Real Estate SA,SA,Corso Elvezia 4,6900,Lugano,TI,"Corso Elvezia 4, 6900 Lugano",0.67,yes,yes,luxury,60
Wideröe Immobilien AG,Baden,AG,HIGH,,CHE-115.801.481,Wideröe Immobilien AG,SA,Dammstrasse 7,5400,Baden,AG,"Dammstrasse 7, 5400 Baden",1.00,yes,yes,wideröe,1
Widmer Partner Treuhand und Immobilien AG,Bülach,ZH,HIGH,yes,CHE-101.169.079,Widmer AG,SA,Seetalstrasse 42,5503,Schafisheim,AG,"Seetalstrasse 42, 5503 Schafisheim",1.00,,,widmer,60
Widmer Treuhand und Steuerberatung,Bülach,ZH,HIGH,,CHE-107.517.919,Widmer Treuhand und Steuerberatung,0101,Kasernenstrasse 24,8180,Bülach,ZH,"Kasernenstrasse 24, 8180 Bülach",1.00,yes,yes,steuerberatung,60
Wilson Immobilier SA,Gland,VD,HIGH,yes,CHE-113.591.634,WILSON IMMOBILIER SA,SA,Route de l'Hôpital 14 A,1180,Rolle,VD,"Route de l'Hôpital 14 A, 1180 Rolle",1.00,yes,,wilson,41
WimmoG AG,Schwerzenbach ZH,ZH,HIGH,,CHE-113.028.132,WimmoG AG,SA,Wiesenstrasse 5,8603,Schwerzenbach,ZH,"Wiesenstrasse 5, 8603 Schwerzenbach",1.00,yes,yes,wimmog,1
Wincasa AG,Winterthur,ZH,HIGH,,CHE-106.840.111,Wincasa AG,SA,Theaterstrasse 17,8400,Winterthur,ZH,"Theaterstrasse 17, 8400 Winterthur",1.00,yes,yes,wincasa,1
Wincasa AG — Baden,Baden,AG,HIGH,,CHE-106.840.111,Wincasa AG,SA,Theaterstrasse 17,8400,Winterthur,ZH,"Theaterstrasse 17, 8400 Winterthur",1.00,,,wincasa,1
Wincasa AG — Basel,Basel,BS,HIGH,,CHE-106.840.111,Wincasa AG,SA,Theaterstrasse 17,8400,Winterthur,ZH,"Theaterstrasse 17, 8400 Winterthur",1.00,,,wincasa,1
Wincasa AG — Basel Wohnen 1,Basel,BS,LOW,,CHE-106.840.111,Wincasa AG,SA,Theaterstrasse 17,8400,Winterthur,ZH,"Theaterstrasse 17, 8400 Winterthur",0.50,,,wincasa,1
Wincasa AG — Bern Bewi,Bern,BE,MEDIUM,,CHE-106.840.111,Wincasa AG,SA,Theaterstrasse 17,8400,Winterthur,ZH,"Theaterstrasse 17, 8400 Winterthur",0.67,,,wincasa,1
Wincasa AG — Chur,Chur,GR,HIGH,,CHE-106.840.111,Wincasa AG,SA,Theaterstrasse 17,8400,Winterthur,ZH,"Theaterstrasse 17, 8400 Winterthur",1.00,,,wincasa,1
Wincasa AG — Kriens (Pilatusmarkt),Kriens,LU,NONE,,,,,,,,,,,,,pilatusmarkt,0
Wincasa AG — Lugano,Lugano,TI,HIGH,,CHE-106.840.111,Wincasa AG,SA,Theaterstrasse 17,8400,Winterthur,ZH,"Theaterstrasse 17, 8400 Winterthur",1.00,,,wincasa,1
Wincasa AG — Luzern,Luzern,LU,HIGH,,CHE-106.840.111,Wincasa AG,SA,Theaterstrasse 17,8400,Winterthur,ZH,"Theaterstrasse 17, 8400 Winterthur",1.00,,,wincasa,1
Wincasa AG — Olten,Olten,SO,MEDIUM,,CHE-106.840.111,Wincasa AG,SA,Theaterstrasse 17,8400,Winterthur,ZH,"Theaterstrasse 17, 8400 Winterthur",0.67,,,wincasa,1
Wincasa AG — Opfikon,Glattpark (Opfikon),ZH,MEDIUM,,CHE-106.840.111,Wincasa AG,SA,Theaterstrasse 17,8400,Winterthur,ZH,"Theaterstrasse 17, 8400 Winterthur",0.67,yes,,wincasa,1
Wincasa AG — St. Gallen,St. Gallen,SG,LOW,,CHE-106.840.111,Wincasa AG,SA,Theaterstrasse 17,8400,Winterthur,ZH,"Theaterstrasse 17, 8400 Winterthur",0.50,,,wincasa,1
Wincasa AG — Uster,Uster,ZH,MEDIUM,,CHE-106.840.111,Wincasa AG,SA,Theaterstrasse 17,8400,Winterthur,ZH,"Theaterstrasse 17, 8400 Winterthur",0.67,yes,,wincasa,1
Wincasa AG — Wallisellen,Wallisellen,ZH,MEDIUM,,CHE-106.840.111,Wincasa AG,SA,Theaterstrasse 17,8400,Winterthur,ZH,"Theaterstrasse 17, 8400 Winterthur",0.67,yes,,wincasa,1
Wincasa AG — Winterthur,Winterthur,ZH,HIGH,,CHE-106.840.111,Wincasa AG,SA,Theaterstrasse 17,8400,Winterthur,ZH,"Theaterstrasse 17, 8400 Winterthur",1.00,yes,yes,wincasa,1
Wincasa AG — Zug,Zug,ZG,HIGH,,CHE-106.840.111,Wincasa AG,SA,Theaterstrasse 17,8400,Winterthur,ZH,"Theaterstrasse 17, 8400 Winterthur",1.00,,,wincasa,1
Wincasa AG — Zürich Bewi,Zürich,ZH,MEDIUM,,CHE-106.840.111,Wincasa AG,SA,Theaterstrasse 17,8400,Winterthur,ZH,"Theaterstrasse 17, 8400 Winterthur",0.67,yes,,wincasa,1
Wincasa SA,Genève 4,GE,HIGH,,CHE-106.840.111,Wincasa AG,SA,Theaterstrasse 17,8400,Winterthur,ZH,"Theaterstrasse 17, 8400 Winterthur",1.00,,,wincasa,1
Wincasa SA — Genève,Genève,GE,HIGH,,CHE-106.840.111,Wincasa AG,SA,Theaterstrasse 17,8400,Winterthur,ZH,"Theaterstrasse 17, 8400 Winterthur",1.00,,,wincasa,1
Wincasa SA — Lausanne,Lausanne,VD,HIGH,,CHE-106.840.111,Wincasa AG,SA,Theaterstrasse 17,8400,Winterthur,ZH,"Theaterstrasse 17, 8400 Winterthur",1.00,,,wincasa,1
Wincasa SA — Neuchâtel,Neuchâtel,NE,HIGH,,CHE-106.840.111,Wincasa AG,SA,Theaterstrasse 17,8400,Winterthur,ZH,"Theaterstrasse 17, 8400 Winterthur",1.00,,,wincasa,1
Wincasa SA — Villars-sur-Glâne,Villars-sur-Glâne,FR,LOW,,CHE-106.840.111,Wincasa AG,SA,Theaterstrasse 17,8400,Winterthur,ZH,"Theaterstrasse 17, 8400 Winterthur",0.40,,,wincasa,1
Winteam Immobilier Sàrl,Granges-Paccot,FR,HIGH,,CHE-112.753.578,Winteam Immobilier Sàrl,Sàrl,Chamblioux-Parc 24,1763,Granges-Paccot,FR,"Chamblioux-Parc 24, 1763 Granges-Paccot",1.00,yes,yes,winteam,3
Winterthur,Winterthur,ZH,NONE,,,,,,,,,,,,,,0
Wintimmo Treuhand und Verwaltungs AG,Winterthur,ZH,LOW,,CHE-100.826.006,Aegis Verwaltungs AG Winterthur,SA,Loorstrasse 5,8400,Winterthur,ZH,"Loorstrasse 5, 8400 Winterthur",0.50,yes,yes,verwaltungs,60
Wirnsperger Generalunternehmung AG,Fehraltorf,ZH,HIGH,yes,CHE-113.892.490,Wirnsperger Generalunternehmung AG,SA,Kempttalstrasse 38,8320,Fehraltorf,ZH,"Kempttalstrasse 38, 8320 Fehraltorf",1.00,yes,yes,wirnsperger,5
Wirnsperger Hotelbetriebe AG,Fehraltorf,ZH,LOW,,CHE-214.128.274,Hotelbetriebe Davos GmbH,Sàrl,Promenade 103,7270,Davos Platz,GR,"Promenade 103, 7270 Davos Platz",0.50,,,hotelbetriebe,2
Wirz Tanner Immobilien AG,Bern,BE,MEDIUM,,CHE-107.068.264,Tanner Immobilien AG,SA,Ebni 15,9053,Teufen AR,AR,"Ebni 15, 9053 Teufen AR",0.67,,,tanner,60
wiv - Wyss Immobilien Verwaltung GmbH,,,MEDIUM,,CHE-100.168.628,Wyss Holding AG,SA,"c/o Hansrudolf Wyss
Museumstrasse 23",5200,Brugg AG,AG,"c/o Hansrudolf Wyss
Museumstrasse 23, 5200 Brugg AG",0.67,,,wyss,60
WM Baumanagement und Immobilien AG,,,MEDIUM,,CHE-103.967.092,bau-AG-baumanagement,SA,Wolfenmatt 26,9606,Bütschwil,SG,"Wolfenmatt 26, 9606 Bütschwil",0.67,,,baumanagement,60
WMP Immobilien AG,Thalwil,ZH,HIGH,yes,CHE-180.380.247,WMP-Immobilien AG,SA,Schützenstrasse 5,8800,Thalwil,ZH,"Schützenstrasse 5, 8800 Thalwil",1.00,yes,yes,wmp,7
wohnbaugenossenschaften schweiz regionalverband zürich,,,HIGH,,CHE-108.577.605,wohnbaugenossenschaften schweiz regionalverband zürich,assoc,Hofackerstrasse 32,8032,Zürich,ZH,"Hofackerstrasse 32, 8032 Zürich",1.00,,,wohnbaugenossenschaften,6
Wohngut GmbH,Glattpark,ZH,HIGH,,CHE-428.194.367,Wohngut GmbH,Sàrl,Thurgauerstrasse 117,8152,Glattpark (Opfikon),ZH,"Thurgauerstrasse 117, 8152 Glattpark (Opfikon)",1.00,yes,yes,wohngut,2
Wohnplus AG,Zürich,ZH,HIGH,,CHE-110.192.083,Wohnplus AG,SA,Birmensdorferstrasse 140,8003,Zürich,ZH,"Birmensdorferstrasse 140, 8003 Zürich",1.00,yes,yes,wohnplus,1
Wohnstadt Bau- und Verwaltungsgenossenschaft,Basel,BS,HIGH,yes,CHE-107.956.911,Wohnstadt Bau- und Verwaltungsgenossenschaft,coop,Viaduktstr. 12,4051,Basel,BS,"Viaduktstr. 12, 4051 Basel",1.00,yes,yes,verwaltungsgenossenschaft,10
Wonneberg AG,Winterthur,ZH,HIGH,,CHE-424.600.285,Wonneberg AG,SA,Genferstrasse 34,8002,Zürich,ZH,"Genferstrasse 34, 8002 Zürich",1.00,yes,,wonneberg,2
Work-in AG,St. Gallen,SG,LOW,,CHE-106.052.964,Woma Work Management AG,SA,Untere Bahnhofstrasse 11,8640,Rapperswil SG,SG,"Untere Bahnhofstrasse 11, 8640 Rapperswil SG",0.40,yes,,work,60
WOW Living AG,Luzern,LU,MEDIUM,,CHE-102.123.648,Living AG,SA,"c/o Senn Treuhand AG
Im Bungert 13",5430,Wettingen,AG,"c/o Senn Treuhand AG
Im Bungert 13, 5430 Wettingen",0.67,,,living,60
WSP Immobilien AG,Wiesendangen,TG,HIGH,yes,CHE-112.210.616,WSP Consulting GmbH,Sàrl,Zürcherstrasse 189b,9014,St. Gallen,SG,"Zürcherstrasse 189b, 9014 St. Gallen",1.00,,,wsp,56
Wuhrmann Immobilien — Dana Rüttimann,Männedorf,ZH,LOW,,CHE-112.245.690,Rüttimann Bau AG,SA,Mittelstrasse 1a,8134,Adliswil,ZH,"Mittelstrasse 1a, 8134 Adliswil",0.50,yes,,rüttimann,60
Wuhrmann Immobilien & Verwaltungs GmbH,Männedorf,ZH,LOW,,CHE-102.548.545,Damar Immobilien und Verwaltungs AG,SA,Seestrasse 338,8708,Männedorf,ZH,"Seestrasse 338, 8708 Männedorf",0.50,yes,yes,verwaltungs,60
Wuhrmann Immobilien und Verwaltungs GmbH,,,LOW,,CHE-102.528.494,ABT-Verwaltungs AG,SA,Seehaldenstrasse 2,9400,Rorschach,SG,"Seehaldenstrasse 2, 9400 Rorschach",0.50,,,verwaltungs,60
Wyss & Partner Studio Immobiliare e Consulenze Sagl,Minusio,TI,MEDIUM,,CHE-107.884.602,SC Studio Consulenze SA,SA,corso San Gottardo 89,6830,Chiasso,TI,"corso San Gottardo 89, 6830 Chiasso",0.67,yes,,consulenze,60
Xama Immo Services SA,Givisiez,FR,HIGH,,CHE-110.554.105,XAMA Immo-Services SA,SA,Impasse des Lilas 1,1762,Givisiez,FR,"Impasse des Lilas 1, 1762 Givisiez",1.00,yes,yes,xama,12
XYZ Immobilier Sàrl,Martigny,VS,HIGH,yes,CHE-436.771.456,XYZ Immobilier Sàrl,Sàrl,Rue des Morasses 15,1920,Martigny,VS,"Rue des Morasses 15, 1920 Martigny",1.00,yes,yes,xyz,18
YMMO AG,Brislach,BL,HIGH,,CHE-113.902.266,YMMO AG,SA,Zwingenstrasse 67,4225,Brislach,BL,"Zwingenstrasse 67, 4225 Brislach",1.00,yes,yes,ymmo,32
Yuna Real Estate AG,Zürich,ZH,HIGH,yes,CHE-462.491.353,Yuna Real Estate AG,SA,Weststrasse 145,8003,Zürich,ZH,"Weststrasse 145, 8003 Zürich",1.00,yes,yes,yuna,7
Zanella Partner Immobilien AG,Zollikon,ZH,HIGH,yes,CHE-113.372.405,Zanella Partner Immobilien AG,SA,Seestrasse 25,8702,Zollikon,ZH,"Seestrasse 25, 8702 Zollikon",1.00,yes,yes,zanella,16
Zanella Partner Immobilien AG — Roman Meyer,Zollikon,ZH,LOW,,CHE-113.372.405,Zanella Partner Immobilien AG,SA,Seestrasse 25,8702,Zollikon,ZH,"Seestrasse 25, 8702 Zollikon",0.50,yes,yes,zanella,16
Zanella Partner Immobilien AG — Zanella Partner Immobilien AG,Zollikon,ZH,HIGH,yes,CHE-113.372.405,Zanella Partner Immobilien AG,SA,Seestrasse 25,8702,Zollikon,ZH,"Seestrasse 25, 8702 Zollikon",1.00,yes,yes,zanella,16
Zanexa Immobilien Management,,,LOW,,CHE-103.635.230,Aldiana Management und Consulting AG,SA,Korporationsweg 9b,8832,Wilen b. Wollerau,SZ,"Korporationsweg 9b, 8832 Wilen b. Wollerau",0.50,,,management,60
Zeitraum Immobilien AG,Wangen b. Dübendorf,ZH,HIGH,,CHE-102.155.252,ZEITRAUM Immobilien AG,SA,Hegnaustrasse 60,8602,Wangen b. Dübendorf,ZH,"Hegnaustrasse 60, 8602 Wangen b. Dübendorf",1.00,yes,yes,zeitraum,9
ZENI Immobilien GmbH,Zürich,ZH,MEDIUM,,CHE-174.880.441,Bau AC Zeni GmbH,Sàrl,Glärnischstrasse 6,9500,Wil SG,SG,"Glärnischstrasse 6, 9500 Wil SG",0.67,,,zeni,60
Zenit Real Estate Sagl,Lugano,TI,HIGH,yes,CHE-466.568.902,Zenit Real Estate Sagl,Sàrl,Via Serafino Balestra 12,6900,Lugano,TI,"Via Serafino Balestra 12, 6900 Lugano",1.00,yes,yes,zenit,60
Zeyt GmbH,Kreuzlingen,SH,HIGH,,CHE-327.818.242,Zeyt GmbH,Sàrl,Hauptstrasse 14,8280,Kreuzlingen,TG,"Hauptstrasse 14, 8280 Kreuzlingen",1.00,,yes,zeyt,5
ZIMA Projektentwicklung AG,St. Gallen,SG,HIGH,,CHE-114.023.120,ZIMA Projektentwicklung AG,SA,Scheffelstrasse 1,9000,St. Gallen,SG,"Scheffelstrasse 1, 9000 St. Gallen",1.00,yes,yes,projektentwicklung,60
Zimmermann Immobilier SA,Lausanne,VD,HIGH,yes,CHE-106.019.010,Zimmermann AG,SA,Hoferbad 12,9050,Appenzell,AI,"Hoferbad 12, 9050 Appenzell",1.00,,,zimmermann,60
Zivag Gérances SA,Lausanne,VD,HIGH,yes,CHE-345.718.041,Zivag Verwaltungen AG,succursale,Place de la Riponne 4,1005,Lausanne,VD,"Place de la Riponne 4, 1005 Lausanne",1.00,yes,yes,zivag,3
Zivag Verwaltungen AG,Bern 16,BE,HIGH,yes,CHE-108.751.961,Zivag Verwaltungen AG,SA,Weltpoststrasse 20,3015,Bern,BE,"Weltpoststrasse 20, 3015 Bern",1.00,yes,yes,zivag,3
Zobrist + Räbsamen AG,Zürich,ZH,HIGH,,CHE-101.410.861,Zobrist + Räbsamen AG,SA,Kernstrasse 12,8004,Zürich,ZH,"Kernstrasse 12, 8004 Zürich",1.00,yes,yes,räbsamen,10
Zollinger Immobilien,Gümligen,BE,HIGH,yes,CHE-112.723.583,Zollinger Immobilien AG,SA,Worbstrasse 237,3073,Gümligen,BE,"Worbstrasse 237, 3073 Gümligen",1.00,yes,yes,zollinger,60
Zollinger Immobilien AG,Muri bei Bern / Gümligen,BE,HIGH,yes,CHE-112.723.583,Zollinger Immobilien AG,SA,Worbstrasse 237,3073,Gümligen,BE,"Worbstrasse 237, 3073 Gümligen",1.00,yes,yes,zollinger,60
Zollinger Immobilien Vermarktungen AG,Gümligen,BE,HIGH,,CHE-479.414.757,Zollinger Immobilien Vermarktungen AG,SA,Worbstrasse 237,3073,Gümligen,BE,"Worbstrasse 237, 3073 Gümligen",1.00,yes,yes,vermarktungen,1
Zollinger Immobilien Vermarktungen AG / STOWE,Gümligen,BE,MEDIUM,,CHE-479.414.757,Zollinger Immobilien Vermarktungen AG,SA,Worbstrasse 237,3073,Gümligen,BE,"Worbstrasse 237, 3073 Gümligen",0.80,yes,yes,vermarktungen,1
Zuchwil (Riverside),Zuchwil,SO,MEDIUM,,CHE-103.428.292,Riverside Immobilien AG,SA,Rebbergstrasse 72,8102,Oberengstringen,ZH,"Rebbergstrasse 72, 8102 Oberengstringen",0.67,,,riverside,29
Zug,Zug,ZG,NONE,,,,,,,,,,,,,,0
Zürich (Masch.),Zürich,ZH,NONE,,CHE-105.957.615,ARMAG Büromaschinen AG,SA,Löwenstrasse 19,8001,Zürich,ZH,"Löwenstrasse 19, 8001 Zürich",0.00,yes,yes,masch,60
Zürich (Sihlcity),Zürich,ZH,MEDIUM,,CHE-113.326.523,Interessengemeinschaft Sihlcity,assoc,Büttenweg 16,8045,Zürich,ZH,"Büttenweg 16, 8045 Zürich",0.67,yes,yes,sihlcity,7
Zürich Central,Zürich,ZH,HIGH,,CHE-100.767.409,Central Immobilien AG,SA,Promenade 85,7270,Davos Platz,GR,"Promenade 85, 7270 Davos Platz",1.00,,,central,60